文件名,批次,新闻分类,条数,GitHub浏览链接,Raw原始链接
aAhGT_ZdUGOE.md,主域名3000份,科技数码,300,https://github.com/51chiguawang319/202609/blob/main/20260927/aAhGT_ZdUGOE.md,https://raw.githubusercontent.com/51chiguawang319/202609/main/20260927/aAhGT_ZdUGOE.md
aAJJI_zndEEM.md,主域名3000份,健康医疗,300,https://github.com/51chiguawang319/202609/blob/main/20260927/aAJJI_zndEEM.md,https://raw.githubusercontent.com/51chiguawang319/202609/main/20260927/aAJJI_zndEEM.md
AaOZR_LbHETg.md,主域名3000份,健康医疗,300,https://github.com/51chiguawang319/202609/blob/main/20260927/AaOZR_LbHETg.md,https://raw.githubusercontent.com/51chiguawang319/202609/main/20260927/AaOZR_LbHETg.md
Aasjq_vslZBL.md,泛二级1000份,体育赛事,300,https://github.com/51chiguawang319/202609/blob/main/20260927/Aasjq_vslZBL.md,https://raw.githubusercontent.com/51chiguawang319/202609/main/20260927/Aasjq_vslZBL.md
aAxit_nHzDnu.md,主域名3000份,文化娱乐,300,https://github.com/51chiguawang319/202609/blob/main/20260927/aAxit_nHzDnu.md,https://raw.githubusercontent.com/51chiguawang319/202609/main/20260927/aAxit_nHzDnu.md
AAZpS_saamFj.md,主域名3000份,健康医疗,300,https://github.com/51chiguawang319/202609/blob/main/20260927/AAZpS_saamFj.md,https://raw.githubusercontent.com/51chiguawang319/202609/main/20260927/AAZpS_saamFj.md
AbbEu_pfxHge.md,主域名3000份,财经商业,300,https://github.com/51chiguawang319/202609/blob/main/20260927/AbbEu_pfxHge.md,https://raw.githubusercontent.com/51chiguawang319/202609/main/20260927/AbbEu_pfxHge.md
AbHVJ_KbheBR.md,主域名3000份,健康医疗,300,https://github.com/51chiguawang319/202609/blob/main/20260927/AbHVJ_KbheBR.md,https://raw.githubusercontent.com/51chiguawang319/202609/main/20260927/AbHVJ_KbheBR.md
abnqS_sFmBJX.md,主域名3000份,科技数码,300,https://github.com/51chiguawang319/202609/blob/main/20260927/abnqS_sFmBJX.md,https://raw.githubusercontent.com/51chiguawang319/202609/main/20260927/abnqS_sFmBJX.md
Abtkg_UDJOan.md,主域名3000份,文化娱乐,300,https://github.com/51chiguawang319/202609/blob/main/20260927/Abtkg_UDJOan.md,https://raw.githubusercontent.com/51chiguawang319/202609/main/20260927/Abtkg_UDJOan.md
ABuWu_dJgCaO.md,主域名3000份,体育赛事,300,https://github.com/51chiguawang319/202609/blob/main/20260927/ABuWu_dJgCaO.md,https://raw.githubusercontent.com/51chiguawang319/202609/main/20260927/ABuWu_dJgCaO.md
AbyfK_FMdntx.md,泛二级1000份,健康医疗,300,https://github.com/51chiguawang319/202609/blob/main/20260927/AbyfK_FMdntx.md,https://raw.githubusercontent.com/51chiguawang319/202609/main/20260927/AbyfK_FMdntx.md
acGwi_mAvuJZ.md,主域名3000份,财经商业,300,https://github.com/51chiguawang319/202609/blob/main/20260927/acGwi_mAvuJZ.md,https://raw.githubusercontent.com/51chiguawang319/202609/main/20260927/acGwi_mAvuJZ.md
aCLOY_JZXeVE.md,泛二级1000份,体育赛事,300,https://github.com/51chiguawang319/202609/blob/main/20260927/aCLOY_JZXeVE.md,https://raw.githubusercontent.com/51chiguawang319/202609/main/20260927/aCLOY_JZXeVE.md
aCQTJ_kGSmew.md,主域名3000份,科技数码,300,https://github.com/51chiguawang319/202609/blob/main/20260927/aCQTJ_kGSmew.md,https://raw.githubusercontent.com/51chiguawang319/202609/main/20260927/aCQTJ_kGSmew.md
aCVxX_kdFaMB.md,主域名3000份,体育赛事,300,https://github.com/51chiguawang319/202609/blob/main/20260927/aCVxX_kdFaMB.md,https://raw.githubusercontent.com/51chiguawang319/202609/main/20260927/aCVxX_kdFaMB.md
ACwPb_OCOsgG.md,主域名3000份,天气环境,300,https://github.com/51chiguawang319/202609/blob/main/20260927/ACwPb_OCOsgG.md,https://raw.githubusercontent.com/51chiguawang319/202609/main/20260927/ACwPb_OCOsgG.md
AdBVb_bTKDrS.md,主域名3000份,健康医疗,300,https://github.com/51chiguawang319/202609/blob/main/20260927/AdBVb_bTKDrS.md,https://raw.githubusercontent.com/51chiguawang319/202609/main/20260927/AdBVb_bTKDrS.md
AdcMT_hFhUgf.md,主域名3000份,健康医疗,300,https://github.com/51chiguawang319/202609/blob/main/20260927/AdcMT_hFhUgf.md,https://raw.githubusercontent.com/51chiguawang319/202609/main/20260927/AdcMT_hFhUgf.md
ADFgD_mEjmFM.md,主域名3000份,天气环境,300,https://github.com/51chiguawang319/202609/blob/main/20260927/ADFgD_mEjmFM.md,https://raw.githubusercontent.com/51chiguawang319/202609/main/20260927/ADFgD_mEjmFM.md
AdhVJ_ASJmFu.md,主域名3000份,财经商业,300,https://github.com/51chiguawang319/202609/blob/main/20260927/AdhVJ_ASJmFu.md,https://raw.githubusercontent.com/51chiguawang319/202609/main/20260927/AdhVJ_ASJmFu.md
aDKNp_tzLBUe.md,主域名3000份,科技数码,300,https://github.com/51chiguawang319/202609/blob/main/20260927/aDKNp_tzLBUe.md,https://raw.githubusercontent.com/51chiguawang319/202609/main/20260927/aDKNp_tzLBUe.md
AdOcK_SCuaYU.md,主域名3000份,文化娱乐,300,https://github.com/51chiguawang319/202609/blob/main/20260927/AdOcK_SCuaYU.md,https://raw.githubusercontent.com/51chiguawang319/202609/main/20260927/AdOcK_SCuaYU.md
ADoSJ_rOgGGH.md,泛二级1000份,文化娱乐,300,https://github.com/51chiguawang319/202609/blob/main/20260927/ADoSJ_rOgGGH.md,https://raw.githubusercontent.com/51chiguawang319/202609/main/20260927/ADoSJ_rOgGGH.md
adPtE_kUtINW.md,泛二级1000份,科技数码,300,https://github.com/51chiguawang319/202609/blob/main/20260927/adPtE_kUtINW.md,https://raw.githubusercontent.com/51chiguawang319/202609/main/20260927/adPtE_kUtINW.md
Adqcj_QSiHmv.md,主域名3000份,财经商业,300,https://github.com/51chiguawang319/202609/blob/main/20260927/Adqcj_QSiHmv.md,https://raw.githubusercontent.com/51chiguawang319/202609/main/20260927/Adqcj_QSiHmv.md
aDWBT_JJTtOR.md,主域名3000份,科技数码,300,https://github.com/51chiguawang319/202609/blob/main/20260927/aDWBT_JJTtOR.md,https://raw.githubusercontent.com/51chiguawang319/202609/main/20260927/aDWBT_JJTtOR.md
AdWyu_WLllxt.md,主域名3000份,科技数码,300,https://github.com/51chiguawang319/202609/blob/main/20260927/AdWyu_WLllxt.md,https://raw.githubusercontent.com/51chiguawang319/202609/main/20260927/AdWyu_WLllxt.md
AEhSV_WOORMh.md,主域名3000份,体育赛事,300,https://github.com/51chiguawang319/202609/blob/main/20260927/AEhSV_WOORMh.md,https://raw.githubusercontent.com/51chiguawang319/202609/main/20260927/AEhSV_WOORMh.md
AeHZS_TrHGfV.md,泛二级1000份,文化娱乐,300,https://github.com/51chiguawang319/202609/blob/main/20260927/AeHZS_TrHGfV.md,https://raw.githubusercontent.com/51chiguawang319/202609/main/20260927/AeHZS_TrHGfV.md
aEmge_ieHqtl.md,主域名3000份,天气环境,300,https://github.com/51chiguawang319/202609/blob/main/20260927/aEmge_ieHqtl.md,https://raw.githubusercontent.com/51chiguawang319/202609/main/20260927/aEmge_ieHqtl.md
aENKS_PsYyLZ.md,泛二级1000份,财经商业,300,https://github.com/51chiguawang319/202609/blob/main/20260927/aENKS_PsYyLZ.md,https://raw.githubusercontent.com/51chiguawang319/202609/main/20260927/aENKS_PsYyLZ.md
AESEd_yNUeap.md,主域名3000份,体育赛事,300,https://github.com/51chiguawang319/202609/blob/main/20260927/AESEd_yNUeap.md,https://raw.githubusercontent.com/51chiguawang319/202609/main/20260927/AESEd_yNUeap.md
aEsqB_QlHSOf.md,主域名3000份,科技数码,300,https://github.com/51chiguawang319/202609/blob/main/20260927/aEsqB_QlHSOf.md,https://raw.githubusercontent.com/51chiguawang319/202609/main/20260927/aEsqB_QlHSOf.md
afDwt_mvRmRL.md,主域名3000份,财经商业,300,https://github.com/51chiguawang319/202609/blob/main/20260927/afDwt_mvRmRL.md,https://raw.githubusercontent.com/51chiguawang319/202609/main/20260927/afDwt_mvRmRL.md
afKgN_hwUUdE.md,主域名3000份,文化娱乐,300,https://github.com/51chiguawang319/202609/blob/main/20260927/afKgN_hwUUdE.md,https://raw.githubusercontent.com/51chiguawang319/202609/main/20260927/afKgN_hwUUdE.md
AFKyv_lqtSzT.md,主域名3000份,天气环境,300,https://github.com/51chiguawang319/202609/blob/main/20260927/AFKyv_lqtSzT.md,https://raw.githubusercontent.com/51chiguawang319/202609/main/20260927/AFKyv_lqtSzT.md
AFMno_RbQvzN.md,主域名3000份,文化娱乐,300,https://github.com/51chiguawang319/202609/blob/main/20260927/AFMno_RbQvzN.md,https://raw.githubusercontent.com/51chiguawang319/202609/main/20260927/AFMno_RbQvzN.md
afOYV_JfbrDa.md,泛二级1000份,天气环境,300,https://github.com/51chiguawang319/202609/blob/main/20260927/afOYV_JfbrDa.md,https://raw.githubusercontent.com/51chiguawang319/202609/main/20260927/afOYV_JfbrDa.md
afQEC_Gufsas.md,主域名3000份,天气环境,300,https://github.com/51chiguawang319/202609/blob/main/20260927/afQEC_Gufsas.md,https://raw.githubusercontent.com/51chiguawang319/202609/main/20260927/afQEC_Gufsas.md
AFUdm_uKpXkW.md,主域名3000份,体育赛事,300,https://github.com/51chiguawang319/202609/blob/main/20260927/AFUdm_uKpXkW.md,https://raw.githubusercontent.com/51chiguawang319/202609/main/20260927/AFUdm_uKpXkW.md
AfXgB_ShzLgL.md,主域名3000份,体育赛事,300,https://github.com/51chiguawang319/202609/blob/main/20260927/AfXgB_ShzLgL.md,https://raw.githubusercontent.com/51chiguawang319/202609/main/20260927/AfXgB_ShzLgL.md
aFYXe_mGVcoN.md,主域名3000份,文化娱乐,300,https://github.com/51chiguawang319/202609/blob/main/20260927/aFYXe_mGVcoN.md,https://raw.githubusercontent.com/51chiguawang319/202609/main/20260927/aFYXe_mGVcoN.md
AFzaP_xyhNQV.md,主域名3000份,科技数码,300,https://github.com/51chiguawang319/202609/blob/main/20260927/AFzaP_xyhNQV.md,https://raw.githubusercontent.com/51chiguawang319/202609/main/20260927/AFzaP_xyhNQV.md
AgaqH_vZoSvR.md,主域名3000份,体育赛事,300,https://github.com/51chiguawang319/202609/blob/main/20260927/AgaqH_vZoSvR.md,https://raw.githubusercontent.com/51chiguawang319/202609/main/20260927/AgaqH_vZoSvR.md
aGBdy_xOEWtk.md,主域名3000份,科技数码,300,https://github.com/51chiguawang319/202609/blob/main/20260927/aGBdy_xOEWtk.md,https://raw.githubusercontent.com/51chiguawang319/202609/main/20260927/aGBdy_xOEWtk.md
AGboL_oaTxuw.md,主域名3000份,天气环境,300,https://github.com/51chiguawang319/202609/blob/main/20260927/AGboL_oaTxuw.md,https://raw.githubusercontent.com/51chiguawang319/202609/main/20260927/AGboL_oaTxuw.md
aggxG_zpRfkY.md,泛二级1000份,文化娱乐,300,https://github.com/51chiguawang319/202609/blob/main/20260927/aggxG_zpRfkY.md,https://raw.githubusercontent.com/51chiguawang319/202609/main/20260927/aggxG_zpRfkY.md
aGTWw_LwQzRy.md,主域名3000份,文化娱乐,300,https://github.com/51chiguawang319/202609/blob/main/20260927/aGTWw_LwQzRy.md,https://raw.githubusercontent.com/51chiguawang319/202609/main/20260927/aGTWw_LwQzRy.md
aheGR_OrXgxv.md,泛二级1000份,天气环境,300,https://github.com/51chiguawang319/202609/blob/main/20260927/aheGR_OrXgxv.md,https://raw.githubusercontent.com/51chiguawang319/202609/main/20260927/aheGR_OrXgxv.md
AhIHK_hlYISJ.md,主域名3000份,天气环境,300,https://github.com/51chiguawang319/202609/blob/main/20260927/AhIHK_hlYISJ.md,https://raw.githubusercontent.com/51chiguawang319/202609/main/20260927/AhIHK_hlYISJ.md
AhjNk_nOJxpj.md,泛二级1000份,体育赛事,300,https://github.com/51chiguawang319/202609/blob/main/20260927/AhjNk_nOJxpj.md,https://raw.githubusercontent.com/51chiguawang319/202609/main/20260927/AhjNk_nOJxpj.md
AhNIf_BhhunT.md,泛二级1000份,科技数码,300,https://github.com/51chiguawang319/202609/blob/main/20260927/AhNIf_BhhunT.md,https://raw.githubusercontent.com/51chiguawang319/202609/main/20260927/AhNIf_BhhunT.md
AhRjb_VWnwyX.md,主域名3000份,健康医疗,300,https://github.com/51chiguawang319/202609/blob/main/20260927/AhRjb_VWnwyX.md,https://raw.githubusercontent.com/51chiguawang319/202609/main/20260927/AhRjb_VWnwyX.md
AhTnC_zpWiWg.md,主域名3000份,财经商业,300,https://github.com/51chiguawang319/202609/blob/main/20260927/AhTnC_zpWiWg.md,https://raw.githubusercontent.com/51chiguawang319/202609/main/20260927/AhTnC_zpWiWg.md
aiBiq_FtfXpa.md,泛二级1000份,财经商业,300,https://github.com/51chiguawang319/202609/blob/main/20260927/aiBiq_FtfXpa.md,https://raw.githubusercontent.com/51chiguawang319/202609/main/20260927/aiBiq_FtfXpa.md
aIeCX_fjnJzT.md,泛二级1000份,财经商业,300,https://github.com/51chiguawang319/202609/blob/main/20260927/aIeCX_fjnJzT.md,https://raw.githubusercontent.com/51chiguawang319/202609/main/20260927/aIeCX_fjnJzT.md
aiGeu_toCCAf.md,主域名3000份,健康医疗,300,https://github.com/51chiguawang319/202609/blob/main/20260927/aiGeu_toCCAf.md,https://raw.githubusercontent.com/51chiguawang319/202609/main/20260927/aiGeu_toCCAf.md
aIKHh_JNrwMc.md,泛二级1000份,财经商业,300,https://github.com/51chiguawang319/202609/blob/main/20260927/aIKHh_JNrwMc.md,https://raw.githubusercontent.com/51chiguawang319/202609/main/20260927/aIKHh_JNrwMc.md
AIlmt_SdCqHP.md,主域名3000份,科技数码,300,https://github.com/51chiguawang319/202609/blob/main/20260927/AIlmt_SdCqHP.md,https://raw.githubusercontent.com/51chiguawang319/202609/main/20260927/AIlmt_SdCqHP.md
AITgX_oEsuIl.md,主域名3000份,健康医疗,300,https://github.com/51chiguawang319/202609/blob/main/20260927/AITgX_oEsuIl.md,https://raw.githubusercontent.com/51chiguawang319/202609/main/20260927/AITgX_oEsuIl.md
aIzSm_DXSxsX.md,主域名3000份,天气环境,300,https://github.com/51chiguawang319/202609/blob/main/20260927/aIzSm_DXSxsX.md,https://raw.githubusercontent.com/51chiguawang319/202609/main/20260927/aIzSm_DXSxsX.md
aJBZn_oQkSad.md,泛二级1000份,健康医疗,300,https://github.com/51chiguawang319/202609/blob/main/20260927/aJBZn_oQkSad.md,https://raw.githubusercontent.com/51chiguawang319/202609/main/20260927/aJBZn_oQkSad.md
aJdsW_aZkSBE.md,主域名3000份,文化娱乐,300,https://github.com/51chiguawang319/202609/blob/main/20260927/aJdsW_aZkSBE.md,https://raw.githubusercontent.com/51chiguawang319/202609/main/20260927/aJdsW_aZkSBE.md
AjjEk_MsUHIl.md,泛二级1000份,科技数码,300,https://github.com/51chiguawang319/202609/blob/main/20260927/AjjEk_MsUHIl.md,https://raw.githubusercontent.com/51chiguawang319/202609/main/20260927/AjjEk_MsUHIl.md
AJKkN_xCZhZC.md,主域名3000份,科技数码,300,https://github.com/51chiguawang319/202609/blob/main/20260927/AJKkN_xCZhZC.md,https://raw.githubusercontent.com/51chiguawang319/202609/main/20260927/AJKkN_xCZhZC.md
AJrDH_dgMpBb.md,主域名3000份,文化娱乐,300,https://github.com/51chiguawang319/202609/blob/main/20260927/AJrDH_dgMpBb.md,https://raw.githubusercontent.com/51chiguawang319/202609/main/20260927/AJrDH_dgMpBb.md
aJRMU_CTsuxP.md,泛二级1000份,健康医疗,300,https://github.com/51chiguawang319/202609/blob/main/20260927/aJRMU_CTsuxP.md,https://raw.githubusercontent.com/51chiguawang319/202609/main/20260927/aJRMU_CTsuxP.md
ajRqI_BHbscu.md,主域名3000份,文化娱乐,300,https://github.com/51chiguawang319/202609/blob/main/20260927/ajRqI_BHbscu.md,https://raw.githubusercontent.com/51chiguawang319/202609/main/20260927/ajRqI_BHbscu.md
akFxF_XPFytK.md,主域名3000份,天气环境,300,https://github.com/51chiguawang319/202609/blob/main/20260927/akFxF_XPFytK.md,https://raw.githubusercontent.com/51chiguawang319/202609/main/20260927/akFxF_XPFytK.md
aKIcZ_czObEq.md,主域名3000份,天气环境,300,https://github.com/51chiguawang319/202609/blob/main/20260927/aKIcZ_czObEq.md,https://raw.githubusercontent.com/51chiguawang319/202609/main/20260927/aKIcZ_czObEq.md
AkjSz_OBvHer.md,泛二级1000份,天气环境,300,https://github.com/51chiguawang319/202609/blob/main/20260927/AkjSz_OBvHer.md,https://raw.githubusercontent.com/51chiguawang319/202609/main/20260927/AkjSz_OBvHer.md
akKjK_PnRZEv.md,主域名3000份,天气环境,300,https://github.com/51chiguawang319/202609/blob/main/20260927/akKjK_PnRZEv.md,https://raw.githubusercontent.com/51chiguawang319/202609/main/20260927/akKjK_PnRZEv.md
AKKSl_HFHiAm.md,泛二级1000份,科技数码,300,https://github.com/51chiguawang319/202609/blob/main/20260927/AKKSl_HFHiAm.md,https://raw.githubusercontent.com/51chiguawang319/202609/main/20260927/AKKSl_HFHiAm.md
akkxE_oMSIsc.md,泛二级1000份,科技数码,300,https://github.com/51chiguawang319/202609/blob/main/20260927/akkxE_oMSIsc.md,https://raw.githubusercontent.com/51chiguawang319/202609/main/20260927/akkxE_oMSIsc.md
aKlvT_BFckHZ.md,主域名3000份,财经商业,300,https://github.com/51chiguawang319/202609/blob/main/20260927/aKlvT_BFckHZ.md,https://raw.githubusercontent.com/51chiguawang319/202609/main/20260927/aKlvT_BFckHZ.md
akoTk_CZUaAO.md,主域名3000份,健康医疗,300,https://github.com/51chiguawang319/202609/blob/main/20260927/akoTk_CZUaAO.md,https://raw.githubusercontent.com/51chiguawang319/202609/main/20260927/akoTk_CZUaAO.md
aKOXP_IdGFpD.md,主域名3000份,体育赛事,300,https://github.com/51chiguawang319/202609/blob/main/20260927/aKOXP_IdGFpD.md,https://raw.githubusercontent.com/51chiguawang319/202609/main/20260927/aKOXP_IdGFpD.md
Akpyl_RDZFNk.md,泛二级1000份,体育赛事,300,https://github.com/51chiguawang319/202609/blob/main/20260927/Akpyl_RDZFNk.md,https://raw.githubusercontent.com/51chiguawang319/202609/main/20260927/Akpyl_RDZFNk.md
aLAPC_JQZiWb.md,主域名3000份,财经商业,300,https://github.com/51chiguawang319/202609/blob/main/20260927/aLAPC_JQZiWb.md,https://raw.githubusercontent.com/51chiguawang319/202609/main/20260927/aLAPC_JQZiWb.md
ALcww_EEodSP.md,主域名3000份,健康医疗,300,https://github.com/51chiguawang319/202609/blob/main/20260927/ALcww_EEodSP.md,https://raw.githubusercontent.com/51chiguawang319/202609/main/20260927/ALcww_EEodSP.md
Aldug_TlNDKk.md,主域名3000份,财经商业,300,https://github.com/51chiguawang319/202609/blob/main/20260927/Aldug_TlNDKk.md,https://raw.githubusercontent.com/51chiguawang319/202609/main/20260927/Aldug_TlNDKk.md
alfcJ_kaUgdd.md,主域名3000份,健康医疗,300,https://github.com/51chiguawang319/202609/blob/main/20260927/alfcJ_kaUgdd.md,https://raw.githubusercontent.com/51chiguawang319/202609/main/20260927/alfcJ_kaUgdd.md
ALGxT_uNlIvQ.md,泛二级1000份,财经商业,300,https://github.com/51chiguawang319/202609/blob/main/20260927/ALGxT_uNlIvQ.md,https://raw.githubusercontent.com/51chiguawang319/202609/main/20260927/ALGxT_uNlIvQ.md
aMBEL_YkiSJj.md,主域名3000份,文化娱乐,300,https://github.com/51chiguawang319/202609/blob/main/20260927/aMBEL_YkiSJj.md,https://raw.githubusercontent.com/51chiguawang319/202609/main/20260927/aMBEL_YkiSJj.md
aMCLI_uasRam.md,主域名3000份,体育赛事,300,https://github.com/51chiguawang319/202609/blob/main/20260927/aMCLI_uasRam.md,https://raw.githubusercontent.com/51chiguawang319/202609/main/20260927/aMCLI_uasRam.md
AMhFP_VGAvUd.md,主域名3000份,健康医疗,300,https://github.com/51chiguawang319/202609/blob/main/20260927/AMhFP_VGAvUd.md,https://raw.githubusercontent.com/51chiguawang319/202609/main/20260927/AMhFP_VGAvUd.md
aMLxy_rAynwz.md,主域名3000份,健康医疗,300,https://github.com/51chiguawang319/202609/blob/main/20260927/aMLxy_rAynwz.md,https://raw.githubusercontent.com/51chiguawang319/202609/main/20260927/aMLxy_rAynwz.md
aMNAh_ueyFqB.md,主域名3000份,健康医疗,300,https://github.com/51chiguawang319/202609/blob/main/20260927/aMNAh_ueyFqB.md,https://raw.githubusercontent.com/51chiguawang319/202609/main/20260927/aMNAh_ueyFqB.md
amUFy_XcHhij.md,主域名3000份,体育赛事,300,https://github.com/51chiguawang319/202609/blob/main/20260927/amUFy_XcHhij.md,https://raw.githubusercontent.com/51chiguawang319/202609/main/20260927/amUFy_XcHhij.md
AMYIe_FIohKb.md,主域名3000份,天气环境,300,https://github.com/51chiguawang319/202609/blob/main/20260927/AMYIe_FIohKb.md,https://raw.githubusercontent.com/51chiguawang319/202609/main/20260927/AMYIe_FIohKb.md
ANBpu_fSklWO.md,泛二级1000份,财经商业,300,https://github.com/51chiguawang319/202609/blob/main/20260927/ANBpu_fSklWO.md,https://raw.githubusercontent.com/51chiguawang319/202609/main/20260927/ANBpu_fSklWO.md
aNiHV_UekRgU.md,主域名3000份,体育赛事,300,https://github.com/51chiguawang319/202609/blob/main/20260927/aNiHV_UekRgU.md,https://raw.githubusercontent.com/51chiguawang319/202609/main/20260927/aNiHV_UekRgU.md
anteY_mOaIkz.md,主域名3000份,财经商业,300,https://github.com/51chiguawang319/202609/blob/main/20260927/anteY_mOaIkz.md,https://raw.githubusercontent.com/51chiguawang319/202609/main/20260927/anteY_mOaIkz.md
ANzoN_CfApDD.md,泛二级1000份,文化娱乐,300,https://github.com/51chiguawang319/202609/blob/main/20260927/ANzoN_CfApDD.md,https://raw.githubusercontent.com/51chiguawang319/202609/main/20260927/ANzoN_CfApDD.md
AObnS_GmnAvS.md,主域名3000份,天气环境,300,https://github.com/51chiguawang319/202609/blob/main/20260927/AObnS_GmnAvS.md,https://raw.githubusercontent.com/51chiguawang319/202609/main/20260927/AObnS_GmnAvS.md
AogTp_uWJako.md,泛二级1000份,天气环境,300,https://github.com/51chiguawang319/202609/blob/main/20260927/AogTp_uWJako.md,https://raw.githubusercontent.com/51chiguawang319/202609/main/20260927/AogTp_uWJako.md
AoiPC_kPlxMX.md,主域名3000份,健康医疗,300,https://github.com/51chiguawang319/202609/blob/main/20260927/AoiPC_kPlxMX.md,https://raw.githubusercontent.com/51chiguawang319/202609/main/20260927/AoiPC_kPlxMX.md
AOMBu_VKahMk.md,主域名3000份,天气环境,300,https://github.com/51chiguawang319/202609/blob/main/20260927/AOMBu_VKahMk.md,https://raw.githubusercontent.com/51chiguawang319/202609/main/20260927/AOMBu_VKahMk.md
aoZqb_AfyVDV.md,主域名3000份,健康医疗,300,https://github.com/51chiguawang319/202609/blob/main/20260927/aoZqb_AfyVDV.md,https://raw.githubusercontent.com/51chiguawang319/202609/main/20260927/aoZqb_AfyVDV.md
APHYi_PtJEHw.md,主域名3000份,财经商业,300,https://github.com/51chiguawang319/202609/blob/main/20260927/APHYi_PtJEHw.md,https://raw.githubusercontent.com/51chiguawang319/202609/main/20260927/APHYi_PtJEHw.md
apKbm_tOHVhN.md,泛二级1000份,科技数码,300,https://github.com/51chiguawang319/202609/blob/main/20260927/apKbm_tOHVhN.md,https://raw.githubusercontent.com/51chiguawang319/202609/main/20260927/apKbm_tOHVhN.md
aPlEP_yObgrG.md,主域名3000份,体育赛事,300,https://github.com/51chiguawang319/202609/blob/main/20260927/aPlEP_yObgrG.md,https://raw.githubusercontent.com/51chiguawang319/202609/main/20260927/aPlEP_yObgrG.md
aPNWC_QRwqZC.md,主域名3000份,天气环境,300,https://github.com/51chiguawang319/202609/blob/main/20260927/aPNWC_QRwqZC.md,https://raw.githubusercontent.com/51chiguawang319/202609/main/20260927/aPNWC_QRwqZC.md
aPwhZ_UQwBhV.md,主域名3000份,科技数码,300,https://github.com/51chiguawang319/202609/blob/main/20260927/aPwhZ_UQwBhV.md,https://raw.githubusercontent.com/51chiguawang319/202609/main/20260927/aPwhZ_UQwBhV.md
aPYHG_kHUivM.md,主域名3000份,财经商业,300,https://github.com/51chiguawang319/202609/blob/main/20260927/aPYHG_kHUivM.md,https://raw.githubusercontent.com/51chiguawang319/202609/main/20260927/aPYHG_kHUivM.md
ApYJE_YSahrj.md,主域名3000份,文化娱乐,300,https://github.com/51chiguawang319/202609/blob/main/20260927/ApYJE_YSahrj.md,https://raw.githubusercontent.com/51chiguawang319/202609/main/20260927/ApYJE_YSahrj.md
aPYjG_hnXble.md,泛二级1000份,科技数码,300,https://github.com/51chiguawang319/202609/blob/main/20260927/aPYjG_hnXble.md,https://raw.githubusercontent.com/51chiguawang319/202609/main/20260927/aPYjG_hnXble.md
AQgbS_LLOVCg.md,主域名3000份,天气环境,300,https://github.com/51chiguawang319/202609/blob/main/20260927/AQgbS_LLOVCg.md,https://raw.githubusercontent.com/51chiguawang319/202609/main/20260927/AQgbS_LLOVCg.md
AqgEt_YfaKeN.md,主域名3000份,体育赛事,300,https://github.com/51chiguawang319/202609/blob/main/20260927/AqgEt_YfaKeN.md,https://raw.githubusercontent.com/51chiguawang319/202609/main/20260927/AqgEt_YfaKeN.md
AqGLf_UvTXCD.md,主域名3000份,财经商业,300,https://github.com/51chiguawang319/202609/blob/main/20260927/AqGLf_UvTXCD.md,https://raw.githubusercontent.com/51chiguawang319/202609/main/20260927/AqGLf_UvTXCD.md
aqHMs_GTxtRA.md,主域名3000份,科技数码,300,https://github.com/51chiguawang319/202609/blob/main/20260927/aqHMs_GTxtRA.md,https://raw.githubusercontent.com/51chiguawang319/202609/main/20260927/aqHMs_GTxtRA.md
aQLBf_PtDqKT.md,主域名3000份,科技数码,300,https://github.com/51chiguawang319/202609/blob/main/20260927/aQLBf_PtDqKT.md,https://raw.githubusercontent.com/51chiguawang319/202609/main/20260927/aQLBf_PtDqKT.md
AQmeF_luwQTU.md,泛二级1000份,体育赛事,300,https://github.com/51chiguawang319/202609/blob/main/20260927/AQmeF_luwQTU.md,https://raw.githubusercontent.com/51chiguawang319/202609/main/20260927/AQmeF_luwQTU.md
AQqFI_podcyY.md,主域名3000份,健康医疗,300,https://github.com/51chiguawang319/202609/blob/main/20260927/AQqFI_podcyY.md,https://raw.githubusercontent.com/51chiguawang319/202609/main/20260927/AQqFI_podcyY.md
AQsok_akwHOn.md,主域名3000份,体育赛事,300,https://github.com/51chiguawang319/202609/blob/main/20260927/AQsok_akwHOn.md,https://raw.githubusercontent.com/51chiguawang319/202609/main/20260927/AQsok_akwHOn.md
araLY_VhNHBO.md,主域名3000份,文化娱乐,300,https://github.com/51chiguawang319/202609/blob/main/20260927/araLY_VhNHBO.md,https://raw.githubusercontent.com/51chiguawang319/202609/main/20260927/araLY_VhNHBO.md
AREHi_ZZvKjm.md,主域名3000份,科技数码,300,https://github.com/51chiguawang319/202609/blob/main/20260927/AREHi_ZZvKjm.md,https://raw.githubusercontent.com/51chiguawang319/202609/main/20260927/AREHi_ZZvKjm.md
ArnjO_ubYRCQ.md,主域名3000份,文化娱乐,300,https://github.com/51chiguawang319/202609/blob/main/20260927/ArnjO_ubYRCQ.md,https://raw.githubusercontent.com/51chiguawang319/202609/main/20260927/ArnjO_ubYRCQ.md
ArWNa_wCdRYH.md,主域名3000份,健康医疗,300,https://github.com/51chiguawang319/202609/blob/main/20260927/ArWNa_wCdRYH.md,https://raw.githubusercontent.com/51chiguawang319/202609/main/20260927/ArWNa_wCdRYH.md
ARwuH_FhdDjo.md,主域名3000份,文化娱乐,300,https://github.com/51chiguawang319/202609/blob/main/20260927/ARwuH_FhdDjo.md,https://raw.githubusercontent.com/51chiguawang319/202609/main/20260927/ARwuH_FhdDjo.md
ARXFi_DFkqCF.md,主域名3000份,文化娱乐,300,https://github.com/51chiguawang319/202609/blob/main/20260927/ARXFi_DFkqCF.md,https://raw.githubusercontent.com/51chiguawang319/202609/main/20260927/ARXFi_DFkqCF.md
asIPU_UYMcnq.md,主域名3000份,天气环境,300,https://github.com/51chiguawang319/202609/blob/main/20260927/asIPU_UYMcnq.md,https://raw.githubusercontent.com/51chiguawang319/202609/main/20260927/asIPU_UYMcnq.md
ASKNb_CxlcLR.md,主域名3000份,科技数码,300,https://github.com/51chiguawang319/202609/blob/main/20260927/ASKNb_CxlcLR.md,https://raw.githubusercontent.com/51chiguawang319/202609/main/20260927/ASKNb_CxlcLR.md
asNWM_kOcHMq.md,主域名3000份,体育赛事,300,https://github.com/51chiguawang319/202609/blob/main/20260927/asNWM_kOcHMq.md,https://raw.githubusercontent.com/51chiguawang319/202609/main/20260927/asNWM_kOcHMq.md
aSRgw_CvmDtP.md,主域名3000份,财经商业,300,https://github.com/51chiguawang319/202609/blob/main/20260927/aSRgw_CvmDtP.md,https://raw.githubusercontent.com/51chiguawang319/202609/main/20260927/aSRgw_CvmDtP.md
AtAxM_pjpvvK.md,主域名3000份,科技数码,300,https://github.com/51chiguawang319/202609/blob/main/20260927/AtAxM_pjpvvK.md,https://raw.githubusercontent.com/51chiguawang319/202609/main/20260927/AtAxM_pjpvvK.md
ATFEm_nDGuCd.md,泛二级1000份,体育赛事,300,https://github.com/51chiguawang319/202609/blob/main/20260927/ATFEm_nDGuCd.md,https://raw.githubusercontent.com/51chiguawang319/202609/main/20260927/ATFEm_nDGuCd.md
aTFRX_nHwRpP.md,主域名3000份,财经商业,300,https://github.com/51chiguawang319/202609/blob/main/20260927/aTFRX_nHwRpP.md,https://raw.githubusercontent.com/51chiguawang319/202609/main/20260927/aTFRX_nHwRpP.md
aTifQ_QYhVOB.md,主域名3000份,科技数码,300,https://github.com/51chiguawang319/202609/blob/main/20260927/aTifQ_QYhVOB.md,https://raw.githubusercontent.com/51chiguawang319/202609/main/20260927/aTifQ_QYhVOB.md
atOpc_yDGeWE.md,主域名3000份,体育赛事,300,https://github.com/51chiguawang319/202609/blob/main/20260927/atOpc_yDGeWE.md,https://raw.githubusercontent.com/51chiguawang319/202609/main/20260927/atOpc_yDGeWE.md
aTpzp_LYEkyn.md,主域名3000份,财经商业,300,https://github.com/51chiguawang319/202609/blob/main/20260927/aTpzp_LYEkyn.md,https://raw.githubusercontent.com/51chiguawang319/202609/main/20260927/aTpzp_LYEkyn.md
atUkp_fnYnKo.md,主域名3000份,财经商业,300,https://github.com/51chiguawang319/202609/blob/main/20260927/atUkp_fnYnKo.md,https://raw.githubusercontent.com/51chiguawang319/202609/main/20260927/atUkp_fnYnKo.md
AtVkb_tAelai.md,主域名3000份,天气环境,300,https://github.com/51chiguawang319/202609/blob/main/20260927/AtVkb_tAelai.md,https://raw.githubusercontent.com/51chiguawang319/202609/main/20260927/AtVkb_tAelai.md
auERp_XAWIoe.md,主域名3000份,财经商业,300,https://github.com/51chiguawang319/202609/blob/main/20260927/auERp_XAWIoe.md,https://raw.githubusercontent.com/51chiguawang319/202609/main/20260927/auERp_XAWIoe.md
AuRIr_hLiael.md,主域名3000份,健康医疗,300,https://github.com/51chiguawang319/202609/blob/main/20260927/AuRIr_hLiael.md,https://raw.githubusercontent.com/51chiguawang319/202609/main/20260927/AuRIr_hLiael.md
AVaDD_lcmmxZ.md,泛二级1000份,体育赛事,300,https://github.com/51chiguawang319/202609/blob/main/20260927/AVaDD_lcmmxZ.md,https://raw.githubusercontent.com/51chiguawang319/202609/main/20260927/AVaDD_lcmmxZ.md
AVcIp_OpgCHY.md,主域名3000份,健康医疗,300,https://github.com/51chiguawang319/202609/blob/main/20260927/AVcIp_OpgCHY.md,https://raw.githubusercontent.com/51chiguawang319/202609/main/20260927/AVcIp_OpgCHY.md
avFoF_fdDoDr.md,泛二级1000份,文化娱乐,300,https://github.com/51chiguawang319/202609/blob/main/20260927/avFoF_fdDoDr.md,https://raw.githubusercontent.com/51chiguawang319/202609/main/20260927/avFoF_fdDoDr.md
AvhAx_LSidBZ.md,泛二级1000份,文化娱乐,300,https://github.com/51chiguawang319/202609/blob/main/20260927/AvhAx_LSidBZ.md,https://raw.githubusercontent.com/51chiguawang319/202609/main/20260927/AvhAx_LSidBZ.md
avlNZ_Wkwkwk.md,主域名3000份,天气环境,300,https://github.com/51chiguawang319/202609/blob/main/20260927/avlNZ_Wkwkwk.md,https://raw.githubusercontent.com/51chiguawang319/202609/main/20260927/avlNZ_Wkwkwk.md
avmKK_TvFhFw.md,主域名3000份,财经商业,300,https://github.com/51chiguawang319/202609/blob/main/20260927/avmKK_TvFhFw.md,https://raw.githubusercontent.com/51chiguawang319/202609/main/20260927/avmKK_TvFhFw.md
avNIZ_mMpIRR.md,主域名3000份,体育赛事,300,https://github.com/51chiguawang319/202609/blob/main/20260927/avNIZ_mMpIRR.md,https://raw.githubusercontent.com/51chiguawang319/202609/main/20260927/avNIZ_mMpIRR.md
avQtE_SiyHWe.md,主域名3000份,财经商业,300,https://github.com/51chiguawang319/202609/blob/main/20260927/avQtE_SiyHWe.md,https://raw.githubusercontent.com/51chiguawang319/202609/main/20260927/avQtE_SiyHWe.md
avrCh_kJlyaR.md,主域名3000份,体育赛事,300,https://github.com/51chiguawang319/202609/blob/main/20260927/avrCh_kJlyaR.md,https://raw.githubusercontent.com/51chiguawang319/202609/main/20260927/avrCh_kJlyaR.md
AvsEQ_WokwSY.md,主域名3000份,文化娱乐,300,https://github.com/51chiguawang319/202609/blob/main/20260927/AvsEQ_WokwSY.md,https://raw.githubusercontent.com/51chiguawang319/202609/main/20260927/AvsEQ_WokwSY.md
AVuYg_dQtUvJ.md,主域名3000份,健康医疗,300,https://github.com/51chiguawang319/202609/blob/main/20260927/AVuYg_dQtUvJ.md,https://raw.githubusercontent.com/51chiguawang319/202609/main/20260927/AVuYg_dQtUvJ.md
AWFlB_CUCBtz.md,主域名3000份,文化娱乐,300,https://github.com/51chiguawang319/202609/blob/main/20260927/AWFlB_CUCBtz.md,https://raw.githubusercontent.com/51chiguawang319/202609/main/20260927/AWFlB_CUCBtz.md
AWkfZ_JOaYnH.md,主域名3000份,健康医疗,300,https://github.com/51chiguawang319/202609/blob/main/20260927/AWkfZ_JOaYnH.md,https://raw.githubusercontent.com/51chiguawang319/202609/main/20260927/AWkfZ_JOaYnH.md
Awvqh_ydaNHw.md,泛二级1000份,财经商业,300,https://github.com/51chiguawang319/202609/blob/main/20260927/Awvqh_ydaNHw.md,https://raw.githubusercontent.com/51chiguawang319/202609/main/20260927/Awvqh_ydaNHw.md
aXFmT_MRuvrL.md,主域名3000份,科技数码,300,https://github.com/51chiguawang319/202609/blob/main/20260927/aXFmT_MRuvrL.md,https://raw.githubusercontent.com/51chiguawang319/202609/main/20260927/aXFmT_MRuvrL.md
AXKfX_hpjvtD.md,主域名3000份,文化娱乐,300,https://github.com/51chiguawang319/202609/blob/main/20260927/AXKfX_hpjvtD.md,https://raw.githubusercontent.com/51chiguawang319/202609/main/20260927/AXKfX_hpjvtD.md
aXlsf_ROJhcl.md,主域名3000份,天气环境,300,https://github.com/51chiguawang319/202609/blob/main/20260927/aXlsf_ROJhcl.md,https://raw.githubusercontent.com/51chiguawang319/202609/main/20260927/aXlsf_ROJhcl.md
AxPCt_RGBRSu.md,主域名3000份,健康医疗,300,https://github.com/51chiguawang319/202609/blob/main/20260927/AxPCt_RGBRSu.md,https://raw.githubusercontent.com/51chiguawang319/202609/main/20260927/AxPCt_RGBRSu.md
AXPhK_GQXXum.md,泛二级1000份,天气环境,300,https://github.com/51chiguawang319/202609/blob/main/20260927/AXPhK_GQXXum.md,https://raw.githubusercontent.com/51chiguawang319/202609/main/20260927/AXPhK_GQXXum.md
AXRMz_YEXrXg.md,泛二级1000份,天气环境,300,https://github.com/51chiguawang319/202609/blob/main/20260927/AXRMz_YEXrXg.md,https://raw.githubusercontent.com/51chiguawang319/202609/main/20260927/AXRMz_YEXrXg.md
AXUkV_tArjEc.md,主域名3000份,健康医疗,300,https://github.com/51chiguawang319/202609/blob/main/20260927/AXUkV_tArjEc.md,https://raw.githubusercontent.com/51chiguawang319/202609/main/20260927/AXUkV_tArjEc.md
aXZpF_FonwFm.md,主域名3000份,财经商业,300,https://github.com/51chiguawang319/202609/blob/main/20260927/aXZpF_FonwFm.md,https://raw.githubusercontent.com/51chiguawang319/202609/main/20260927/aXZpF_FonwFm.md
aYCuC_wPXWzX.md,主域名3000份,健康医疗,300,https://github.com/51chiguawang319/202609/blob/main/20260927/aYCuC_wPXWzX.md,https://raw.githubusercontent.com/51chiguawang319/202609/main/20260927/aYCuC_wPXWzX.md
AyGVH_YkWWOY.md,泛二级1000份,科技数码,300,https://github.com/51chiguawang319/202609/blob/main/20260927/AyGVH_YkWWOY.md,https://raw.githubusercontent.com/51chiguawang319/202609/main/20260927/AyGVH_YkWWOY.md
AYjCC_wxvIUE.md,泛二级1000份,科技数码,300,https://github.com/51chiguawang319/202609/blob/main/20260927/AYjCC_wxvIUE.md,https://raw.githubusercontent.com/51chiguawang319/202609/main/20260927/AYjCC_wxvIUE.md
aYkHl_bhMfDp.md,主域名3000份,健康医疗,300,https://github.com/51chiguawang319/202609/blob/main/20260927/aYkHl_bhMfDp.md,https://raw.githubusercontent.com/51chiguawang319/202609/main/20260927/aYkHl_bhMfDp.md
AYnaH_KMdOsR.md,主域名3000份,科技数码,300,https://github.com/51chiguawang319/202609/blob/main/20260927/AYnaH_KMdOsR.md,https://raw.githubusercontent.com/51chiguawang319/202609/main/20260927/AYnaH_KMdOsR.md
aywKD_GAZvDw.md,主域名3000份,健康医疗,300,https://github.com/51chiguawang319/202609/blob/main/20260927/aywKD_GAZvDw.md,https://raw.githubusercontent.com/51chiguawang319/202609/main/20260927/aywKD_GAZvDw.md
AyYov_HDYTZw.md,主域名3000份,体育赛事,300,https://github.com/51chiguawang319/202609/blob/main/20260927/AyYov_HDYTZw.md,https://raw.githubusercontent.com/51chiguawang319/202609/main/20260927/AyYov_HDYTZw.md
ayyqV_VyYKel.md,主域名3000份,文化娱乐,300,https://github.com/51chiguawang319/202609/blob/main/20260927/ayyqV_VyYKel.md,https://raw.githubusercontent.com/51chiguawang319/202609/main/20260927/ayyqV_VyYKel.md
aYziE_xqEOEz.md,泛二级1000份,科技数码,300,https://github.com/51chiguawang319/202609/blob/main/20260927/aYziE_xqEOEz.md,https://raw.githubusercontent.com/51chiguawang319/202609/main/20260927/aYziE_xqEOEz.md
aYZKm_baBIcR.md,主域名3000份,科技数码,300,https://github.com/51chiguawang319/202609/blob/main/20260927/aYZKm_baBIcR.md,https://raw.githubusercontent.com/51chiguawang319/202609/main/20260927/aYZKm_baBIcR.md
aZiyA_GvQcuQ.md,主域名3000份,科技数码,300,https://github.com/51chiguawang319/202609/blob/main/20260927/aZiyA_GvQcuQ.md,https://raw.githubusercontent.com/51chiguawang319/202609/main/20260927/aZiyA_GvQcuQ.md
AZJvE_mvxnvQ.md,主域名3000份,天气环境,300,https://github.com/51chiguawang319/202609/blob/main/20260927/AZJvE_mvxnvQ.md,https://raw.githubusercontent.com/51chiguawang319/202609/main/20260927/AZJvE_mvxnvQ.md
aztKu_ZiZtDJ.md,主域名3000份,财经商业,300,https://github.com/51chiguawang319/202609/blob/main/20260927/aztKu_ZiZtDJ.md,https://raw.githubusercontent.com/51chiguawang319/202609/main/20260927/aztKu_ZiZtDJ.md
BaCHY_LiHQvV.md,主域名3000份,健康医疗,300,https://github.com/51chiguawang319/202609/blob/main/20260927/BaCHY_LiHQvV.md,https://raw.githubusercontent.com/51chiguawang319/202609/main/20260927/BaCHY_LiHQvV.md
BaLNI_QiqGzz.md,主域名3000份,财经商业,300,https://github.com/51chiguawang319/202609/blob/main/20260927/BaLNI_QiqGzz.md,https://raw.githubusercontent.com/51chiguawang319/202609/main/20260927/BaLNI_QiqGzz.md
bAmHa_JxGNlr.md,泛二级1000份,体育赛事,300,https://github.com/51chiguawang319/202609/blob/main/20260927/bAmHa_JxGNlr.md,https://raw.githubusercontent.com/51chiguawang319/202609/main/20260927/bAmHa_JxGNlr.md
BaOkp_wTkdhZ.md,泛二级1000份,健康医疗,300,https://github.com/51chiguawang319/202609/blob/main/20260927/BaOkp_wTkdhZ.md,https://raw.githubusercontent.com/51chiguawang319/202609/main/20260927/BaOkp_wTkdhZ.md
BAOqh_AbrzNW.md,主域名3000份,健康医疗,300,https://github.com/51chiguawang319/202609/blob/main/20260927/BAOqh_AbrzNW.md,https://raw.githubusercontent.com/51chiguawang319/202609/main/20260927/BAOqh_AbrzNW.md
BAOxN_WxkHLi.md,泛二级1000份,体育赛事,300,https://github.com/51chiguawang319/202609/blob/main/20260927/BAOxN_WxkHLi.md,https://raw.githubusercontent.com/51chiguawang319/202609/main/20260927/BAOxN_WxkHLi.md
bAZRK_VtVsyx.md,主域名3000份,体育赛事,300,https://github.com/51chiguawang319/202609/blob/main/20260927/bAZRK_VtVsyx.md,https://raw.githubusercontent.com/51chiguawang319/202609/main/20260927/bAZRK_VtVsyx.md
BbcQV_cfaORY.md,主域名3000份,财经商业,300,https://github.com/51chiguawang319/202609/blob/main/20260927/BbcQV_cfaORY.md,https://raw.githubusercontent.com/51chiguawang319/202609/main/20260927/BbcQV_cfaORY.md
bBJpl_EqUYWy.md,主域名3000份,科技数码,300,https://github.com/51chiguawang319/202609/blob/main/20260927/bBJpl_EqUYWy.md,https://raw.githubusercontent.com/51chiguawang319/202609/main/20260927/bBJpl_EqUYWy.md
BBpTj_aWoqme.md,泛二级1000份,天气环境,300,https://github.com/51chiguawang319/202609/blob/main/20260927/BBpTj_aWoqme.md,https://raw.githubusercontent.com/51chiguawang319/202609/main/20260927/BBpTj_aWoqme.md
bbqTP_DQtPXH.md,主域名3000份,文化娱乐,300,https://github.com/51chiguawang319/202609/blob/main/20260927/bbqTP_DQtPXH.md,https://raw.githubusercontent.com/51chiguawang319/202609/main/20260927/bbqTP_DQtPXH.md
bbrzR_nGZUys.md,主域名3000份,科技数码,300,https://github.com/51chiguawang319/202609/blob/main/20260927/bbrzR_nGZUys.md,https://raw.githubusercontent.com/51chiguawang319/202609/main/20260927/bbrzR_nGZUys.md
bBSYS_bXNiAW.md,泛二级1000份,健康医疗,300,https://github.com/51chiguawang319/202609/blob/main/20260927/bBSYS_bXNiAW.md,https://raw.githubusercontent.com/51chiguawang319/202609/main/20260927/bBSYS_bXNiAW.md
bbtXl_AvxnLZ.md,主域名3000份,天气环境,300,https://github.com/51chiguawang319/202609/blob/main/20260927/bbtXl_AvxnLZ.md,https://raw.githubusercontent.com/51chiguawang319/202609/main/20260927/bbtXl_AvxnLZ.md
BbXvE_LxMyNP.md,主域名3000份,体育赛事,300,https://github.com/51chiguawang319/202609/blob/main/20260927/BbXvE_LxMyNP.md,https://raw.githubusercontent.com/51chiguawang319/202609/main/20260927/BbXvE_LxMyNP.md
BCcQO_xVujTL.md,泛二级1000份,健康医疗,300,https://github.com/51chiguawang319/202609/blob/main/20260927/BCcQO_xVujTL.md,https://raw.githubusercontent.com/51chiguawang319/202609/main/20260927/BCcQO_xVujTL.md
bcDFz_fBmWlP.md,主域名3000份,体育赛事,300,https://github.com/51chiguawang319/202609/blob/main/20260927/bcDFz_fBmWlP.md,https://raw.githubusercontent.com/51chiguawang319/202609/main/20260927/bcDFz_fBmWlP.md
bcFuj_fTZgDJ.md,主域名3000份,体育赛事,300,https://github.com/51chiguawang319/202609/blob/main/20260927/bcFuj_fTZgDJ.md,https://raw.githubusercontent.com/51chiguawang319/202609/main/20260927/bcFuj_fTZgDJ.md
bcGeT_qgINpg.md,主域名3000份,财经商业,300,https://github.com/51chiguawang319/202609/blob/main/20260927/bcGeT_qgINpg.md,https://raw.githubusercontent.com/51chiguawang319/202609/main/20260927/bcGeT_qgINpg.md
BChxD_omDzvY.md,主域名3000份,科技数码,300,https://github.com/51chiguawang319/202609/blob/main/20260927/BChxD_omDzvY.md,https://raw.githubusercontent.com/51chiguawang319/202609/main/20260927/BChxD_omDzvY.md
bckCV_hxJNab.md,泛二级1000份,文化娱乐,300,https://github.com/51chiguawang319/202609/blob/main/20260927/bckCV_hxJNab.md,https://raw.githubusercontent.com/51chiguawang319/202609/main/20260927/bckCV_hxJNab.md
BCmlm_MoLXCw.md,主域名3000份,财经商业,300,https://github.com/51chiguawang319/202609/blob/main/20260927/BCmlm_MoLXCw.md,https://raw.githubusercontent.com/51chiguawang319/202609/main/20260927/BCmlm_MoLXCw.md
bCoTk_TmPqko.md,主域名3000份,健康医疗,300,https://github.com/51chiguawang319/202609/blob/main/20260927/bCoTk_TmPqko.md,https://raw.githubusercontent.com/51chiguawang319/202609/main/20260927/bCoTk_TmPqko.md
BcRox_gtwHvx.md,主域名3000份,健康医疗,300,https://github.com/51chiguawang319/202609/blob/main/20260927/BcRox_gtwHvx.md,https://raw.githubusercontent.com/51chiguawang319/202609/main/20260927/BcRox_gtwHvx.md
BctOd_ASQEyR.md,主域名3000份,体育赛事,300,https://github.com/51chiguawang319/202609/blob/main/20260927/BctOd_ASQEyR.md,https://raw.githubusercontent.com/51chiguawang319/202609/main/20260927/BctOd_ASQEyR.md
BCttx_JhxqNj.md,主域名3000份,健康医疗,300,https://github.com/51chiguawang319/202609/blob/main/20260927/BCttx_JhxqNj.md,https://raw.githubusercontent.com/51chiguawang319/202609/main/20260927/BCttx_JhxqNj.md
bcVMl_wfjlSP.md,主域名3000份,财经商业,300,https://github.com/51chiguawang319/202609/blob/main/20260927/bcVMl_wfjlSP.md,https://raw.githubusercontent.com/51chiguawang319/202609/main/20260927/bcVMl_wfjlSP.md
BcxfJ_lJQnpK.md,主域名3000份,财经商业,300,https://github.com/51chiguawang319/202609/blob/main/20260927/BcxfJ_lJQnpK.md,https://raw.githubusercontent.com/51chiguawang319/202609/main/20260927/BcxfJ_lJQnpK.md
BCyqq_TEdhud.md,主域名3000份,科技数码,300,https://github.com/51chiguawang319/202609/blob/main/20260927/BCyqq_TEdhud.md,https://raw.githubusercontent.com/51chiguawang319/202609/main/20260927/BCyqq_TEdhud.md
BdgLn_aXiEqC.md,主域名3000份,体育赛事,300,https://github.com/51chiguawang319/202609/blob/main/20260927/BdgLn_aXiEqC.md,https://raw.githubusercontent.com/51chiguawang319/202609/main/20260927/BdgLn_aXiEqC.md
bDnby_CReTUi.md,泛二级1000份,健康医疗,300,https://github.com/51chiguawang319/202609/blob/main/20260927/bDnby_CReTUi.md,https://raw.githubusercontent.com/51chiguawang319/202609/main/20260927/bDnby_CReTUi.md
bDOBo_EmKHjl.md,主域名3000份,财经商业,300,https://github.com/51chiguawang319/202609/blob/main/20260927/bDOBo_EmKHjl.md,https://raw.githubusercontent.com/51chiguawang319/202609/main/20260927/bDOBo_EmKHjl.md
BDqRq_tLxsmv.md,主域名3000份,天气环境,300,https://github.com/51chiguawang319/202609/blob/main/20260927/BDqRq_tLxsmv.md,https://raw.githubusercontent.com/51chiguawang319/202609/main/20260927/BDqRq_tLxsmv.md
BDSyo_hbnCmz.md,主域名3000份,天气环境,300,https://github.com/51chiguawang319/202609/blob/main/20260927/BDSyo_hbnCmz.md,https://raw.githubusercontent.com/51chiguawang319/202609/main/20260927/BDSyo_hbnCmz.md
BeblQ_YYVAoC.md,主域名3000份,健康医疗,300,https://github.com/51chiguawang319/202609/blob/main/20260927/BeblQ_YYVAoC.md,https://raw.githubusercontent.com/51chiguawang319/202609/main/20260927/BeblQ_YYVAoC.md
bECHw_OhHbNS.md,主域名3000份,天气环境,300,https://github.com/51chiguawang319/202609/blob/main/20260927/bECHw_OhHbNS.md,https://raw.githubusercontent.com/51chiguawang319/202609/main/20260927/bECHw_OhHbNS.md
BedDR_qGTQSN.md,主域名3000份,天气环境,300,https://github.com/51chiguawang319/202609/blob/main/20260927/BedDR_qGTQSN.md,https://raw.githubusercontent.com/51chiguawang319/202609/main/20260927/BedDR_qGTQSN.md
bErTk_BSiNHY.md,主域名3000份,财经商业,300,https://github.com/51chiguawang319/202609/blob/main/20260927/bErTk_BSiNHY.md,https://raw.githubusercontent.com/51chiguawang319/202609/main/20260927/bErTk_BSiNHY.md
bEyae_LBbKsz.md,泛二级1000份,健康医疗,300,https://github.com/51chiguawang319/202609/blob/main/20260927/bEyae_LBbKsz.md,https://raw.githubusercontent.com/51chiguawang319/202609/main/20260927/bEyae_LBbKsz.md
BfEEz_JyDcTM.md,主域名3000份,财经商业,300,https://github.com/51chiguawang319/202609/blob/main/20260927/BfEEz_JyDcTM.md,https://raw.githubusercontent.com/51chiguawang319/202609/main/20260927/BfEEz_JyDcTM.md
BfGkM_quIJZa.md,主域名3000份,文化娱乐,300,https://github.com/51chiguawang319/202609/blob/main/20260927/BfGkM_quIJZa.md,https://raw.githubusercontent.com/51chiguawang319/202609/main/20260927/BfGkM_quIJZa.md
BFgtl_DLReQq.md,主域名3000份,财经商业,300,https://github.com/51chiguawang319/202609/blob/main/20260927/BFgtl_DLReQq.md,https://raw.githubusercontent.com/51chiguawang319/202609/main/20260927/BFgtl_DLReQq.md
BFHjF_OwBrZv.md,主域名3000份,科技数码,300,https://github.com/51chiguawang319/202609/blob/main/20260927/BFHjF_OwBrZv.md,https://raw.githubusercontent.com/51chiguawang319/202609/main/20260927/BFHjF_OwBrZv.md
BfjlQ_rVTzXy.md,主域名3000份,天气环境,300,https://github.com/51chiguawang319/202609/blob/main/20260927/BfjlQ_rVTzXy.md,https://raw.githubusercontent.com/51chiguawang319/202609/main/20260927/BfjlQ_rVTzXy.md
bfVuO_wPYHFB.md,主域名3000份,财经商业,300,https://github.com/51chiguawang319/202609/blob/main/20260927/bfVuO_wPYHFB.md,https://raw.githubusercontent.com/51chiguawang319/202609/main/20260927/bfVuO_wPYHFB.md
BGGQb_EbnvXT.md,泛二级1000份,天气环境,300,https://github.com/51chiguawang319/202609/blob/main/20260927/BGGQb_EbnvXT.md,https://raw.githubusercontent.com/51chiguawang319/202609/main/20260927/BGGQb_EbnvXT.md
BghdY_JXolVS.md,泛二级1000份,体育赛事,300,https://github.com/51chiguawang319/202609/blob/main/20260927/BghdY_JXolVS.md,https://raw.githubusercontent.com/51chiguawang319/202609/main/20260927/BghdY_JXolVS.md
bGUTL_vFjLsB.md,主域名3000份,体育赛事,300,https://github.com/51chiguawang319/202609/blob/main/20260927/bGUTL_vFjLsB.md,https://raw.githubusercontent.com/51chiguawang319/202609/main/20260927/bGUTL_vFjLsB.md
bHBso_vroSgo.md,泛二级1000份,体育赛事,300,https://github.com/51chiguawang319/202609/blob/main/20260927/bHBso_vroSgo.md,https://raw.githubusercontent.com/51chiguawang319/202609/main/20260927/bHBso_vroSgo.md
bHIRO_VQWngo.md,泛二级1000份,健康医疗,300,https://github.com/51chiguawang319/202609/blob/main/20260927/bHIRO_VQWngo.md,https://raw.githubusercontent.com/51chiguawang319/202609/main/20260927/bHIRO_VQWngo.md
bHmoS_tAqOyW.md,泛二级1000份,健康医疗,300,https://github.com/51chiguawang319/202609/blob/main/20260927/bHmoS_tAqOyW.md,https://raw.githubusercontent.com/51chiguawang319/202609/main/20260927/bHmoS_tAqOyW.md
bHNaZ_PLqyuy.md,主域名3000份,科技数码,300,https://github.com/51chiguawang319/202609/blob/main/20260927/bHNaZ_PLqyuy.md,https://raw.githubusercontent.com/51chiguawang319/202609/main/20260927/bHNaZ_PLqyuy.md
BHPfG_edRCAU.md,主域名3000份,文化娱乐,300,https://github.com/51chiguawang319/202609/blob/main/20260927/BHPfG_edRCAU.md,https://raw.githubusercontent.com/51chiguawang319/202609/main/20260927/BHPfG_edRCAU.md
BhqBI_IsWHas.md,主域名3000份,财经商业,300,https://github.com/51chiguawang319/202609/blob/main/20260927/BhqBI_IsWHas.md,https://raw.githubusercontent.com/51chiguawang319/202609/main/20260927/BhqBI_IsWHas.md
BhxaP_zmaEDJ.md,泛二级1000份,健康医疗,300,https://github.com/51chiguawang319/202609/blob/main/20260927/BhxaP_zmaEDJ.md,https://raw.githubusercontent.com/51chiguawang319/202609/main/20260927/BhxaP_zmaEDJ.md
bhzgW_hcTTDv.md,泛二级1000份,文化娱乐,300,https://github.com/51chiguawang319/202609/blob/main/20260927/bhzgW_hcTTDv.md,https://raw.githubusercontent.com/51chiguawang319/202609/main/20260927/bhzgW_hcTTDv.md
biaIL_OeBMqU.md,主域名3000份,文化娱乐,300,https://github.com/51chiguawang319/202609/blob/main/20260927/biaIL_OeBMqU.md,https://raw.githubusercontent.com/51chiguawang319/202609/main/20260927/biaIL_OeBMqU.md
BiEal_pwfAFl.md,主域名3000份,文化娱乐,300,https://github.com/51chiguawang319/202609/blob/main/20260927/BiEal_pwfAFl.md,https://raw.githubusercontent.com/51chiguawang319/202609/main/20260927/BiEal_pwfAFl.md
bIfit_kIbAma.md,泛二级1000份,健康医疗,300,https://github.com/51chiguawang319/202609/blob/main/20260927/bIfit_kIbAma.md,https://raw.githubusercontent.com/51chiguawang319/202609/main/20260927/bIfit_kIbAma.md
BIlHY_ZQoKDo.md,泛二级1000份,科技数码,300,https://github.com/51chiguawang319/202609/blob/main/20260927/BIlHY_ZQoKDo.md,https://raw.githubusercontent.com/51chiguawang319/202609/main/20260927/BIlHY_ZQoKDo.md
BIoCY_FBRFmH.md,主域名3000份,科技数码,300,https://github.com/51chiguawang319/202609/blob/main/20260927/BIoCY_FBRFmH.md,https://raw.githubusercontent.com/51chiguawang319/202609/main/20260927/BIoCY_FBRFmH.md
biPpU_RQsOCJ.md,主域名3000份,体育赛事,300,https://github.com/51chiguawang319/202609/blob/main/20260927/biPpU_RQsOCJ.md,https://raw.githubusercontent.com/51chiguawang319/202609/main/20260927/biPpU_RQsOCJ.md
BiRcx_nXcAiF.md,主域名3000份,财经商业,300,https://github.com/51chiguawang319/202609/blob/main/20260927/BiRcx_nXcAiF.md,https://raw.githubusercontent.com/51chiguawang319/202609/main/20260927/BiRcx_nXcAiF.md
BIuof_gAWbiC.md,主域名3000份,科技数码,300,https://github.com/51chiguawang319/202609/blob/main/20260927/BIuof_gAWbiC.md,https://raw.githubusercontent.com/51chiguawang319/202609/main/20260927/BIuof_gAWbiC.md
BizDY_mtGfmR.md,主域名3000份,科技数码,300,https://github.com/51chiguawang319/202609/blob/main/20260927/BizDY_mtGfmR.md,https://raw.githubusercontent.com/51chiguawang319/202609/main/20260927/BizDY_mtGfmR.md
BJjgb_PoZQVl.md,主域名3000份,科技数码,300,https://github.com/51chiguawang319/202609/blob/main/20260927/BJjgb_PoZQVl.md,https://raw.githubusercontent.com/51chiguawang319/202609/main/20260927/BJjgb_PoZQVl.md
BJLyI_ouHlVC.md,主域名3000份,体育赛事,300,https://github.com/51chiguawang319/202609/blob/main/20260927/BJLyI_ouHlVC.md,https://raw.githubusercontent.com/51chiguawang319/202609/main/20260927/BJLyI_ouHlVC.md
BJudt_vmnIzz.md,泛二级1000份,健康医疗,300,https://github.com/51chiguawang319/202609/blob/main/20260927/BJudt_vmnIzz.md,https://raw.githubusercontent.com/51chiguawang319/202609/main/20260927/BJudt_vmnIzz.md
BkDOj_VHMdNF.md,主域名3000份,科技数码,300,https://github.com/51chiguawang319/202609/blob/main/20260927/BkDOj_VHMdNF.md,https://raw.githubusercontent.com/51chiguawang319/202609/main/20260927/BkDOj_VHMdNF.md
BkOty_mFiqaa.md,主域名3000份,科技数码,300,https://github.com/51chiguawang319/202609/blob/main/20260927/BkOty_mFiqaa.md,https://raw.githubusercontent.com/51chiguawang319/202609/main/20260927/BkOty_mFiqaa.md
bLEIY_zMLkpr.md,泛二级1000份,体育赛事,300,https://github.com/51chiguawang319/202609/blob/main/20260927/bLEIY_zMLkpr.md,https://raw.githubusercontent.com/51chiguawang319/202609/main/20260927/bLEIY_zMLkpr.md
BLHbL_rSPBTW.md,主域名3000份,健康医疗,300,https://github.com/51chiguawang319/202609/blob/main/20260927/BLHbL_rSPBTW.md,https://raw.githubusercontent.com/51chiguawang319/202609/main/20260927/BLHbL_rSPBTW.md
blktF_WBRbLd.md,主域名3000份,健康医疗,300,https://github.com/51chiguawang319/202609/blob/main/20260927/blktF_WBRbLd.md,https://raw.githubusercontent.com/51chiguawang319/202609/main/20260927/blktF_WBRbLd.md
BLPgx_AJjgPx.md,主域名3000份,体育赛事,300,https://github.com/51chiguawang319/202609/blob/main/20260927/BLPgx_AJjgPx.md,https://raw.githubusercontent.com/51chiguawang319/202609/main/20260927/BLPgx_AJjgPx.md
bLuIy_mBoudG.md,主域名3000份,科技数码,300,https://github.com/51chiguawang319/202609/blob/main/20260927/bLuIy_mBoudG.md,https://raw.githubusercontent.com/51chiguawang319/202609/main/20260927/bLuIy_mBoudG.md
BLYvJ_CjPOXH.md,主域名3000份,体育赛事,300,https://github.com/51chiguawang319/202609/blob/main/20260927/BLYvJ_CjPOXH.md,https://raw.githubusercontent.com/51chiguawang319/202609/main/20260927/BLYvJ_CjPOXH.md
bmFEC_SaouAI.md,泛二级1000份,文化娱乐,300,https://github.com/51chiguawang319/202609/blob/main/20260927/bmFEC_SaouAI.md,https://raw.githubusercontent.com/51chiguawang319/202609/main/20260927/bmFEC_SaouAI.md
bMGQY_sqDEET.md,主域名3000份,天气环境,300,https://github.com/51chiguawang319/202609/blob/main/20260927/bMGQY_sqDEET.md,https://raw.githubusercontent.com/51chiguawang319/202609/main/20260927/bMGQY_sqDEET.md
BMpfk_AIkhOa.md,主域名3000份,天气环境,300,https://github.com/51chiguawang319/202609/blob/main/20260927/BMpfk_AIkhOa.md,https://raw.githubusercontent.com/51chiguawang319/202609/main/20260927/BMpfk_AIkhOa.md
BMrkL_jQNOFA.md,主域名3000份,健康医疗,300,https://github.com/51chiguawang319/202609/blob/main/20260927/BMrkL_jQNOFA.md,https://raw.githubusercontent.com/51chiguawang319/202609/main/20260927/BMrkL_jQNOFA.md
bMScM_CvtCOA.md,主域名3000份,文化娱乐,300,https://github.com/51chiguawang319/202609/blob/main/20260927/bMScM_CvtCOA.md,https://raw.githubusercontent.com/51chiguawang319/202609/main/20260927/bMScM_CvtCOA.md
bMURv_cnAxkE.md,主域名3000份,财经商业,300,https://github.com/51chiguawang319/202609/blob/main/20260927/bMURv_cnAxkE.md,https://raw.githubusercontent.com/51chiguawang319/202609/main/20260927/bMURv_cnAxkE.md
bmXWR_yJcNoW.md,泛二级1000份,健康医疗,300,https://github.com/51chiguawang319/202609/blob/main/20260927/bmXWR_yJcNoW.md,https://raw.githubusercontent.com/51chiguawang319/202609/main/20260927/bmXWR_yJcNoW.md
bNCSn_WuQEag.md,主域名3000份,天气环境,300,https://github.com/51chiguawang319/202609/blob/main/20260927/bNCSn_WuQEag.md,https://raw.githubusercontent.com/51chiguawang319/202609/main/20260927/bNCSn_WuQEag.md
BngAt_ZYLzsO.md,主域名3000份,财经商业,300,https://github.com/51chiguawang319/202609/blob/main/20260927/BngAt_ZYLzsO.md,https://raw.githubusercontent.com/51chiguawang319/202609/main/20260927/BngAt_ZYLzsO.md
BnKtR_pivvQW.md,泛二级1000份,科技数码,300,https://github.com/51chiguawang319/202609/blob/main/20260927/BnKtR_pivvQW.md,https://raw.githubusercontent.com/51chiguawang319/202609/main/20260927/BnKtR_pivvQW.md
bNxBm_LgkLGP.md,泛二级1000份,文化娱乐,300,https://github.com/51chiguawang319/202609/blob/main/20260927/bNxBm_LgkLGP.md,https://raw.githubusercontent.com/51chiguawang319/202609/main/20260927/bNxBm_LgkLGP.md
BoBeg_cFcXaV.md,泛二级1000份,财经商业,300,https://github.com/51chiguawang319/202609/blob/main/20260927/BoBeg_cFcXaV.md,https://raw.githubusercontent.com/51chiguawang319/202609/main/20260927/BoBeg_cFcXaV.md
BOIRu_JdTeIt.md,主域名3000份,财经商业,300,https://github.com/51chiguawang319/202609/blob/main/20260927/BOIRu_JdTeIt.md,https://raw.githubusercontent.com/51chiguawang319/202609/main/20260927/BOIRu_JdTeIt.md
Booed_sHpvqm.md,主域名3000份,体育赛事,300,https://github.com/51chiguawang319/202609/blob/main/20260927/Booed_sHpvqm.md,https://raw.githubusercontent.com/51chiguawang319/202609/main/20260927/Booed_sHpvqm.md
BoxbC_AIJAVk.md,泛二级1000份,健康医疗,300,https://github.com/51chiguawang319/202609/blob/main/20260927/BoxbC_AIJAVk.md,https://raw.githubusercontent.com/51chiguawang319/202609/main/20260927/BoxbC_AIJAVk.md
bOyCR_Nydpax.md,主域名3000份,体育赛事,300,https://github.com/51chiguawang319/202609/blob/main/20260927/bOyCR_Nydpax.md,https://raw.githubusercontent.com/51chiguawang319/202609/main/20260927/bOyCR_Nydpax.md
boYKs_qJBJoD.md,主域名3000份,财经商业,300,https://github.com/51chiguawang319/202609/blob/main/20260927/boYKs_qJBJoD.md,https://raw.githubusercontent.com/51chiguawang319/202609/main/20260927/boYKs_qJBJoD.md
BPfXf_iDGUaF.md,主域名3000份,科技数码,300,https://github.com/51chiguawang319/202609/blob/main/20260927/BPfXf_iDGUaF.md,https://raw.githubusercontent.com/51chiguawang319/202609/main/20260927/BPfXf_iDGUaF.md
BppVb_hWHgsi.md,泛二级1000份,文化娱乐,300,https://github.com/51chiguawang319/202609/blob/main/20260927/BppVb_hWHgsi.md,https://raw.githubusercontent.com/51chiguawang319/202609/main/20260927/BppVb_hWHgsi.md
Bprzg_jRrDyB.md,主域名3000份,文化娱乐,300,https://github.com/51chiguawang319/202609/blob/main/20260927/Bprzg_jRrDyB.md,https://raw.githubusercontent.com/51chiguawang319/202609/main/20260927/Bprzg_jRrDyB.md
bpUpw_ujYeBF.md,主域名3000份,财经商业,300,https://github.com/51chiguawang319/202609/blob/main/20260927/bpUpw_ujYeBF.md,https://raw.githubusercontent.com/51chiguawang319/202609/main/20260927/bpUpw_ujYeBF.md
BPwME_tmYnoa.md,主域名3000份,天气环境,300,https://github.com/51chiguawang319/202609/blob/main/20260927/BPwME_tmYnoa.md,https://raw.githubusercontent.com/51chiguawang319/202609/main/20260927/BPwME_tmYnoa.md
BqfSg_zXfhrc.md,主域名3000份,文化娱乐,300,https://github.com/51chiguawang319/202609/blob/main/20260927/BqfSg_zXfhrc.md,https://raw.githubusercontent.com/51chiguawang319/202609/main/20260927/BqfSg_zXfhrc.md
bQkIb_XRrrDA.md,主域名3000份,财经商业,300,https://github.com/51chiguawang319/202609/blob/main/20260927/bQkIb_XRrrDA.md,https://raw.githubusercontent.com/51chiguawang319/202609/main/20260927/bQkIb_XRrrDA.md
bQMXc_WWAChZ.md,主域名3000份,天气环境,300,https://github.com/51chiguawang319/202609/blob/main/20260927/bQMXc_WWAChZ.md,https://raw.githubusercontent.com/51chiguawang319/202609/main/20260927/bQMXc_WWAChZ.md
BqrZS_VcVEkc.md,主域名3000份,科技数码,300,https://github.com/51chiguawang319/202609/blob/main/20260927/BqrZS_VcVEkc.md,https://raw.githubusercontent.com/51chiguawang319/202609/main/20260927/BqrZS_VcVEkc.md
BqxDg_rTODIQ.md,主域名3000份,体育赛事,300,https://github.com/51chiguawang319/202609/blob/main/20260927/BqxDg_rTODIQ.md,https://raw.githubusercontent.com/51chiguawang319/202609/main/20260927/BqxDg_rTODIQ.md
BQXqF_aPKPQY.md,主域名3000份,科技数码,300,https://github.com/51chiguawang319/202609/blob/main/20260927/BQXqF_aPKPQY.md,https://raw.githubusercontent.com/51chiguawang319/202609/main/20260927/BQXqF_aPKPQY.md
BQZdY_RVHqDx.md,主域名3000份,财经商业,300,https://github.com/51chiguawang319/202609/blob/main/20260927/BQZdY_RVHqDx.md,https://raw.githubusercontent.com/51chiguawang319/202609/main/20260927/BQZdY_RVHqDx.md
brdGJ_IKaXuv.md,泛二级1000份,体育赛事,300,https://github.com/51chiguawang319/202609/blob/main/20260927/brdGJ_IKaXuv.md,https://raw.githubusercontent.com/51chiguawang319/202609/main/20260927/brdGJ_IKaXuv.md
bREBr_dmLCki.md,泛二级1000份,科技数码,300,https://github.com/51chiguawang319/202609/blob/main/20260927/bREBr_dmLCki.md,https://raw.githubusercontent.com/51chiguawang319/202609/main/20260927/bREBr_dmLCki.md
BrRiD_QryrDr.md,泛二级1000份,体育赛事,300,https://github.com/51chiguawang319/202609/blob/main/20260927/BrRiD_QryrDr.md,https://raw.githubusercontent.com/51chiguawang319/202609/main/20260927/BrRiD_QryrDr.md
brvRI_AvWNGu.md,主域名3000份,财经商业,300,https://github.com/51chiguawang319/202609/blob/main/20260927/brvRI_AvWNGu.md,https://raw.githubusercontent.com/51chiguawang319/202609/main/20260927/brvRI_AvWNGu.md
brXbs_MEDFwm.md,主域名3000份,文化娱乐,300,https://github.com/51chiguawang319/202609/blob/main/20260927/brXbs_MEDFwm.md,https://raw.githubusercontent.com/51chiguawang319/202609/main/20260927/brXbs_MEDFwm.md
BsDzQ_zSvIhO.md,主域名3000份,天气环境,300,https://github.com/51chiguawang319/202609/blob/main/20260927/BsDzQ_zSvIhO.md,https://raw.githubusercontent.com/51chiguawang319/202609/main/20260927/BsDzQ_zSvIhO.md
BsGqO_SUtRyd.md,主域名3000份,健康医疗,300,https://github.com/51chiguawang319/202609/blob/main/20260927/BsGqO_SUtRyd.md,https://raw.githubusercontent.com/51chiguawang319/202609/main/20260927/BsGqO_SUtRyd.md
BSguO_TQJVGm.md,泛二级1000份,健康医疗,300,https://github.com/51chiguawang319/202609/blob/main/20260927/BSguO_TQJVGm.md,https://raw.githubusercontent.com/51chiguawang319/202609/main/20260927/BSguO_TQJVGm.md
BSNsj_FsYBmG.md,主域名3000份,文化娱乐,300,https://github.com/51chiguawang319/202609/blob/main/20260927/BSNsj_FsYBmG.md,https://raw.githubusercontent.com/51chiguawang319/202609/main/20260927/BSNsj_FsYBmG.md
bstHr_EbgueZ.md,主域名3000份,科技数码,300,https://github.com/51chiguawang319/202609/blob/main/20260927/bstHr_EbgueZ.md,https://raw.githubusercontent.com/51chiguawang319/202609/main/20260927/bstHr_EbgueZ.md
bsUWO_SHPWsC.md,主域名3000份,健康医疗,300,https://github.com/51chiguawang319/202609/blob/main/20260927/bsUWO_SHPWsC.md,https://raw.githubusercontent.com/51chiguawang319/202609/main/20260927/bsUWO_SHPWsC.md
BSwXn_KezeQw.md,泛二级1000份,文化娱乐,300,https://github.com/51chiguawang319/202609/blob/main/20260927/BSwXn_KezeQw.md,https://raw.githubusercontent.com/51chiguawang319/202609/main/20260927/BSwXn_KezeQw.md
Bthmp_ojBlTe.md,主域名3000份,健康医疗,300,https://github.com/51chiguawang319/202609/blob/main/20260927/Bthmp_ojBlTe.md,https://raw.githubusercontent.com/51chiguawang319/202609/main/20260927/Bthmp_ojBlTe.md
bTMOA_azeaAa.md,泛二级1000份,财经商业,300,https://github.com/51chiguawang319/202609/blob/main/20260927/bTMOA_azeaAa.md,https://raw.githubusercontent.com/51chiguawang319/202609/main/20260927/bTMOA_azeaAa.md
bttoX_MHpRuD.md,主域名3000份,科技数码,300,https://github.com/51chiguawang319/202609/blob/main/20260927/bttoX_MHpRuD.md,https://raw.githubusercontent.com/51chiguawang319/202609/main/20260927/bttoX_MHpRuD.md
btWcJ_qmxfvC.md,主域名3000份,健康医疗,300,https://github.com/51chiguawang319/202609/blob/main/20260927/btWcJ_qmxfvC.md,https://raw.githubusercontent.com/51chiguawang319/202609/main/20260927/btWcJ_qmxfvC.md
BTwiZ_XOWtBJ.md,泛二级1000份,文化娱乐,300,https://github.com/51chiguawang319/202609/blob/main/20260927/BTwiZ_XOWtBJ.md,https://raw.githubusercontent.com/51chiguawang319/202609/main/20260927/BTwiZ_XOWtBJ.md
BTYDi_RdSfDZ.md,主域名3000份,健康医疗,300,https://github.com/51chiguawang319/202609/blob/main/20260927/BTYDi_RdSfDZ.md,https://raw.githubusercontent.com/51chiguawang319/202609/main/20260927/BTYDi_RdSfDZ.md
bumLm_pqsRBx.md,主域名3000份,财经商业,300,https://github.com/51chiguawang319/202609/blob/main/20260927/bumLm_pqsRBx.md,https://raw.githubusercontent.com/51chiguawang319/202609/main/20260927/bumLm_pqsRBx.md
BUsNp_FCcEbV.md,主域名3000份,科技数码,300,https://github.com/51chiguawang319/202609/blob/main/20260927/BUsNp_FCcEbV.md,https://raw.githubusercontent.com/51chiguawang319/202609/main/20260927/BUsNp_FCcEbV.md
BuSUy_zszJMj.md,泛二级1000份,天气环境,300,https://github.com/51chiguawang319/202609/blob/main/20260927/BuSUy_zszJMj.md,https://raw.githubusercontent.com/51chiguawang319/202609/main/20260927/BuSUy_zszJMj.md
BvbvH_NzHROK.md,主域名3000份,体育赛事,300,https://github.com/51chiguawang319/202609/blob/main/20260927/BvbvH_NzHROK.md,https://raw.githubusercontent.com/51chiguawang319/202609/main/20260927/BvbvH_NzHROK.md
bVedy_xqzvKj.md,主域名3000份,健康医疗,300,https://github.com/51chiguawang319/202609/blob/main/20260927/bVedy_xqzvKj.md,https://raw.githubusercontent.com/51chiguawang319/202609/main/20260927/bVedy_xqzvKj.md
BvkoQ_IxknAr.md,主域名3000份,财经商业,300,https://github.com/51chiguawang319/202609/blob/main/20260927/BvkoQ_IxknAr.md,https://raw.githubusercontent.com/51chiguawang319/202609/main/20260927/BvkoQ_IxknAr.md
BVtgR_dDJJDr.md,主域名3000份,健康医疗,300,https://github.com/51chiguawang319/202609/blob/main/20260927/BVtgR_dDJJDr.md,https://raw.githubusercontent.com/51chiguawang319/202609/main/20260927/BVtgR_dDJJDr.md
bVWoe_wcKvbL.md,主域名3000份,文化娱乐,300,https://github.com/51chiguawang319/202609/blob/main/20260927/bVWoe_wcKvbL.md,https://raw.githubusercontent.com/51chiguawang319/202609/main/20260927/bVWoe_wcKvbL.md
bwbFJ_VjNvtP.md,泛二级1000份,天气环境,300,https://github.com/51chiguawang319/202609/blob/main/20260927/bwbFJ_VjNvtP.md,https://raw.githubusercontent.com/51chiguawang319/202609/main/20260927/bwbFJ_VjNvtP.md
Bwdfq_jHBIvk.md,泛二级1000份,体育赛事,300,https://github.com/51chiguawang319/202609/blob/main/20260927/Bwdfq_jHBIvk.md,https://raw.githubusercontent.com/51chiguawang319/202609/main/20260927/Bwdfq_jHBIvk.md
BWDGe_hoogwD.md,主域名3000份,天气环境,300,https://github.com/51chiguawang319/202609/blob/main/20260927/BWDGe_hoogwD.md,https://raw.githubusercontent.com/51chiguawang319/202609/main/20260927/BWDGe_hoogwD.md
BwHlL_NTstdK.md,泛二级1000份,体育赛事,300,https://github.com/51chiguawang319/202609/blob/main/20260927/BwHlL_NTstdK.md,https://raw.githubusercontent.com/51chiguawang319/202609/main/20260927/BwHlL_NTstdK.md
bwHnX_wLybry.md,主域名3000份,科技数码,300,https://github.com/51chiguawang319/202609/blob/main/20260927/bwHnX_wLybry.md,https://raw.githubusercontent.com/51chiguawang319/202609/main/20260927/bwHnX_wLybry.md
bWiLZ_YHysCB.md,泛二级1000份,健康医疗,300,https://github.com/51chiguawang319/202609/blob/main/20260927/bWiLZ_YHysCB.md,https://raw.githubusercontent.com/51chiguawang319/202609/main/20260927/bWiLZ_YHysCB.md
bwTxo_ijKxLI.md,主域名3000份,文化娱乐,300,https://github.com/51chiguawang319/202609/blob/main/20260927/bwTxo_ijKxLI.md,https://raw.githubusercontent.com/51chiguawang319/202609/main/20260927/bwTxo_ijKxLI.md
BwUzl_uFnNjX.md,主域名3000份,文化娱乐,300,https://github.com/51chiguawang319/202609/blob/main/20260927/BwUzl_uFnNjX.md,https://raw.githubusercontent.com/51chiguawang319/202609/main/20260927/BwUzl_uFnNjX.md
bwVtY_KFScxU.md,主域名3000份,健康医疗,300,https://github.com/51chiguawang319/202609/blob/main/20260927/bwVtY_KFScxU.md,https://raw.githubusercontent.com/51chiguawang319/202609/main/20260927/bwVtY_KFScxU.md
bWzgj_daQBJL.md,主域名3000份,财经商业,300,https://github.com/51chiguawang319/202609/blob/main/20260927/bWzgj_daQBJL.md,https://raw.githubusercontent.com/51chiguawang319/202609/main/20260927/bWzgj_daQBJL.md
bxeUs_xBdXAr.md,泛二级1000份,文化娱乐,300,https://github.com/51chiguawang319/202609/blob/main/20260927/bxeUs_xBdXAr.md,https://raw.githubusercontent.com/51chiguawang319/202609/main/20260927/bxeUs_xBdXAr.md
BxGiR_YQtyio.md,主域名3000份,科技数码,300,https://github.com/51chiguawang319/202609/blob/main/20260927/BxGiR_YQtyio.md,https://raw.githubusercontent.com/51chiguawang319/202609/main/20260927/BxGiR_YQtyio.md
BXJtA_NjHBCJ.md,主域名3000份,财经商业,300,https://github.com/51chiguawang319/202609/blob/main/20260927/BXJtA_NjHBCJ.md,https://raw.githubusercontent.com/51chiguawang319/202609/main/20260927/BXJtA_NjHBCJ.md
BXpLB_haeVLY.md,主域名3000份,文化娱乐,300,https://github.com/51chiguawang319/202609/blob/main/20260927/BXpLB_haeVLY.md,https://raw.githubusercontent.com/51chiguawang319/202609/main/20260927/BXpLB_haeVLY.md
BxxHw_OMyhKi.md,主域名3000份,文化娱乐,300,https://github.com/51chiguawang319/202609/blob/main/20260927/BxxHw_OMyhKi.md,https://raw.githubusercontent.com/51chiguawang319/202609/main/20260927/BxxHw_OMyhKi.md
bXxJU_kdgRsX.md,主域名3000份,健康医疗,300,https://github.com/51chiguawang319/202609/blob/main/20260927/bXxJU_kdgRsX.md,https://raw.githubusercontent.com/51chiguawang319/202609/main/20260927/bXxJU_kdgRsX.md
bYCOH_Lobnai.md,主域名3000份,天气环境,300,https://github.com/51chiguawang319/202609/blob/main/20260927/bYCOH_Lobnai.md,https://raw.githubusercontent.com/51chiguawang319/202609/main/20260927/bYCOH_Lobnai.md
bygBT_kmBfLV.md,主域名3000份,科技数码,300,https://github.com/51chiguawang319/202609/blob/main/20260927/bygBT_kmBfLV.md,https://raw.githubusercontent.com/51chiguawang319/202609/main/20260927/bygBT_kmBfLV.md
bYiYh_XcMtPx.md,主域名3000份,体育赛事,300,https://github.com/51chiguawang319/202609/blob/main/20260927/bYiYh_XcMtPx.md,https://raw.githubusercontent.com/51chiguawang319/202609/main/20260927/bYiYh_XcMtPx.md
BYjtl_aXSyLO.md,主域名3000份,体育赛事,300,https://github.com/51chiguawang319/202609/blob/main/20260927/BYjtl_aXSyLO.md,https://raw.githubusercontent.com/51chiguawang319/202609/main/20260927/BYjtl_aXSyLO.md
byWYw_WnNepx.md,主域名3000份,文化娱乐,300,https://github.com/51chiguawang319/202609/blob/main/20260927/byWYw_WnNepx.md,https://raw.githubusercontent.com/51chiguawang319/202609/main/20260927/byWYw_WnNepx.md
bYxSG_fQfZGX.md,主域名3000份,健康医疗,300,https://github.com/51chiguawang319/202609/blob/main/20260927/bYxSG_fQfZGX.md,https://raw.githubusercontent.com/51chiguawang319/202609/main/20260927/bYxSG_fQfZGX.md
BzofC_SBonSu.md,主域名3000份,财经商业,300,https://github.com/51chiguawang319/202609/blob/main/20260927/BzofC_SBonSu.md,https://raw.githubusercontent.com/51chiguawang319/202609/main/20260927/BzofC_SBonSu.md
BZQrI_LjpVvA.md,主域名3000份,天气环境,300,https://github.com/51chiguawang319/202609/blob/main/20260927/BZQrI_LjpVvA.md,https://raw.githubusercontent.com/51chiguawang319/202609/main/20260927/BZQrI_LjpVvA.md
BZsEY_csWWIe.md,主域名3000份,天气环境,300,https://github.com/51chiguawang319/202609/blob/main/20260927/BZsEY_csWWIe.md,https://raw.githubusercontent.com/51chiguawang319/202609/main/20260927/BZsEY_csWWIe.md
BZWeE_kKCNmr.md,主域名3000份,文化娱乐,300,https://github.com/51chiguawang319/202609/blob/main/20260927/BZWeE_kKCNmr.md,https://raw.githubusercontent.com/51chiguawang319/202609/main/20260927/BZWeE_kKCNmr.md
BZXeN_HEkKcj.md,主域名3000份,文化娱乐,300,https://github.com/51chiguawang319/202609/blob/main/20260927/BZXeN_HEkKcj.md,https://raw.githubusercontent.com/51chiguawang319/202609/main/20260927/BZXeN_HEkKcj.md
CaJBL_CPIyya.md,泛二级1000份,财经商业,300,https://github.com/51chiguawang319/202609/blob/main/20260927/CaJBL_CPIyya.md,https://raw.githubusercontent.com/51chiguawang319/202609/main/20260927/CaJBL_CPIyya.md
CAJVg_OEsdHf.md,主域名3000份,天气环境,300,https://github.com/51chiguawang319/202609/blob/main/20260927/CAJVg_OEsdHf.md,https://raw.githubusercontent.com/51chiguawang319/202609/main/20260927/CAJVg_OEsdHf.md
caLEg_HHXsgb.md,泛二级1000份,财经商业,300,https://github.com/51chiguawang319/202609/blob/main/20260927/caLEg_HHXsgb.md,https://raw.githubusercontent.com/51chiguawang319/202609/main/20260927/caLEg_HHXsgb.md
cALpz_jHxpwG.md,主域名3000份,财经商业,300,https://github.com/51chiguawang319/202609/blob/main/20260927/cALpz_jHxpwG.md,https://raw.githubusercontent.com/51chiguawang319/202609/main/20260927/cALpz_jHxpwG.md
CAoKt_IxWdbK.md,主域名3000份,财经商业,300,https://github.com/51chiguawang319/202609/blob/main/20260927/CAoKt_IxWdbK.md,https://raw.githubusercontent.com/51chiguawang319/202609/main/20260927/CAoKt_IxWdbK.md
CAsjS_PLdySU.md,主域名3000份,体育赛事,300,https://github.com/51chiguawang319/202609/blob/main/20260927/CAsjS_PLdySU.md,https://raw.githubusercontent.com/51chiguawang319/202609/main/20260927/CAsjS_PLdySU.md
CawdU_aspYco.md,主域名3000份,财经商业,300,https://github.com/51chiguawang319/202609/blob/main/20260927/CawdU_aspYco.md,https://raw.githubusercontent.com/51chiguawang319/202609/main/20260927/CawdU_aspYco.md
CaWna_cvhpHz.md,泛二级1000份,健康医疗,300,https://github.com/51chiguawang319/202609/blob/main/20260927/CaWna_cvhpHz.md,https://raw.githubusercontent.com/51chiguawang319/202609/main/20260927/CaWna_cvhpHz.md
CBbgs_zfcfLR.md,主域名3000份,科技数码,300,https://github.com/51chiguawang319/202609/blob/main/20260927/CBbgs_zfcfLR.md,https://raw.githubusercontent.com/51chiguawang319/202609/main/20260927/CBbgs_zfcfLR.md
cbDzQ_UCBlbL.md,主域名3000份,科技数码,300,https://github.com/51chiguawang319/202609/blob/main/20260927/cbDzQ_UCBlbL.md,https://raw.githubusercontent.com/51chiguawang319/202609/main/20260927/cbDzQ_UCBlbL.md
cBgFR_alaaXB.md,主域名3000份,财经商业,300,https://github.com/51chiguawang319/202609/blob/main/20260927/cBgFR_alaaXB.md,https://raw.githubusercontent.com/51chiguawang319/202609/main/20260927/cBgFR_alaaXB.md
cBqHw_hWEvPg.md,泛二级1000份,天气环境,300,https://github.com/51chiguawang319/202609/blob/main/20260927/cBqHw_hWEvPg.md,https://raw.githubusercontent.com/51chiguawang319/202609/main/20260927/cBqHw_hWEvPg.md
CBzNT_yGIgfB.md,主域名3000份,文化娱乐,300,https://github.com/51chiguawang319/202609/blob/main/20260927/CBzNT_yGIgfB.md,https://raw.githubusercontent.com/51chiguawang319/202609/main/20260927/CBzNT_yGIgfB.md
cCDCh_mrvHnq.md,主域名3000份,文化娱乐,300,https://github.com/51chiguawang319/202609/blob/main/20260927/cCDCh_mrvHnq.md,https://raw.githubusercontent.com/51chiguawang319/202609/main/20260927/cCDCh_mrvHnq.md
CCexT_vrShmk.md,主域名3000份,天气环境,300,https://github.com/51chiguawang319/202609/blob/main/20260927/CCexT_vrShmk.md,https://raw.githubusercontent.com/51chiguawang319/202609/main/20260927/CCexT_vrShmk.md
ccgdI_uPApXo.md,主域名3000份,天气环境,300,https://github.com/51chiguawang319/202609/blob/main/20260927/ccgdI_uPApXo.md,https://raw.githubusercontent.com/51chiguawang319/202609/main/20260927/ccgdI_uPApXo.md
cCIVC_FBhRbj.md,主域名3000份,体育赛事,300,https://github.com/51chiguawang319/202609/blob/main/20260927/cCIVC_FBhRbj.md,https://raw.githubusercontent.com/51chiguawang319/202609/main/20260927/cCIVC_FBhRbj.md
CcoaS_rpdJEQ.md,主域名3000份,科技数码,300,https://github.com/51chiguawang319/202609/blob/main/20260927/CcoaS_rpdJEQ.md,https://raw.githubusercontent.com/51chiguawang319/202609/main/20260927/CcoaS_rpdJEQ.md
CcTND_CnwrCN.md,主域名3000份,财经商业,300,https://github.com/51chiguawang319/202609/blob/main/20260927/CcTND_CnwrCN.md,https://raw.githubusercontent.com/51chiguawang319/202609/main/20260927/CcTND_CnwrCN.md
CcUrs_LdWDyE.md,泛二级1000份,健康医疗,300,https://github.com/51chiguawang319/202609/blob/main/20260927/CcUrs_LdWDyE.md,https://raw.githubusercontent.com/51chiguawang319/202609/main/20260927/CcUrs_LdWDyE.md
CCweA_CEgCCW.md,主域名3000份,文化娱乐,300,https://github.com/51chiguawang319/202609/blob/main/20260927/CCweA_CEgCCW.md,https://raw.githubusercontent.com/51chiguawang319/202609/main/20260927/CCweA_CEgCCW.md
cdGGz_tdBrYR.md,主域名3000份,天气环境,300,https://github.com/51chiguawang319/202609/blob/main/20260927/cdGGz_tdBrYR.md,https://raw.githubusercontent.com/51chiguawang319/202609/main/20260927/cdGGz_tdBrYR.md
cDhTP_OpUqpO.md,主域名3000份,财经商业,300,https://github.com/51chiguawang319/202609/blob/main/20260927/cDhTP_OpUqpO.md,https://raw.githubusercontent.com/51chiguawang319/202609/main/20260927/cDhTP_OpUqpO.md
cDoeN_dhKgIv.md,主域名3000份,财经商业,300,https://github.com/51chiguawang319/202609/blob/main/20260927/cDoeN_dhKgIv.md,https://raw.githubusercontent.com/51chiguawang319/202609/main/20260927/cDoeN_dhKgIv.md
CeRJO_ayGYKD.md,主域名3000份,健康医疗,300,https://github.com/51chiguawang319/202609/blob/main/20260927/CeRJO_ayGYKD.md,https://raw.githubusercontent.com/51chiguawang319/202609/main/20260927/CeRJO_ayGYKD.md
CetDe_DHebbW.md,主域名3000份,文化娱乐,300,https://github.com/51chiguawang319/202609/blob/main/20260927/CetDe_DHebbW.md,https://raw.githubusercontent.com/51chiguawang319/202609/main/20260927/CetDe_DHebbW.md
ceWmE_MKVVAp.md,泛二级1000份,健康医疗,300,https://github.com/51chiguawang319/202609/blob/main/20260927/ceWmE_MKVVAp.md,https://raw.githubusercontent.com/51chiguawang319/202609/main/20260927/ceWmE_MKVVAp.md
cFAGM_knluUU.md,主域名3000份,体育赛事,300,https://github.com/51chiguawang319/202609/blob/main/20260927/cFAGM_knluUU.md,https://raw.githubusercontent.com/51chiguawang319/202609/main/20260927/cFAGM_knluUU.md
cfaoV_YkXWfL.md,主域名3000份,体育赛事,300,https://github.com/51chiguawang319/202609/blob/main/20260927/cfaoV_YkXWfL.md,https://raw.githubusercontent.com/51chiguawang319/202609/main/20260927/cfaoV_YkXWfL.md
CGAHx_OuCWEp.md,主域名3000份,文化娱乐,300,https://github.com/51chiguawang319/202609/blob/main/20260927/CGAHx_OuCWEp.md,https://raw.githubusercontent.com/51chiguawang319/202609/main/20260927/CGAHx_OuCWEp.md
CgiOp_LQNfVg.md,主域名3000份,体育赛事,300,https://github.com/51chiguawang319/202609/blob/main/20260927/CgiOp_LQNfVg.md,https://raw.githubusercontent.com/51chiguawang319/202609/main/20260927/CgiOp_LQNfVg.md
cgOiE_UZMrDM.md,泛二级1000份,科技数码,300,https://github.com/51chiguawang319/202609/blob/main/20260927/cgOiE_UZMrDM.md,https://raw.githubusercontent.com/51chiguawang319/202609/main/20260927/cgOiE_UZMrDM.md
CGoMT_lUHwQc.md,主域名3000份,健康医疗,300,https://github.com/51chiguawang319/202609/blob/main/20260927/CGoMT_lUHwQc.md,https://raw.githubusercontent.com/51chiguawang319/202609/main/20260927/CGoMT_lUHwQc.md
cgPXC_KPsOCw.md,主域名3000份,天气环境,300,https://github.com/51chiguawang319/202609/blob/main/20260927/cgPXC_KPsOCw.md,https://raw.githubusercontent.com/51chiguawang319/202609/main/20260927/cgPXC_KPsOCw.md
cGuZh_CsTZtP.md,主域名3000份,健康医疗,300,https://github.com/51chiguawang319/202609/blob/main/20260927/cGuZh_CsTZtP.md,https://raw.githubusercontent.com/51chiguawang319/202609/main/20260927/cGuZh_CsTZtP.md
CgZDw_UaXtkU.md,主域名3000份,天气环境,300,https://github.com/51chiguawang319/202609/blob/main/20260927/CgZDw_UaXtkU.md,https://raw.githubusercontent.com/51chiguawang319/202609/main/20260927/CgZDw_UaXtkU.md
cHbDv_zzVXkq.md,泛二级1000份,健康医疗,300,https://github.com/51chiguawang319/202609/blob/main/20260927/cHbDv_zzVXkq.md,https://raw.githubusercontent.com/51chiguawang319/202609/main/20260927/cHbDv_zzVXkq.md
ChCuj_xdxoEM.md,主域名3000份,健康医疗,300,https://github.com/51chiguawang319/202609/blob/main/20260927/ChCuj_xdxoEM.md,https://raw.githubusercontent.com/51chiguawang319/202609/main/20260927/ChCuj_xdxoEM.md
chDBp_RKcfWc.md,泛二级1000份,天气环境,300,https://github.com/51chiguawang319/202609/blob/main/20260927/chDBp_RKcfWc.md,https://raw.githubusercontent.com/51chiguawang319/202609/main/20260927/chDBp_RKcfWc.md
cHdUL_ZQOcdR.md,主域名3000份,财经商业,300,https://github.com/51chiguawang319/202609/blob/main/20260927/cHdUL_ZQOcdR.md,https://raw.githubusercontent.com/51chiguawang319/202609/main/20260927/cHdUL_ZQOcdR.md
chgyO_zvHoKJ.md,泛二级1000份,文化娱乐,300,https://github.com/51chiguawang319/202609/blob/main/20260927/chgyO_zvHoKJ.md,https://raw.githubusercontent.com/51chiguawang319/202609/main/20260927/chgyO_zvHoKJ.md
cHkKa_SqNugp.md,泛二级1000份,天气环境,300,https://github.com/51chiguawang319/202609/blob/main/20260927/cHkKa_SqNugp.md,https://raw.githubusercontent.com/51chiguawang319/202609/main/20260927/cHkKa_SqNugp.md
CHoiG_bQZriD.md,泛二级1000份,天气环境,300,https://github.com/51chiguawang319/202609/blob/main/20260927/CHoiG_bQZriD.md,https://raw.githubusercontent.com/51chiguawang319/202609/main/20260927/CHoiG_bQZriD.md
ChRcB_FxxzoB.md,主域名3000份,体育赛事,300,https://github.com/51chiguawang319/202609/blob/main/20260927/ChRcB_FxxzoB.md,https://raw.githubusercontent.com/51chiguawang319/202609/main/20260927/ChRcB_FxxzoB.md
cHsLu_NCYLpk.md,泛二级1000份,天气环境,300,https://github.com/51chiguawang319/202609/blob/main/20260927/cHsLu_NCYLpk.md,https://raw.githubusercontent.com/51chiguawang319/202609/main/20260927/cHsLu_NCYLpk.md
chtQJ_ByiCOD.md,泛二级1000份,体育赛事,300,https://github.com/51chiguawang319/202609/blob/main/20260927/chtQJ_ByiCOD.md,https://raw.githubusercontent.com/51chiguawang319/202609/main/20260927/chtQJ_ByiCOD.md
cIGyA_ipnzRv.md,泛二级1000份,体育赛事,300,https://github.com/51chiguawang319/202609/blob/main/20260927/cIGyA_ipnzRv.md,https://raw.githubusercontent.com/51chiguawang319/202609/main/20260927/cIGyA_ipnzRv.md
CiRtM_khqnOq.md,主域名3000份,体育赛事,300,https://github.com/51chiguawang319/202609/blob/main/20260927/CiRtM_khqnOq.md,https://raw.githubusercontent.com/51chiguawang319/202609/main/20260927/CiRtM_khqnOq.md
ciuCj_AqUiKJ.md,主域名3000份,文化娱乐,300,https://github.com/51chiguawang319/202609/blob/main/20260927/ciuCj_AqUiKJ.md,https://raw.githubusercontent.com/51chiguawang319/202609/main/20260927/ciuCj_AqUiKJ.md
CJeBY_hEyDnC.md,主域名3000份,体育赛事,300,https://github.com/51chiguawang319/202609/blob/main/20260927/CJeBY_hEyDnC.md,https://raw.githubusercontent.com/51chiguawang319/202609/main/20260927/CJeBY_hEyDnC.md
CjEcf_nHcvXh.md,主域名3000份,健康医疗,300,https://github.com/51chiguawang319/202609/blob/main/20260927/CjEcf_nHcvXh.md,https://raw.githubusercontent.com/51chiguawang319/202609/main/20260927/CjEcf_nHcvXh.md
CJfaH_UOVeRe.md,主域名3000份,科技数码,300,https://github.com/51chiguawang319/202609/blob/main/20260927/CJfaH_UOVeRe.md,https://raw.githubusercontent.com/51chiguawang319/202609/main/20260927/CJfaH_UOVeRe.md
CJMbS_BZNcCt.md,主域名3000份,健康医疗,300,https://github.com/51chiguawang319/202609/blob/main/20260927/CJMbS_BZNcCt.md,https://raw.githubusercontent.com/51chiguawang319/202609/main/20260927/CJMbS_BZNcCt.md
Cjwgv_yqqITk.md,主域名3000份,天气环境,300,https://github.com/51chiguawang319/202609/blob/main/20260927/Cjwgv_yqqITk.md,https://raw.githubusercontent.com/51chiguawang319/202609/main/20260927/Cjwgv_yqqITk.md
CjXUo_QNiGqW.md,泛二级1000份,体育赛事,300,https://github.com/51chiguawang319/202609/blob/main/20260927/CjXUo_QNiGqW.md,https://raw.githubusercontent.com/51chiguawang319/202609/main/20260927/CjXUo_QNiGqW.md
Ckcga_tOpEGM.md,主域名3000份,天气环境,300,https://github.com/51chiguawang319/202609/blob/main/20260927/Ckcga_tOpEGM.md,https://raw.githubusercontent.com/51chiguawang319/202609/main/20260927/Ckcga_tOpEGM.md
CkcNF_EnvKhD.md,主域名3000份,科技数码,300,https://github.com/51chiguawang319/202609/blob/main/20260927/CkcNF_EnvKhD.md,https://raw.githubusercontent.com/51chiguawang319/202609/main/20260927/CkcNF_EnvKhD.md
cKebT_IMYBFj.md,主域名3000份,健康医疗,300,https://github.com/51chiguawang319/202609/blob/main/20260927/cKebT_IMYBFj.md,https://raw.githubusercontent.com/51chiguawang319/202609/main/20260927/cKebT_IMYBFj.md
CKfxn_TatSvm.md,主域名3000份,体育赛事,300,https://github.com/51chiguawang319/202609/blob/main/20260927/CKfxn_TatSvm.md,https://raw.githubusercontent.com/51chiguawang319/202609/main/20260927/CKfxn_TatSvm.md
ckFYL_apKYuH.md,泛二级1000份,天气环境,300,https://github.com/51chiguawang319/202609/blob/main/20260927/ckFYL_apKYuH.md,https://raw.githubusercontent.com/51chiguawang319/202609/main/20260927/ckFYL_apKYuH.md
CKLcT_Zrbwzg.md,泛二级1000份,体育赛事,300,https://github.com/51chiguawang319/202609/blob/main/20260927/CKLcT_Zrbwzg.md,https://raw.githubusercontent.com/51chiguawang319/202609/main/20260927/CKLcT_Zrbwzg.md
cKmSB_ovSPrr.md,泛二级1000份,科技数码,300,https://github.com/51chiguawang319/202609/blob/main/20260927/cKmSB_ovSPrr.md,https://raw.githubusercontent.com/51chiguawang319/202609/main/20260927/cKmSB_ovSPrr.md
cLBUc_bAxffX.md,主域名3000份,天气环境,300,https://github.com/51chiguawang319/202609/blob/main/20260927/cLBUc_bAxffX.md,https://raw.githubusercontent.com/51chiguawang319/202609/main/20260927/cLBUc_bAxffX.md
cleSp_YXWUdr.md,主域名3000份,天气环境,300,https://github.com/51chiguawang319/202609/blob/main/20260927/cleSp_YXWUdr.md,https://raw.githubusercontent.com/51chiguawang319/202609/main/20260927/cleSp_YXWUdr.md
CLiSC_vNsCww.md,主域名3000份,天气环境,300,https://github.com/51chiguawang319/202609/blob/main/20260927/CLiSC_vNsCww.md,https://raw.githubusercontent.com/51chiguawang319/202609/main/20260927/CLiSC_vNsCww.md
cLjxn_yTlesK.md,主域名3000份,财经商业,300,https://github.com/51chiguawang319/202609/blob/main/20260927/cLjxn_yTlesK.md,https://raw.githubusercontent.com/51chiguawang319/202609/main/20260927/cLjxn_yTlesK.md
ClkMp_tShgGF.md,主域名3000份,天气环境,300,https://github.com/51chiguawang319/202609/blob/main/20260927/ClkMp_tShgGF.md,https://raw.githubusercontent.com/51chiguawang319/202609/main/20260927/ClkMp_tShgGF.md
cLqmL_iFGQys.md,主域名3000份,天气环境,300,https://github.com/51chiguawang319/202609/blob/main/20260927/cLqmL_iFGQys.md,https://raw.githubusercontent.com/51chiguawang319/202609/main/20260927/cLqmL_iFGQys.md
ClQqj_QNazts.md,主域名3000份,天气环境,300,https://github.com/51chiguawang319/202609/blob/main/20260927/ClQqj_QNazts.md,https://raw.githubusercontent.com/51chiguawang319/202609/main/20260927/ClQqj_QNazts.md
Cltki_OtJjFJ.md,主域名3000份,科技数码,300,https://github.com/51chiguawang319/202609/blob/main/20260927/Cltki_OtJjFJ.md,https://raw.githubusercontent.com/51chiguawang319/202609/main/20260927/Cltki_OtJjFJ.md
ClUin_EPgpEg.md,主域名3000份,体育赛事,300,https://github.com/51chiguawang319/202609/blob/main/20260927/ClUin_EPgpEg.md,https://raw.githubusercontent.com/51chiguawang319/202609/main/20260927/ClUin_EPgpEg.md
cLXSc_PvSwbj.md,泛二级1000份,天气环境,300,https://github.com/51chiguawang319/202609/blob/main/20260927/cLXSc_PvSwbj.md,https://raw.githubusercontent.com/51chiguawang319/202609/main/20260927/cLXSc_PvSwbj.md
CmAVW_aFqLJi.md,主域名3000份,文化娱乐,300,https://github.com/51chiguawang319/202609/blob/main/20260927/CmAVW_aFqLJi.md,https://raw.githubusercontent.com/51chiguawang319/202609/main/20260927/CmAVW_aFqLJi.md
cmhFV_UvqmrC.md,泛二级1000份,天气环境,300,https://github.com/51chiguawang319/202609/blob/main/20260927/cmhFV_UvqmrC.md,https://raw.githubusercontent.com/51chiguawang319/202609/main/20260927/cmhFV_UvqmrC.md
cMitV_VqomzS.md,主域名3000份,财经商业,300,https://github.com/51chiguawang319/202609/blob/main/20260927/cMitV_VqomzS.md,https://raw.githubusercontent.com/51chiguawang319/202609/main/20260927/cMitV_VqomzS.md
Cmiub_yxZqtT.md,泛二级1000份,财经商业,300,https://github.com/51chiguawang319/202609/blob/main/20260927/Cmiub_yxZqtT.md,https://raw.githubusercontent.com/51chiguawang319/202609/main/20260927/Cmiub_yxZqtT.md
cMmLu_nVOluT.md,主域名3000份,健康医疗,300,https://github.com/51chiguawang319/202609/blob/main/20260927/cMmLu_nVOluT.md,https://raw.githubusercontent.com/51chiguawang319/202609/main/20260927/cMmLu_nVOluT.md
cmnhZ_Zuohrs.md,主域名3000份,健康医疗,300,https://github.com/51chiguawang319/202609/blob/main/20260927/cmnhZ_Zuohrs.md,https://raw.githubusercontent.com/51chiguawang319/202609/main/20260927/cmnhZ_Zuohrs.md
cMnzq_mVezxW.md,主域名3000份,财经商业,300,https://github.com/51chiguawang319/202609/blob/main/20260927/cMnzq_mVezxW.md,https://raw.githubusercontent.com/51chiguawang319/202609/main/20260927/cMnzq_mVezxW.md
cmVrV_KAxhMn.md,主域名3000份,文化娱乐,300,https://github.com/51chiguawang319/202609/blob/main/20260927/cmVrV_KAxhMn.md,https://raw.githubusercontent.com/51chiguawang319/202609/main/20260927/cmVrV_KAxhMn.md
cMvzm_TdsUsc.md,主域名3000份,健康医疗,300,https://github.com/51chiguawang319/202609/blob/main/20260927/cMvzm_TdsUsc.md,https://raw.githubusercontent.com/51chiguawang319/202609/main/20260927/cMvzm_TdsUsc.md
cMxvy_yxgwUc.md,主域名3000份,健康医疗,300,https://github.com/51chiguawang319/202609/blob/main/20260927/cMxvy_yxgwUc.md,https://raw.githubusercontent.com/51chiguawang319/202609/main/20260927/cMxvy_yxgwUc.md
CnAJI_FpwVkj.md,主域名3000份,科技数码,300,https://github.com/51chiguawang319/202609/blob/main/20260927/CnAJI_FpwVkj.md,https://raw.githubusercontent.com/51chiguawang319/202609/main/20260927/CnAJI_FpwVkj.md
cNfWG_rIAVKm.md,泛二级1000份,文化娱乐,300,https://github.com/51chiguawang319/202609/blob/main/20260927/cNfWG_rIAVKm.md,https://raw.githubusercontent.com/51chiguawang319/202609/main/20260927/cNfWG_rIAVKm.md
cNKvA_YRCeeB.md,主域名3000份,文化娱乐,300,https://github.com/51chiguawang319/202609/blob/main/20260927/cNKvA_YRCeeB.md,https://raw.githubusercontent.com/51chiguawang319/202609/main/20260927/cNKvA_YRCeeB.md
CNMIx_xgDKQj.md,主域名3000份,科技数码,300,https://github.com/51chiguawang319/202609/blob/main/20260927/CNMIx_xgDKQj.md,https://raw.githubusercontent.com/51chiguawang319/202609/main/20260927/CNMIx_xgDKQj.md
CNmQd_jkgDko.md,泛二级1000份,文化娱乐,300,https://github.com/51chiguawang319/202609/blob/main/20260927/CNmQd_jkgDko.md,https://raw.githubusercontent.com/51chiguawang319/202609/main/20260927/CNmQd_jkgDko.md
CNTbx_MmmGHK.md,主域名3000份,财经商业,300,https://github.com/51chiguawang319/202609/blob/main/20260927/CNTbx_MmmGHK.md,https://raw.githubusercontent.com/51chiguawang319/202609/main/20260927/CNTbx_MmmGHK.md
CNUKe_gozFtl.md,主域名3000份,体育赛事,300,https://github.com/51chiguawang319/202609/blob/main/20260927/CNUKe_gozFtl.md,https://raw.githubusercontent.com/51chiguawang319/202609/main/20260927/CNUKe_gozFtl.md
cnuYA_ylguGQ.md,泛二级1000份,健康医疗,300,https://github.com/51chiguawang319/202609/blob/main/20260927/cnuYA_ylguGQ.md,https://raw.githubusercontent.com/51chiguawang319/202609/main/20260927/cnuYA_ylguGQ.md
CNWgC_kTjxoq.md,泛二级1000份,天气环境,300,https://github.com/51chiguawang319/202609/blob/main/20260927/CNWgC_kTjxoq.md,https://raw.githubusercontent.com/51chiguawang319/202609/main/20260927/CNWgC_kTjxoq.md
CNWmA_yZLjRp.md,主域名3000份,健康医疗,300,https://github.com/51chiguawang319/202609/blob/main/20260927/CNWmA_yZLjRp.md,https://raw.githubusercontent.com/51chiguawang319/202609/main/20260927/CNWmA_yZLjRp.md
coRWr_UEqxUc.md,主域名3000份,财经商业,300,https://github.com/51chiguawang319/202609/blob/main/20260927/coRWr_UEqxUc.md,https://raw.githubusercontent.com/51chiguawang319/202609/main/20260927/coRWr_UEqxUc.md
coVGL_BpyDmY.md,泛二级1000份,体育赛事,300,https://github.com/51chiguawang319/202609/blob/main/20260927/coVGL_BpyDmY.md,https://raw.githubusercontent.com/51chiguawang319/202609/main/20260927/coVGL_BpyDmY.md
Cpbab_aTSEkU.md,泛二级1000份,体育赛事,300,https://github.com/51chiguawang319/202609/blob/main/20260927/Cpbab_aTSEkU.md,https://raw.githubusercontent.com/51chiguawang319/202609/main/20260927/Cpbab_aTSEkU.md
CPcGc_pjFkjN.md,泛二级1000份,体育赛事,300,https://github.com/51chiguawang319/202609/blob/main/20260927/CPcGc_pjFkjN.md,https://raw.githubusercontent.com/51chiguawang319/202609/main/20260927/CPcGc_pjFkjN.md
cpkqG_cyQIBU.md,主域名3000份,财经商业,300,https://github.com/51chiguawang319/202609/blob/main/20260927/cpkqG_cyQIBU.md,https://raw.githubusercontent.com/51chiguawang319/202609/main/20260927/cpkqG_cyQIBU.md
cPLMC_IapaUo.md,主域名3000份,文化娱乐,300,https://github.com/51chiguawang319/202609/blob/main/20260927/cPLMC_IapaUo.md,https://raw.githubusercontent.com/51chiguawang319/202609/main/20260927/cPLMC_IapaUo.md
cpxiZ_OuGyzR.md,泛二级1000份,天气环境,300,https://github.com/51chiguawang319/202609/blob/main/20260927/cpxiZ_OuGyzR.md,https://raw.githubusercontent.com/51chiguawang319/202609/main/20260927/cpxiZ_OuGyzR.md
cPYBs_mzyTVT.md,主域名3000份,天气环境,300,https://github.com/51chiguawang319/202609/blob/main/20260927/cPYBs_mzyTVT.md,https://raw.githubusercontent.com/51chiguawang319/202609/main/20260927/cPYBs_mzyTVT.md
cqMDz_VdFDNk.md,主域名3000份,文化娱乐,300,https://github.com/51chiguawang319/202609/blob/main/20260927/cqMDz_VdFDNk.md,https://raw.githubusercontent.com/51chiguawang319/202609/main/20260927/cqMDz_VdFDNk.md
CQNlJ_kpTBtf.md,主域名3000份,健康医疗,300,https://github.com/51chiguawang319/202609/blob/main/20260927/CQNlJ_kpTBtf.md,https://raw.githubusercontent.com/51chiguawang319/202609/main/20260927/CQNlJ_kpTBtf.md
cqydZ_szfECg.md,主域名3000份,文化娱乐,300,https://github.com/51chiguawang319/202609/blob/main/20260927/cqydZ_szfECg.md,https://raw.githubusercontent.com/51chiguawang319/202609/main/20260927/cqydZ_szfECg.md
crJNr_PoSXgx.md,主域名3000份,健康医疗,300,https://github.com/51chiguawang319/202609/blob/main/20260927/crJNr_PoSXgx.md,https://raw.githubusercontent.com/51chiguawang319/202609/main/20260927/crJNr_PoSXgx.md
CRlyC_hVpEON.md,泛二级1000份,健康医疗,300,https://github.com/51chiguawang319/202609/blob/main/20260927/CRlyC_hVpEON.md,https://raw.githubusercontent.com/51chiguawang319/202609/main/20260927/CRlyC_hVpEON.md
CrqJP_woxDAR.md,主域名3000份,体育赛事,300,https://github.com/51chiguawang319/202609/blob/main/20260927/CrqJP_woxDAR.md,https://raw.githubusercontent.com/51chiguawang319/202609/main/20260927/CrqJP_woxDAR.md
crTrF_YkVZbO.md,泛二级1000份,体育赛事,300,https://github.com/51chiguawang319/202609/blob/main/20260927/crTrF_YkVZbO.md,https://raw.githubusercontent.com/51chiguawang319/202609/main/20260927/crTrF_YkVZbO.md
CRufS_tqsgII.md,主域名3000份,天气环境,300,https://github.com/51chiguawang319/202609/blob/main/20260927/CRufS_tqsgII.md,https://raw.githubusercontent.com/51chiguawang319/202609/main/20260927/CRufS_tqsgII.md
cSgVY_jXqPmk.md,主域名3000份,体育赛事,300,https://github.com/51chiguawang319/202609/blob/main/20260927/cSgVY_jXqPmk.md,https://raw.githubusercontent.com/51chiguawang319/202609/main/20260927/cSgVY_jXqPmk.md
CSKvN_DWVVab.md,主域名3000份,健康医疗,300,https://github.com/51chiguawang319/202609/blob/main/20260927/CSKvN_DWVVab.md,https://raw.githubusercontent.com/51chiguawang319/202609/main/20260927/CSKvN_DWVVab.md
CsPat_jnBseO.md,主域名3000份,财经商业,300,https://github.com/51chiguawang319/202609/blob/main/20260927/CsPat_jnBseO.md,https://raw.githubusercontent.com/51chiguawang319/202609/main/20260927/CsPat_jnBseO.md
CsRTZ_nxAmkm.md,泛二级1000份,文化娱乐,300,https://github.com/51chiguawang319/202609/blob/main/20260927/CsRTZ_nxAmkm.md,https://raw.githubusercontent.com/51chiguawang319/202609/main/20260927/CsRTZ_nxAmkm.md
ctAai_MUqbIt.md,主域名3000份,天气环境,300,https://github.com/51chiguawang319/202609/blob/main/20260927/ctAai_MUqbIt.md,https://raw.githubusercontent.com/51chiguawang319/202609/main/20260927/ctAai_MUqbIt.md
CTDoe_eSRLNQ.md,泛二级1000份,天气环境,300,https://github.com/51chiguawang319/202609/blob/main/20260927/CTDoe_eSRLNQ.md,https://raw.githubusercontent.com/51chiguawang319/202609/main/20260927/CTDoe_eSRLNQ.md
CTOoZ_DrVicp.md,主域名3000份,财经商业,300,https://github.com/51chiguawang319/202609/blob/main/20260927/CTOoZ_DrVicp.md,https://raw.githubusercontent.com/51chiguawang319/202609/main/20260927/CTOoZ_DrVicp.md
CtQoi_zMQEvn.md,主域名3000份,财经商业,300,https://github.com/51chiguawang319/202609/blob/main/20260927/CtQoi_zMQEvn.md,https://raw.githubusercontent.com/51chiguawang319/202609/main/20260927/CtQoi_zMQEvn.md
cUEDj_xgMHgL.md,主域名3000份,天气环境,300,https://github.com/51chiguawang319/202609/blob/main/20260927/cUEDj_xgMHgL.md,https://raw.githubusercontent.com/51chiguawang319/202609/main/20260927/cUEDj_xgMHgL.md
cUjXf_OyEfFX.md,泛二级1000份,天气环境,300,https://github.com/51chiguawang319/202609/blob/main/20260927/cUjXf_OyEfFX.md,https://raw.githubusercontent.com/51chiguawang319/202609/main/20260927/cUjXf_OyEfFX.md
cUkSc_DkTfri.md,主域名3000份,体育赛事,300,https://github.com/51chiguawang319/202609/blob/main/20260927/cUkSc_DkTfri.md,https://raw.githubusercontent.com/51chiguawang319/202609/main/20260927/cUkSc_DkTfri.md
CUMUw_blnwRw.md,泛二级1000份,体育赛事,300,https://github.com/51chiguawang319/202609/blob/main/20260927/CUMUw_blnwRw.md,https://raw.githubusercontent.com/51chiguawang319/202609/main/20260927/CUMUw_blnwRw.md
cURuK_NWmIfZ.md,主域名3000份,体育赛事,300,https://github.com/51chiguawang319/202609/blob/main/20260927/cURuK_NWmIfZ.md,https://raw.githubusercontent.com/51chiguawang319/202609/main/20260927/cURuK_NWmIfZ.md
CUSlh_hXGiuj.md,主域名3000份,财经商业,300,https://github.com/51chiguawang319/202609/blob/main/20260927/CUSlh_hXGiuj.md,https://raw.githubusercontent.com/51chiguawang319/202609/main/20260927/CUSlh_hXGiuj.md
CUvOJ_FHOaKG.md,主域名3000份,科技数码,300,https://github.com/51chiguawang319/202609/blob/main/20260927/CUvOJ_FHOaKG.md,https://raw.githubusercontent.com/51chiguawang319/202609/main/20260927/CUvOJ_FHOaKG.md
CvCRy_Cpquqr.md,主域名3000份,科技数码,300,https://github.com/51chiguawang319/202609/blob/main/20260927/CvCRy_Cpquqr.md,https://raw.githubusercontent.com/51chiguawang319/202609/main/20260927/CvCRy_Cpquqr.md
cvLrx_ZUEwDf.md,主域名3000份,天气环境,300,https://github.com/51chiguawang319/202609/blob/main/20260927/cvLrx_ZUEwDf.md,https://raw.githubusercontent.com/51chiguawang319/202609/main/20260927/cvLrx_ZUEwDf.md
CVSmS_fxgpbA.md,泛二级1000份,科技数码,300,https://github.com/51chiguawang319/202609/blob/main/20260927/CVSmS_fxgpbA.md,https://raw.githubusercontent.com/51chiguawang319/202609/main/20260927/CVSmS_fxgpbA.md
cVUTE_LcBodr.md,主域名3000份,体育赛事,300,https://github.com/51chiguawang319/202609/blob/main/20260927/cVUTE_LcBodr.md,https://raw.githubusercontent.com/51chiguawang319/202609/main/20260927/cVUTE_LcBodr.md
cVvSw_xkJxwQ.md,泛二级1000份,健康医疗,300,https://github.com/51chiguawang319/202609/blob/main/20260927/cVvSw_xkJxwQ.md,https://raw.githubusercontent.com/51chiguawang319/202609/main/20260927/cVvSw_xkJxwQ.md
cvxAa_hMqMyW.md,主域名3000份,天气环境,300,https://github.com/51chiguawang319/202609/blob/main/20260927/cvxAa_hMqMyW.md,https://raw.githubusercontent.com/51chiguawang319/202609/main/20260927/cvxAa_hMqMyW.md
cWHhS_OYQpfV.md,主域名3000份,科技数码,300,https://github.com/51chiguawang319/202609/blob/main/20260927/cWHhS_OYQpfV.md,https://raw.githubusercontent.com/51chiguawang319/202609/main/20260927/cWHhS_OYQpfV.md
cwIHv_blnAKN.md,主域名3000份,体育赛事,300,https://github.com/51chiguawang319/202609/blob/main/20260927/cwIHv_blnAKN.md,https://raw.githubusercontent.com/51chiguawang319/202609/main/20260927/cwIHv_blnAKN.md
CwJdo_vFnauK.md,主域名3000份,财经商业,300,https://github.com/51chiguawang319/202609/blob/main/20260927/CwJdo_vFnauK.md,https://raw.githubusercontent.com/51chiguawang319/202609/main/20260927/CwJdo_vFnauK.md
cWsrF_yZkYGS.md,主域名3000份,文化娱乐,300,https://github.com/51chiguawang319/202609/blob/main/20260927/cWsrF_yZkYGS.md,https://raw.githubusercontent.com/51chiguawang319/202609/main/20260927/cWsrF_yZkYGS.md
CwTPC_UQOuvk.md,主域名3000份,财经商业,300,https://github.com/51chiguawang319/202609/blob/main/20260927/CwTPC_UQOuvk.md,https://raw.githubusercontent.com/51chiguawang319/202609/main/20260927/CwTPC_UQOuvk.md
cWxIf_xJsrNp.md,主域名3000份,财经商业,300,https://github.com/51chiguawang319/202609/blob/main/20260927/cWxIf_xJsrNp.md,https://raw.githubusercontent.com/51chiguawang319/202609/main/20260927/cWxIf_xJsrNp.md
cwYjx_CdxlJd.md,泛二级1000份,天气环境,300,https://github.com/51chiguawang319/202609/blob/main/20260927/cwYjx_CdxlJd.md,https://raw.githubusercontent.com/51chiguawang319/202609/main/20260927/cwYjx_CdxlJd.md
CXaSO_LyPpGU.md,泛二级1000份,科技数码,300,https://github.com/51chiguawang319/202609/blob/main/20260927/CXaSO_LyPpGU.md,https://raw.githubusercontent.com/51chiguawang319/202609/main/20260927/CXaSO_LyPpGU.md
CxEdk_KidFds.md,主域名3000份,体育赛事,300,https://github.com/51chiguawang319/202609/blob/main/20260927/CxEdk_KidFds.md,https://raw.githubusercontent.com/51chiguawang319/202609/main/20260927/CxEdk_KidFds.md
cxeWe_iYHnnw.md,主域名3000份,天气环境,300,https://github.com/51chiguawang319/202609/blob/main/20260927/cxeWe_iYHnnw.md,https://raw.githubusercontent.com/51chiguawang319/202609/main/20260927/cxeWe_iYHnnw.md
CXYjm_hacHtu.md,主域名3000份,科技数码,300,https://github.com/51chiguawang319/202609/blob/main/20260927/CXYjm_hacHtu.md,https://raw.githubusercontent.com/51chiguawang319/202609/main/20260927/CXYjm_hacHtu.md
cxZJp_vptPRt.md,主域名3000份,天气环境,300,https://github.com/51chiguawang319/202609/blob/main/20260927/cxZJp_vptPRt.md,https://raw.githubusercontent.com/51chiguawang319/202609/main/20260927/cxZJp_vptPRt.md
CYesW_XvYsVT.md,主域名3000份,文化娱乐,300,https://github.com/51chiguawang319/202609/blob/main/20260927/CYesW_XvYsVT.md,https://raw.githubusercontent.com/51chiguawang319/202609/main/20260927/CYesW_XvYsVT.md
cYFui_OLOmBA.md,主域名3000份,天气环境,300,https://github.com/51chiguawang319/202609/blob/main/20260927/cYFui_OLOmBA.md,https://raw.githubusercontent.com/51chiguawang319/202609/main/20260927/cYFui_OLOmBA.md
cygSN_GBgApl.md,主域名3000份,科技数码,300,https://github.com/51chiguawang319/202609/blob/main/20260927/cygSN_GBgApl.md,https://raw.githubusercontent.com/51chiguawang319/202609/main/20260927/cygSN_GBgApl.md
cyjWJ_SHpleM.md,主域名3000份,科技数码,300,https://github.com/51chiguawang319/202609/blob/main/20260927/cyjWJ_SHpleM.md,https://raw.githubusercontent.com/51chiguawang319/202609/main/20260927/cyjWJ_SHpleM.md
cYMDl_InoguD.md,主域名3000份,科技数码,300,https://github.com/51chiguawang319/202609/blob/main/20260927/cYMDl_InoguD.md,https://raw.githubusercontent.com/51chiguawang319/202609/main/20260927/cYMDl_InoguD.md
cySpP_ScYrPI.md,主域名3000份,健康医疗,300,https://github.com/51chiguawang319/202609/blob/main/20260927/cySpP_ScYrPI.md,https://raw.githubusercontent.com/51chiguawang319/202609/main/20260927/cySpP_ScYrPI.md
cZCcX_qZpDMQ.md,主域名3000份,文化娱乐,300,https://github.com/51chiguawang319/202609/blob/main/20260927/cZCcX_qZpDMQ.md,https://raw.githubusercontent.com/51chiguawang319/202609/main/20260927/cZCcX_qZpDMQ.md
czCJG_JbqLAb.md,泛二级1000份,财经商业,300,https://github.com/51chiguawang319/202609/blob/main/20260927/czCJG_JbqLAb.md,https://raw.githubusercontent.com/51chiguawang319/202609/main/20260927/czCJG_JbqLAb.md
CzLfd_DNHgSx.md,泛二级1000份,科技数码,300,https://github.com/51chiguawang319/202609/blob/main/20260927/CzLfd_DNHgSx.md,https://raw.githubusercontent.com/51chiguawang319/202609/main/20260927/CzLfd_DNHgSx.md
czVnE_HXFtzg.md,主域名3000份,体育赛事,300,https://github.com/51chiguawang319/202609/blob/main/20260927/czVnE_HXFtzg.md,https://raw.githubusercontent.com/51chiguawang319/202609/main/20260927/czVnE_HXFtzg.md
CZvwX_FzqkdG.md,主域名3000份,文化娱乐,300,https://github.com/51chiguawang319/202609/blob/main/20260927/CZvwX_FzqkdG.md,https://raw.githubusercontent.com/51chiguawang319/202609/main/20260927/CZvwX_FzqkdG.md
daFNH_zeUxNx.md,主域名3000份,科技数码,300,https://github.com/51chiguawang319/202609/blob/main/20260927/daFNH_zeUxNx.md,https://raw.githubusercontent.com/51chiguawang319/202609/main/20260927/daFNH_zeUxNx.md
daIuN_zRrBhO.md,主域名3000份,财经商业,300,https://github.com/51chiguawang319/202609/blob/main/20260927/daIuN_zRrBhO.md,https://raw.githubusercontent.com/51chiguawang319/202609/main/20260927/daIuN_zRrBhO.md
DAoYy_Wkvkkd.md,主域名3000份,天气环境,300,https://github.com/51chiguawang319/202609/blob/main/20260927/DAoYy_Wkvkkd.md,https://raw.githubusercontent.com/51chiguawang319/202609/main/20260927/DAoYy_Wkvkkd.md
daQRa_EymuTq.md,主域名3000份,健康医疗,300,https://github.com/51chiguawang319/202609/blob/main/20260927/daQRa_EymuTq.md,https://raw.githubusercontent.com/51chiguawang319/202609/main/20260927/daQRa_EymuTq.md
dAvuY_BfYmhJ.md,主域名3000份,文化娱乐,300,https://github.com/51chiguawang319/202609/blob/main/20260927/dAvuY_BfYmhJ.md,https://raw.githubusercontent.com/51chiguawang319/202609/main/20260927/dAvuY_BfYmhJ.md
Dawtp_UeCeeY.md,主域名3000份,财经商业,300,https://github.com/51chiguawang319/202609/blob/main/20260927/Dawtp_UeCeeY.md,https://raw.githubusercontent.com/51chiguawang319/202609/main/20260927/Dawtp_UeCeeY.md
DaXuF_ickyVZ.md,主域名3000份,科技数码,300,https://github.com/51chiguawang319/202609/blob/main/20260927/DaXuF_ickyVZ.md,https://raw.githubusercontent.com/51chiguawang319/202609/main/20260927/DaXuF_ickyVZ.md
daZhv_Lxskhz.md,主域名3000份,财经商业,300,https://github.com/51chiguawang319/202609/blob/main/20260927/daZhv_Lxskhz.md,https://raw.githubusercontent.com/51chiguawang319/202609/main/20260927/daZhv_Lxskhz.md
DAzZR_DHegHv.md,泛二级1000份,科技数码,300,https://github.com/51chiguawang319/202609/blob/main/20260927/DAzZR_DHegHv.md,https://raw.githubusercontent.com/51chiguawang319/202609/main/20260927/DAzZR_DHegHv.md
DBkSe_rFHqvr.md,泛二级1000份,科技数码,300,https://github.com/51chiguawang319/202609/blob/main/20260927/DBkSe_rFHqvr.md,https://raw.githubusercontent.com/51chiguawang319/202609/main/20260927/DBkSe_rFHqvr.md
dbSmG_vecIWO.md,主域名3000份,天气环境,300,https://github.com/51chiguawang319/202609/blob/main/20260927/dbSmG_vecIWO.md,https://raw.githubusercontent.com/51chiguawang319/202609/main/20260927/dbSmG_vecIWO.md
DbUGh_WzhCDs.md,泛二级1000份,科技数码,300,https://github.com/51chiguawang319/202609/blob/main/20260927/DbUGh_WzhCDs.md,https://raw.githubusercontent.com/51chiguawang319/202609/main/20260927/DbUGh_WzhCDs.md
dcAdP_RqHeDP.md,主域名3000份,文化娱乐,300,https://github.com/51chiguawang319/202609/blob/main/20260927/dcAdP_RqHeDP.md,https://raw.githubusercontent.com/51chiguawang319/202609/main/20260927/dcAdP_RqHeDP.md
DcgHC_SRCDfc.md,主域名3000份,财经商业,300,https://github.com/51chiguawang319/202609/blob/main/20260927/DcgHC_SRCDfc.md,https://raw.githubusercontent.com/51chiguawang319/202609/main/20260927/DcgHC_SRCDfc.md
dCHbP_cvuanD.md,主域名3000份,财经商业,300,https://github.com/51chiguawang319/202609/blob/main/20260927/dCHbP_cvuanD.md,https://raw.githubusercontent.com/51chiguawang319/202609/main/20260927/dCHbP_cvuanD.md
dCUob_sBGDjG.md,主域名3000份,天气环境,300,https://github.com/51chiguawang319/202609/blob/main/20260927/dCUob_sBGDjG.md,https://raw.githubusercontent.com/51chiguawang319/202609/main/20260927/dCUob_sBGDjG.md
DdCzs_ZEkHij.md,主域名3000份,体育赛事,300,https://github.com/51chiguawang319/202609/blob/main/20260927/DdCzs_ZEkHij.md,https://raw.githubusercontent.com/51chiguawang319/202609/main/20260927/DdCzs_ZEkHij.md
DdEIs_DPCjIK.md,主域名3000份,体育赛事,300,https://github.com/51chiguawang319/202609/blob/main/20260927/DdEIs_DPCjIK.md,https://raw.githubusercontent.com/51chiguawang319/202609/main/20260927/DdEIs_DPCjIK.md
dDGcF_VXIJHw.md,主域名3000份,财经商业,300,https://github.com/51chiguawang319/202609/blob/main/20260927/dDGcF_VXIJHw.md,https://raw.githubusercontent.com/51chiguawang319/202609/main/20260927/dDGcF_VXIJHw.md
Ddlvs_RBJPHu.md,主域名3000份,财经商业,300,https://github.com/51chiguawang319/202609/blob/main/20260927/Ddlvs_RBJPHu.md,https://raw.githubusercontent.com/51chiguawang319/202609/main/20260927/Ddlvs_RBJPHu.md
ddotO_OJNRJz.md,主域名3000份,体育赛事,300,https://github.com/51chiguawang319/202609/blob/main/20260927/ddotO_OJNRJz.md,https://raw.githubusercontent.com/51chiguawang319/202609/main/20260927/ddotO_OJNRJz.md
DDuYs_eouGDR.md,主域名3000份,文化娱乐,300,https://github.com/51chiguawang319/202609/blob/main/20260927/DDuYs_eouGDR.md,https://raw.githubusercontent.com/51chiguawang319/202609/main/20260927/DDuYs_eouGDR.md
DdwJx_GkWbyT.md,主域名3000份,健康医疗,300,https://github.com/51chiguawang319/202609/blob/main/20260927/DdwJx_GkWbyT.md,https://raw.githubusercontent.com/51chiguawang319/202609/main/20260927/DdwJx_GkWbyT.md
DEANx_lqmcNd.md,泛二级1000份,天气环境,300,https://github.com/51chiguawang319/202609/blob/main/20260927/DEANx_lqmcNd.md,https://raw.githubusercontent.com/51chiguawang319/202609/main/20260927/DEANx_lqmcNd.md
DeKHa_NPjXiB.md,主域名3000份,体育赛事,300,https://github.com/51chiguawang319/202609/blob/main/20260927/DeKHa_NPjXiB.md,https://raw.githubusercontent.com/51chiguawang319/202609/main/20260927/DeKHa_NPjXiB.md
DEklo_WWTYjV.md,主域名3000份,天气环境,300,https://github.com/51chiguawang319/202609/blob/main/20260927/DEklo_WWTYjV.md,https://raw.githubusercontent.com/51chiguawang319/202609/main/20260927/DEklo_WWTYjV.md
deQyK_zwCpBg.md,主域名3000份,文化娱乐,300,https://github.com/51chiguawang319/202609/blob/main/20260927/deQyK_zwCpBg.md,https://raw.githubusercontent.com/51chiguawang319/202609/main/20260927/deQyK_zwCpBg.md
DeyQD_ouJzbi.md,泛二级1000份,天气环境,300,https://github.com/51chiguawang319/202609/blob/main/20260927/DeyQD_ouJzbi.md,https://raw.githubusercontent.com/51chiguawang319/202609/main/20260927/DeyQD_ouJzbi.md
dFdMc_pEhBIr.md,泛二级1000份,健康医疗,300,https://github.com/51chiguawang319/202609/blob/main/20260927/dFdMc_pEhBIr.md,https://raw.githubusercontent.com/51chiguawang319/202609/main/20260927/dFdMc_pEhBIr.md
dfSZa_WDdcFC.md,泛二级1000份,体育赛事,300,https://github.com/51chiguawang319/202609/blob/main/20260927/dfSZa_WDdcFC.md,https://raw.githubusercontent.com/51chiguawang319/202609/main/20260927/dfSZa_WDdcFC.md
DFuBS_JOrOwK.md,主域名3000份,科技数码,300,https://github.com/51chiguawang319/202609/blob/main/20260927/DFuBS_JOrOwK.md,https://raw.githubusercontent.com/51chiguawang319/202609/main/20260927/DFuBS_JOrOwK.md
DFugu_aKZSXS.md,主域名3000份,健康医疗,300,https://github.com/51chiguawang319/202609/blob/main/20260927/DFugu_aKZSXS.md,https://raw.githubusercontent.com/51chiguawang319/202609/main/20260927/DFugu_aKZSXS.md
dfUmv_UrhHNV.md,主域名3000份,文化娱乐,300,https://github.com/51chiguawang319/202609/blob/main/20260927/dfUmv_UrhHNV.md,https://raw.githubusercontent.com/51chiguawang319/202609/main/20260927/dfUmv_UrhHNV.md
dfxEw_XlrrAG.md,主域名3000份,文化娱乐,300,https://github.com/51chiguawang319/202609/blob/main/20260927/dfxEw_XlrrAG.md,https://raw.githubusercontent.com/51chiguawang319/202609/main/20260927/dfxEw_XlrrAG.md
dGchn_XeRtas.md,主域名3000份,财经商业,300,https://github.com/51chiguawang319/202609/blob/main/20260927/dGchn_XeRtas.md,https://raw.githubusercontent.com/51chiguawang319/202609/main/20260927/dGchn_XeRtas.md
dgGYZ_OsgczS.md,主域名3000份,科技数码,300,https://github.com/51chiguawang319/202609/blob/main/20260927/dgGYZ_OsgczS.md,https://raw.githubusercontent.com/51chiguawang319/202609/main/20260927/dgGYZ_OsgczS.md
dGiUM_pNgxMD.md,主域名3000份,科技数码,300,https://github.com/51chiguawang319/202609/blob/main/20260927/dGiUM_pNgxMD.md,https://raw.githubusercontent.com/51chiguawang319/202609/main/20260927/dGiUM_pNgxMD.md
dGiXs_CWVIzK.md,泛二级1000份,文化娱乐,300,https://github.com/51chiguawang319/202609/blob/main/20260927/dGiXs_CWVIzK.md,https://raw.githubusercontent.com/51chiguawang319/202609/main/20260927/dGiXs_CWVIzK.md
dGKHk_kEdzUs.md,主域名3000份,健康医疗,300,https://github.com/51chiguawang319/202609/blob/main/20260927/dGKHk_kEdzUs.md,https://raw.githubusercontent.com/51chiguawang319/202609/main/20260927/dGKHk_kEdzUs.md
DGlac_yDaQtq.md,主域名3000份,体育赛事,300,https://github.com/51chiguawang319/202609/blob/main/20260927/DGlac_yDaQtq.md,https://raw.githubusercontent.com/51chiguawang319/202609/main/20260927/DGlac_yDaQtq.md
dgRps_vsAekR.md,主域名3000份,健康医疗,300,https://github.com/51chiguawang319/202609/blob/main/20260927/dgRps_vsAekR.md,https://raw.githubusercontent.com/51chiguawang319/202609/main/20260927/dgRps_vsAekR.md
dgUaH_IWrqzo.md,主域名3000份,天气环境,300,https://github.com/51chiguawang319/202609/blob/main/20260927/dgUaH_IWrqzo.md,https://raw.githubusercontent.com/51chiguawang319/202609/main/20260927/dgUaH_IWrqzo.md
DGUuO_zTYKjl.md,主域名3000份,健康医疗,300,https://github.com/51chiguawang319/202609/blob/main/20260927/DGUuO_zTYKjl.md,https://raw.githubusercontent.com/51chiguawang319/202609/main/20260927/DGUuO_zTYKjl.md
DGxnR_zFspTp.md,主域名3000份,体育赛事,300,https://github.com/51chiguawang319/202609/blob/main/20260927/DGxnR_zFspTp.md,https://raw.githubusercontent.com/51chiguawang319/202609/main/20260927/DGxnR_zFspTp.md
DHeSz_ykUVuH.md,泛二级1000份,科技数码,300,https://github.com/51chiguawang319/202609/blob/main/20260927/DHeSz_ykUVuH.md,https://raw.githubusercontent.com/51chiguawang319/202609/main/20260927/DHeSz_ykUVuH.md
dhFoG_fqdcTH.md,主域名3000份,文化娱乐,300,https://github.com/51chiguawang319/202609/blob/main/20260927/dhFoG_fqdcTH.md,https://raw.githubusercontent.com/51chiguawang319/202609/main/20260927/dhFoG_fqdcTH.md
DHHea_bHRygk.md,主域名3000份,财经商业,300,https://github.com/51chiguawang319/202609/blob/main/20260927/DHHea_bHRygk.md,https://raw.githubusercontent.com/51chiguawang319/202609/main/20260927/DHHea_bHRygk.md
dhhFX_VOeTEH.md,主域名3000份,体育赛事,300,https://github.com/51chiguawang319/202609/blob/main/20260927/dhhFX_VOeTEH.md,https://raw.githubusercontent.com/51chiguawang319/202609/main/20260927/dhhFX_VOeTEH.md
DHLZo_UnRrKJ.md,主域名3000份,天气环境,300,https://github.com/51chiguawang319/202609/blob/main/20260927/DHLZo_UnRrKJ.md,https://raw.githubusercontent.com/51chiguawang319/202609/main/20260927/DHLZo_UnRrKJ.md
dhrER_AvZTsI.md,主域名3000份,天气环境,300,https://github.com/51chiguawang319/202609/blob/main/20260927/dhrER_AvZTsI.md,https://raw.githubusercontent.com/51chiguawang319/202609/main/20260927/dhrER_AvZTsI.md
DHUaO_EmTSij.md,主域名3000份,文化娱乐,300,https://github.com/51chiguawang319/202609/blob/main/20260927/DHUaO_EmTSij.md,https://raw.githubusercontent.com/51chiguawang319/202609/main/20260927/DHUaO_EmTSij.md
DhUzk_vkYeTy.md,主域名3000份,健康医疗,300,https://github.com/51chiguawang319/202609/blob/main/20260927/DhUzk_vkYeTy.md,https://raw.githubusercontent.com/51chiguawang319/202609/main/20260927/DhUzk_vkYeTy.md
dHZjl_GhnWdj.md,泛二级1000份,健康医疗,300,https://github.com/51chiguawang319/202609/blob/main/20260927/dHZjl_GhnWdj.md,https://raw.githubusercontent.com/51chiguawang319/202609/main/20260927/dHZjl_GhnWdj.md
dhZNT_ZIDBMb.md,主域名3000份,财经商业,300,https://github.com/51chiguawang319/202609/blob/main/20260927/dhZNT_ZIDBMb.md,https://raw.githubusercontent.com/51chiguawang319/202609/main/20260927/dhZNT_ZIDBMb.md
DiEcu_WgtUmb.md,主域名3000份,天气环境,300,https://github.com/51chiguawang319/202609/blob/main/20260927/DiEcu_WgtUmb.md,https://raw.githubusercontent.com/51chiguawang319/202609/main/20260927/DiEcu_WgtUmb.md
DijCI_DqflUv.md,泛二级1000份,文化娱乐,300,https://github.com/51chiguawang319/202609/blob/main/20260927/DijCI_DqflUv.md,https://raw.githubusercontent.com/51chiguawang319/202609/main/20260927/DijCI_DqflUv.md
DILcT_LsUNCm.md,主域名3000份,天气环境,300,https://github.com/51chiguawang319/202609/blob/main/20260927/DILcT_LsUNCm.md,https://raw.githubusercontent.com/51chiguawang319/202609/main/20260927/DILcT_LsUNCm.md
dIMGN_FFKwJS.md,主域名3000份,科技数码,300,https://github.com/51chiguawang319/202609/blob/main/20260927/dIMGN_FFKwJS.md,https://raw.githubusercontent.com/51chiguawang319/202609/main/20260927/dIMGN_FFKwJS.md
diXjp_pBpPhq.md,主域名3000份,健康医疗,300,https://github.com/51chiguawang319/202609/blob/main/20260927/diXjp_pBpPhq.md,https://raw.githubusercontent.com/51chiguawang319/202609/main/20260927/diXjp_pBpPhq.md
dIzhe_PPRjnG.md,主域名3000份,健康医疗,300,https://github.com/51chiguawang319/202609/blob/main/20260927/dIzhe_PPRjnG.md,https://raw.githubusercontent.com/51chiguawang319/202609/main/20260927/dIzhe_PPRjnG.md
DJbWA_wbbKnf.md,主域名3000份,文化娱乐,300,https://github.com/51chiguawang319/202609/blob/main/20260927/DJbWA_wbbKnf.md,https://raw.githubusercontent.com/51chiguawang319/202609/main/20260927/DJbWA_wbbKnf.md
djhMA_RiOfpM.md,泛二级1000份,财经商业,300,https://github.com/51chiguawang319/202609/blob/main/20260927/djhMA_RiOfpM.md,https://raw.githubusercontent.com/51chiguawang319/202609/main/20260927/djhMA_RiOfpM.md
DJnCU_SqCblm.md,主域名3000份,健康医疗,300,https://github.com/51chiguawang319/202609/blob/main/20260927/DJnCU_SqCblm.md,https://raw.githubusercontent.com/51chiguawang319/202609/main/20260927/DJnCU_SqCblm.md
DjoRQ_pJqqVR.md,主域名3000份,体育赛事,300,https://github.com/51chiguawang319/202609/blob/main/20260927/DjoRQ_pJqqVR.md,https://raw.githubusercontent.com/51chiguawang319/202609/main/20260927/DjoRQ_pJqqVR.md
DJtaJ_GPiABN.md,主域名3000份,文化娱乐,300,https://github.com/51chiguawang319/202609/blob/main/20260927/DJtaJ_GPiABN.md,https://raw.githubusercontent.com/51chiguawang319/202609/main/20260927/DJtaJ_GPiABN.md
djzYP_BcSzEc.md,主域名3000份,健康医疗,300,https://github.com/51chiguawang319/202609/blob/main/20260927/djzYP_BcSzEc.md,https://raw.githubusercontent.com/51chiguawang319/202609/main/20260927/djzYP_BcSzEc.md
DKhaQ_RmiDuh.md,主域名3000份,文化娱乐,300,https://github.com/51chiguawang319/202609/blob/main/20260927/DKhaQ_RmiDuh.md,https://raw.githubusercontent.com/51chiguawang319/202609/main/20260927/DKhaQ_RmiDuh.md
DkUUx_IyxJmB.md,泛二级1000份,天气环境,300,https://github.com/51chiguawang319/202609/blob/main/20260927/DkUUx_IyxJmB.md,https://raw.githubusercontent.com/51chiguawang319/202609/main/20260927/DkUUx_IyxJmB.md
dLhOR_NLECJq.md,主域名3000份,健康医疗,300,https://github.com/51chiguawang319/202609/blob/main/20260927/dLhOR_NLECJq.md,https://raw.githubusercontent.com/51chiguawang319/202609/main/20260927/dLhOR_NLECJq.md
DMiOC_UHuSWy.md,主域名3000份,天气环境,300,https://github.com/51chiguawang319/202609/blob/main/20260927/DMiOC_UHuSWy.md,https://raw.githubusercontent.com/51chiguawang319/202609/main/20260927/DMiOC_UHuSWy.md
dmUuI_VIPVbl.md,主域名3000份,文化娱乐,300,https://github.com/51chiguawang319/202609/blob/main/20260927/dmUuI_VIPVbl.md,https://raw.githubusercontent.com/51chiguawang319/202609/main/20260927/dmUuI_VIPVbl.md
dmzdC_biRYtl.md,主域名3000份,天气环境,300,https://github.com/51chiguawang319/202609/blob/main/20260927/dmzdC_biRYtl.md,https://raw.githubusercontent.com/51chiguawang319/202609/main/20260927/dmzdC_biRYtl.md
dnmCu_sRONBF.md,泛二级1000份,财经商业,300,https://github.com/51chiguawang319/202609/blob/main/20260927/dnmCu_sRONBF.md,https://raw.githubusercontent.com/51chiguawang319/202609/main/20260927/dnmCu_sRONBF.md
dnqhM_Jhkfkq.md,主域名3000份,科技数码,300,https://github.com/51chiguawang319/202609/blob/main/20260927/dnqhM_Jhkfkq.md,https://raw.githubusercontent.com/51chiguawang319/202609/main/20260927/dnqhM_Jhkfkq.md
DnSjK_PznIXN.md,泛二级1000份,天气环境,300,https://github.com/51chiguawang319/202609/blob/main/20260927/DnSjK_PznIXN.md,https://raw.githubusercontent.com/51chiguawang319/202609/main/20260927/DnSjK_PznIXN.md
DNxch_IlYpRK.md,泛二级1000份,科技数码,300,https://github.com/51chiguawang319/202609/blob/main/20260927/DNxch_IlYpRK.md,https://raw.githubusercontent.com/51chiguawang319/202609/main/20260927/DNxch_IlYpRK.md
DnyqD_bHMjqm.md,泛二级1000份,科技数码,300,https://github.com/51chiguawang319/202609/blob/main/20260927/DnyqD_bHMjqm.md,https://raw.githubusercontent.com/51chiguawang319/202609/main/20260927/DnyqD_bHMjqm.md
doKsE_qXMWop.md,主域名3000份,财经商业,300,https://github.com/51chiguawang319/202609/blob/main/20260927/doKsE_qXMWop.md,https://raw.githubusercontent.com/51chiguawang319/202609/main/20260927/doKsE_qXMWop.md
DoUjw_MARrsv.md,泛二级1000份,文化娱乐,300,https://github.com/51chiguawang319/202609/blob/main/20260927/DoUjw_MARrsv.md,https://raw.githubusercontent.com/51chiguawang319/202609/main/20260927/DoUjw_MARrsv.md
dOUuT_cJaaUt.md,主域名3000份,科技数码,300,https://github.com/51chiguawang319/202609/blob/main/20260927/dOUuT_cJaaUt.md,https://raw.githubusercontent.com/51chiguawang319/202609/main/20260927/dOUuT_cJaaUt.md
doYda_dOVQRD.md,主域名3000份,体育赛事,300,https://github.com/51chiguawang319/202609/blob/main/20260927/doYda_dOVQRD.md,https://raw.githubusercontent.com/51chiguawang319/202609/main/20260927/doYda_dOVQRD.md
DPBwi_dOTBLJ.md,主域名3000份,文化娱乐,300,https://github.com/51chiguawang319/202609/blob/main/20260927/DPBwi_dOTBLJ.md,https://raw.githubusercontent.com/51chiguawang319/202609/main/20260927/DPBwi_dOTBLJ.md
DphDq_GuzUue.md,主域名3000份,科技数码,300,https://github.com/51chiguawang319/202609/blob/main/20260927/DphDq_GuzUue.md,https://raw.githubusercontent.com/51chiguawang319/202609/main/20260927/DphDq_GuzUue.md
DPMrm_oSclfR.md,主域名3000份,健康医疗,300,https://github.com/51chiguawang319/202609/blob/main/20260927/DPMrm_oSclfR.md,https://raw.githubusercontent.com/51chiguawang319/202609/main/20260927/DPMrm_oSclfR.md
DPSmE_oMjsGd.md,主域名3000份,科技数码,300,https://github.com/51chiguawang319/202609/blob/main/20260927/DPSmE_oMjsGd.md,https://raw.githubusercontent.com/51chiguawang319/202609/main/20260927/DPSmE_oMjsGd.md
dpVMP_RSbjrq.md,主域名3000份,文化娱乐,300,https://github.com/51chiguawang319/202609/blob/main/20260927/dpVMP_RSbjrq.md,https://raw.githubusercontent.com/51chiguawang319/202609/main/20260927/dpVMP_RSbjrq.md
DpWsE_CdUvcY.md,主域名3000份,体育赛事,300,https://github.com/51chiguawang319/202609/blob/main/20260927/DpWsE_CdUvcY.md,https://raw.githubusercontent.com/51chiguawang319/202609/main/20260927/DpWsE_CdUvcY.md
DpZWu_uWXUTI.md,主域名3000份,健康医疗,300,https://github.com/51chiguawang319/202609/blob/main/20260927/DpZWu_uWXUTI.md,https://raw.githubusercontent.com/51chiguawang319/202609/main/20260927/DpZWu_uWXUTI.md
Dqeqf_GLDPnr.md,主域名3000份,健康医疗,300,https://github.com/51chiguawang319/202609/blob/main/20260927/Dqeqf_GLDPnr.md,https://raw.githubusercontent.com/51chiguawang319/202609/main/20260927/Dqeqf_GLDPnr.md
DqOAa_almUSG.md,主域名3000份,文化娱乐,300,https://github.com/51chiguawang319/202609/blob/main/20260927/DqOAa_almUSG.md,https://raw.githubusercontent.com/51chiguawang319/202609/main/20260927/DqOAa_almUSG.md
dQoex_pzGCfb.md,主域名3000份,天气环境,300,https://github.com/51chiguawang319/202609/blob/main/20260927/dQoex_pzGCfb.md,https://raw.githubusercontent.com/51chiguawang319/202609/main/20260927/dQoex_pzGCfb.md
DqqRs_dXQEog.md,主域名3000份,天气环境,300,https://github.com/51chiguawang319/202609/blob/main/20260927/DqqRs_dXQEog.md,https://raw.githubusercontent.com/51chiguawang319/202609/main/20260927/DqqRs_dXQEog.md
DQvgS_KnGmwg.md,泛二级1000份,文化娱乐,300,https://github.com/51chiguawang319/202609/blob/main/20260927/DQvgS_KnGmwg.md,https://raw.githubusercontent.com/51chiguawang319/202609/main/20260927/DQvgS_KnGmwg.md
drCam_CIxsdy.md,泛二级1000份,天气环境,300,https://github.com/51chiguawang319/202609/blob/main/20260927/drCam_CIxsdy.md,https://raw.githubusercontent.com/51chiguawang319/202609/main/20260927/drCam_CIxsdy.md
drFzW_kvdvmV.md,主域名3000份,健康医疗,300,https://github.com/51chiguawang319/202609/blob/main/20260927/drFzW_kvdvmV.md,https://raw.githubusercontent.com/51chiguawang319/202609/main/20260927/drFzW_kvdvmV.md
DRgmZ_VqKJIK.md,主域名3000份,文化娱乐,300,https://github.com/51chiguawang319/202609/blob/main/20260927/DRgmZ_VqKJIK.md,https://raw.githubusercontent.com/51chiguawang319/202609/main/20260927/DRgmZ_VqKJIK.md
DroKd_fWosxi.md,主域名3000份,健康医疗,300,https://github.com/51chiguawang319/202609/blob/main/20260927/DroKd_fWosxi.md,https://raw.githubusercontent.com/51chiguawang319/202609/main/20260927/DroKd_fWosxi.md
DRPCt_CJgMOV.md,主域名3000份,文化娱乐,300,https://github.com/51chiguawang319/202609/blob/main/20260927/DRPCt_CJgMOV.md,https://raw.githubusercontent.com/51chiguawang319/202609/main/20260927/DRPCt_CJgMOV.md
DRqik_DHlPPm.md,主域名3000份,健康医疗,300,https://github.com/51chiguawang319/202609/blob/main/20260927/DRqik_DHlPPm.md,https://raw.githubusercontent.com/51chiguawang319/202609/main/20260927/DRqik_DHlPPm.md
DRTYd_okENKh.md,主域名3000份,文化娱乐,300,https://github.com/51chiguawang319/202609/blob/main/20260927/DRTYd_okENKh.md,https://raw.githubusercontent.com/51chiguawang319/202609/main/20260927/DRTYd_okENKh.md
drvuR_OSbhxT.md,主域名3000份,科技数码,300,https://github.com/51chiguawang319/202609/blob/main/20260927/drvuR_OSbhxT.md,https://raw.githubusercontent.com/51chiguawang319/202609/main/20260927/drvuR_OSbhxT.md
DsecT_PMDGve.md,主域名3000份,文化娱乐,300,https://github.com/51chiguawang319/202609/blob/main/20260927/DsecT_PMDGve.md,https://raw.githubusercontent.com/51chiguawang319/202609/main/20260927/DsecT_PMDGve.md
DSiaw_FaewvM.md,泛二级1000份,天气环境,300,https://github.com/51chiguawang319/202609/blob/main/20260927/DSiaw_FaewvM.md,https://raw.githubusercontent.com/51chiguawang319/202609/main/20260927/DSiaw_FaewvM.md
dSjEx_HltlVB.md,主域名3000份,健康医疗,300,https://github.com/51chiguawang319/202609/blob/main/20260927/dSjEx_HltlVB.md,https://raw.githubusercontent.com/51chiguawang319/202609/main/20260927/dSjEx_HltlVB.md
Dslrr_nDNEzm.md,泛二级1000份,健康医疗,300,https://github.com/51chiguawang319/202609/blob/main/20260927/Dslrr_nDNEzm.md,https://raw.githubusercontent.com/51chiguawang319/202609/main/20260927/Dslrr_nDNEzm.md
DsmdK_ZBdage.md,泛二级1000份,科技数码,300,https://github.com/51chiguawang319/202609/blob/main/20260927/DsmdK_ZBdage.md,https://raw.githubusercontent.com/51chiguawang319/202609/main/20260927/DsmdK_ZBdage.md
DsNLG_vlsNsm.md,泛二级1000份,文化娱乐,300,https://github.com/51chiguawang319/202609/blob/main/20260927/DsNLG_vlsNsm.md,https://raw.githubusercontent.com/51chiguawang319/202609/main/20260927/DsNLG_vlsNsm.md
dSTAG_axwugZ.md,泛二级1000份,财经商业,300,https://github.com/51chiguawang319/202609/blob/main/20260927/dSTAG_axwugZ.md,https://raw.githubusercontent.com/51chiguawang319/202609/main/20260927/dSTAG_axwugZ.md
DsuTV_lgxclA.md,主域名3000份,文化娱乐,300,https://github.com/51chiguawang319/202609/blob/main/20260927/DsuTV_lgxclA.md,https://raw.githubusercontent.com/51chiguawang319/202609/main/20260927/DsuTV_lgxclA.md
DsVxn_ziiDok.md,主域名3000份,健康医疗,300,https://github.com/51chiguawang319/202609/blob/main/20260927/DsVxn_ziiDok.md,https://raw.githubusercontent.com/51chiguawang319/202609/main/20260927/DsVxn_ziiDok.md
DSxKo_ZKUDvV.md,主域名3000份,天气环境,300,https://github.com/51chiguawang319/202609/blob/main/20260927/DSxKo_ZKUDvV.md,https://raw.githubusercontent.com/51chiguawang319/202609/main/20260927/DSxKo_ZKUDvV.md
dtmIc_lAzQoI.md,主域名3000份,健康医疗,300,https://github.com/51chiguawang319/202609/blob/main/20260927/dtmIc_lAzQoI.md,https://raw.githubusercontent.com/51chiguawang319/202609/main/20260927/dtmIc_lAzQoI.md
DtMRK_eSuTTi.md,主域名3000份,体育赛事,300,https://github.com/51chiguawang319/202609/blob/main/20260927/DtMRK_eSuTTi.md,https://raw.githubusercontent.com/51chiguawang319/202609/main/20260927/DtMRK_eSuTTi.md
dtnLy_ogsPhl.md,主域名3000份,体育赛事,300,https://github.com/51chiguawang319/202609/blob/main/20260927/dtnLy_ogsPhl.md,https://raw.githubusercontent.com/51chiguawang319/202609/main/20260927/dtnLy_ogsPhl.md
DtNXP_sbIZdq.md,主域名3000份,天气环境,300,https://github.com/51chiguawang319/202609/blob/main/20260927/DtNXP_sbIZdq.md,https://raw.githubusercontent.com/51chiguawang319/202609/main/20260927/DtNXP_sbIZdq.md
DTocc_WnLMvn.md,主域名3000份,体育赛事,300,https://github.com/51chiguawang319/202609/blob/main/20260927/DTocc_WnLMvn.md,https://raw.githubusercontent.com/51chiguawang319/202609/main/20260927/DTocc_WnLMvn.md
DtXuQ_MmqQfe.md,主域名3000份,健康医疗,300,https://github.com/51chiguawang319/202609/blob/main/20260927/DtXuQ_MmqQfe.md,https://raw.githubusercontent.com/51chiguawang319/202609/main/20260927/DtXuQ_MmqQfe.md
dULQh_bUrbbQ.md,主域名3000份,体育赛事,300,https://github.com/51chiguawang319/202609/blob/main/20260927/dULQh_bUrbbQ.md,https://raw.githubusercontent.com/51chiguawang319/202609/main/20260927/dULQh_bUrbbQ.md
DUOcF_xWqJPn.md,泛二级1000份,财经商业,300,https://github.com/51chiguawang319/202609/blob/main/20260927/DUOcF_xWqJPn.md,https://raw.githubusercontent.com/51chiguawang319/202609/main/20260927/DUOcF_xWqJPn.md
dVcXW_RcuwdS.md,主域名3000份,天气环境,300,https://github.com/51chiguawang319/202609/blob/main/20260927/dVcXW_RcuwdS.md,https://raw.githubusercontent.com/51chiguawang319/202609/main/20260927/dVcXW_RcuwdS.md
dvEFo_YxwGSM.md,主域名3000份,天气环境,300,https://github.com/51chiguawang319/202609/blob/main/20260927/dvEFo_YxwGSM.md,https://raw.githubusercontent.com/51chiguawang319/202609/main/20260927/dvEFo_YxwGSM.md
dvHiN_XmQwbD.md,主域名3000份,科技数码,300,https://github.com/51chiguawang319/202609/blob/main/20260927/dvHiN_XmQwbD.md,https://raw.githubusercontent.com/51chiguawang319/202609/main/20260927/dvHiN_XmQwbD.md
dWCLu_KDzgLd.md,主域名3000份,财经商业,300,https://github.com/51chiguawang319/202609/blob/main/20260927/dWCLu_KDzgLd.md,https://raw.githubusercontent.com/51chiguawang319/202609/main/20260927/dWCLu_KDzgLd.md
DWItg_xDpbCg.md,主域名3000份,财经商业,300,https://github.com/51chiguawang319/202609/blob/main/20260927/DWItg_xDpbCg.md,https://raw.githubusercontent.com/51chiguawang319/202609/main/20260927/DWItg_xDpbCg.md
dwJrP_SBmdSf.md,主域名3000份,财经商业,300,https://github.com/51chiguawang319/202609/blob/main/20260927/dwJrP_SBmdSf.md,https://raw.githubusercontent.com/51chiguawang319/202609/main/20260927/dwJrP_SBmdSf.md
dWKIR_cGWWEs.md,主域名3000份,健康医疗,300,https://github.com/51chiguawang319/202609/blob/main/20260927/dWKIR_cGWWEs.md,https://raw.githubusercontent.com/51chiguawang319/202609/main/20260927/dWKIR_cGWWEs.md
DWmwX_TbWAfw.md,主域名3000份,财经商业,300,https://github.com/51chiguawang319/202609/blob/main/20260927/DWmwX_TbWAfw.md,https://raw.githubusercontent.com/51chiguawang319/202609/main/20260927/DWmwX_TbWAfw.md
dwTvE_aEYqSy.md,泛二级1000份,体育赛事,300,https://github.com/51chiguawang319/202609/blob/main/20260927/dwTvE_aEYqSy.md,https://raw.githubusercontent.com/51chiguawang319/202609/main/20260927/dwTvE_aEYqSy.md
dwzUO_vrcHRD.md,主域名3000份,文化娱乐,300,https://github.com/51chiguawang319/202609/blob/main/20260927/dwzUO_vrcHRD.md,https://raw.githubusercontent.com/51chiguawang319/202609/main/20260927/dwzUO_vrcHRD.md
dXgSn_lAIvWZ.md,主域名3000份,健康医疗,300,https://github.com/51chiguawang319/202609/blob/main/20260927/dXgSn_lAIvWZ.md,https://raw.githubusercontent.com/51chiguawang319/202609/main/20260927/dXgSn_lAIvWZ.md
DxPLS_CODbpx.md,主域名3000份,科技数码,300,https://github.com/51chiguawang319/202609/blob/main/20260927/DxPLS_CODbpx.md,https://raw.githubusercontent.com/51chiguawang319/202609/main/20260927/DxPLS_CODbpx.md
dxPVU_cPVZxw.md,主域名3000份,文化娱乐,300,https://github.com/51chiguawang319/202609/blob/main/20260927/dxPVU_cPVZxw.md,https://raw.githubusercontent.com/51chiguawang319/202609/main/20260927/dxPVU_cPVZxw.md
dxQUl_AVejbp.md,泛二级1000份,天气环境,300,https://github.com/51chiguawang319/202609/blob/main/20260927/dxQUl_AVejbp.md,https://raw.githubusercontent.com/51chiguawang319/202609/main/20260927/dxQUl_AVejbp.md
dXWte_gekJfo.md,主域名3000份,健康医疗,300,https://github.com/51chiguawang319/202609/blob/main/20260927/dXWte_gekJfo.md,https://raw.githubusercontent.com/51chiguawang319/202609/main/20260927/dXWte_gekJfo.md
DYdHv_rwGzVL.md,主域名3000份,科技数码,300,https://github.com/51chiguawang319/202609/blob/main/20260927/DYdHv_rwGzVL.md,https://raw.githubusercontent.com/51chiguawang319/202609/main/20260927/DYdHv_rwGzVL.md
DYIrU_YoQbgU.md,主域名3000份,文化娱乐,300,https://github.com/51chiguawang319/202609/blob/main/20260927/DYIrU_YoQbgU.md,https://raw.githubusercontent.com/51chiguawang319/202609/main/20260927/DYIrU_YoQbgU.md
DynQn_ciPzgI.md,主域名3000份,健康医疗,300,https://github.com/51chiguawang319/202609/blob/main/20260927/DynQn_ciPzgI.md,https://raw.githubusercontent.com/51chiguawang319/202609/main/20260927/DynQn_ciPzgI.md
dYxuY_Etocuj.md,主域名3000份,科技数码,300,https://github.com/51chiguawang319/202609/blob/main/20260927/dYxuY_Etocuj.md,https://raw.githubusercontent.com/51chiguawang319/202609/main/20260927/dYxuY_Etocuj.md
dzaYW_PhGkhv.md,主域名3000份,科技数码,300,https://github.com/51chiguawang319/202609/blob/main/20260927/dzaYW_PhGkhv.md,https://raw.githubusercontent.com/51chiguawang319/202609/main/20260927/dzaYW_PhGkhv.md
dZDta_VMXGqZ.md,主域名3000份,天气环境,300,https://github.com/51chiguawang319/202609/blob/main/20260927/dZDta_VMXGqZ.md,https://raw.githubusercontent.com/51chiguawang319/202609/main/20260927/dZDta_VMXGqZ.md
Dzghl_bpAODw.md,主域名3000份,健康医疗,300,https://github.com/51chiguawang319/202609/blob/main/20260927/Dzghl_bpAODw.md,https://raw.githubusercontent.com/51chiguawang319/202609/main/20260927/Dzghl_bpAODw.md
DZnMe_NyBxii.md,主域名3000份,科技数码,300,https://github.com/51chiguawang319/202609/blob/main/20260927/DZnMe_NyBxii.md,https://raw.githubusercontent.com/51chiguawang319/202609/main/20260927/DZnMe_NyBxii.md
dZPaa_xUdhmn.md,泛二级1000份,健康医疗,300,https://github.com/51chiguawang319/202609/blob/main/20260927/dZPaa_xUdhmn.md,https://raw.githubusercontent.com/51chiguawang319/202609/main/20260927/dZPaa_xUdhmn.md
DzxdW_uDoZEj.md,主域名3000份,财经商业,300,https://github.com/51chiguawang319/202609/blob/main/20260927/DzxdW_uDoZEj.md,https://raw.githubusercontent.com/51chiguawang319/202609/main/20260927/DzxdW_uDoZEj.md
EaCbq_ByetBR.md,主域名3000份,财经商业,300,https://github.com/51chiguawang319/202609/blob/main/20260927/EaCbq_ByetBR.md,https://raw.githubusercontent.com/51chiguawang319/202609/main/20260927/EaCbq_ByetBR.md
eALEu_BTmltO.md,主域名3000份,财经商业,300,https://github.com/51chiguawang319/202609/blob/main/20260927/eALEu_BTmltO.md,https://raw.githubusercontent.com/51chiguawang319/202609/main/20260927/eALEu_BTmltO.md
EaqcF_VnefjT.md,主域名3000份,科技数码,300,https://github.com/51chiguawang319/202609/blob/main/20260927/EaqcF_VnefjT.md,https://raw.githubusercontent.com/51chiguawang319/202609/main/20260927/EaqcF_VnefjT.md
EARNi_kqpGUZ.md,泛二级1000份,健康医疗,300,https://github.com/51chiguawang319/202609/blob/main/20260927/EARNi_kqpGUZ.md,https://raw.githubusercontent.com/51chiguawang319/202609/main/20260927/EARNi_kqpGUZ.md
EbemF_lfxEKo.md,主域名3000份,体育赛事,300,https://github.com/51chiguawang319/202609/blob/main/20260927/EbemF_lfxEKo.md,https://raw.githubusercontent.com/51chiguawang319/202609/main/20260927/EbemF_lfxEKo.md
eBNNd_kBWQMn.md,主域名3000份,科技数码,300,https://github.com/51chiguawang319/202609/blob/main/20260927/eBNNd_kBWQMn.md,https://raw.githubusercontent.com/51chiguawang319/202609/main/20260927/eBNNd_kBWQMn.md
ebnYN_KJyOoh.md,主域名3000份,科技数码,300,https://github.com/51chiguawang319/202609/blob/main/20260927/ebnYN_KJyOoh.md,https://raw.githubusercontent.com/51chiguawang319/202609/main/20260927/ebnYN_KJyOoh.md
EBQye_vyrYFy.md,主域名3000份,财经商业,300,https://github.com/51chiguawang319/202609/blob/main/20260927/EBQye_vyrYFy.md,https://raw.githubusercontent.com/51chiguawang319/202609/main/20260927/EBQye_vyrYFy.md
ECAbl_EVMQPz.md,主域名3000份,科技数码,300,https://github.com/51chiguawang319/202609/blob/main/20260927/ECAbl_EVMQPz.md,https://raw.githubusercontent.com/51chiguawang319/202609/main/20260927/ECAbl_EVMQPz.md
EcADu_muEBAN.md,泛二级1000份,财经商业,300,https://github.com/51chiguawang319/202609/blob/main/20260927/EcADu_muEBAN.md,https://raw.githubusercontent.com/51chiguawang319/202609/main/20260927/EcADu_muEBAN.md
EcIQS_BhRFGc.md,泛二级1000份,财经商业,300,https://github.com/51chiguawang319/202609/blob/main/20260927/EcIQS_BhRFGc.md,https://raw.githubusercontent.com/51chiguawang319/202609/main/20260927/EcIQS_BhRFGc.md
EcnBu_uBHHEv.md,主域名3000份,体育赛事,300,https://github.com/51chiguawang319/202609/blob/main/20260927/EcnBu_uBHHEv.md,https://raw.githubusercontent.com/51chiguawang319/202609/main/20260927/EcnBu_uBHHEv.md
eCrrE_GQXGuu.md,泛二级1000份,健康医疗,300,https://github.com/51chiguawang319/202609/blob/main/20260927/eCrrE_GQXGuu.md,https://raw.githubusercontent.com/51chiguawang319/202609/main/20260927/eCrrE_GQXGuu.md
ecYIn_EMWwLB.md,主域名3000份,科技数码,300,https://github.com/51chiguawang319/202609/blob/main/20260927/ecYIn_EMWwLB.md,https://raw.githubusercontent.com/51chiguawang319/202609/main/20260927/ecYIn_EMWwLB.md
EdQzl_mRRYVJ.md,主域名3000份,天气环境,300,https://github.com/51chiguawang319/202609/blob/main/20260927/EdQzl_mRRYVJ.md,https://raw.githubusercontent.com/51chiguawang319/202609/main/20260927/EdQzl_mRRYVJ.md
EdsQc_VnpeoN.md,主域名3000份,体育赛事,300,https://github.com/51chiguawang319/202609/blob/main/20260927/EdsQc_VnpeoN.md,https://raw.githubusercontent.com/51chiguawang319/202609/main/20260927/EdsQc_VnpeoN.md
eDSUI_vwTlHM.md,主域名3000份,科技数码,300,https://github.com/51chiguawang319/202609/blob/main/20260927/eDSUI_vwTlHM.md,https://raw.githubusercontent.com/51chiguawang319/202609/main/20260927/eDSUI_vwTlHM.md
eDSwJ_PuWxnm.md,主域名3000份,财经商业,300,https://github.com/51chiguawang319/202609/blob/main/20260927/eDSwJ_PuWxnm.md,https://raw.githubusercontent.com/51chiguawang319/202609/main/20260927/eDSwJ_PuWxnm.md
eDsWq_HhNqiK.md,主域名3000份,财经商业,300,https://github.com/51chiguawang319/202609/blob/main/20260927/eDsWq_HhNqiK.md,https://raw.githubusercontent.com/51chiguawang319/202609/main/20260927/eDsWq_HhNqiK.md
Edtcq_ylfUzt.md,主域名3000份,财经商业,300,https://github.com/51chiguawang319/202609/blob/main/20260927/Edtcq_ylfUzt.md,https://raw.githubusercontent.com/51chiguawang319/202609/main/20260927/Edtcq_ylfUzt.md
eEjFs_zbMyQv.md,主域名3000份,天气环境,300,https://github.com/51chiguawang319/202609/blob/main/20260927/eEjFs_zbMyQv.md,https://raw.githubusercontent.com/51chiguawang319/202609/main/20260927/eEjFs_zbMyQv.md
eELsH_zVTmhy.md,主域名3000份,健康医疗,300,https://github.com/51chiguawang319/202609/blob/main/20260927/eELsH_zVTmhy.md,https://raw.githubusercontent.com/51chiguawang319/202609/main/20260927/eELsH_zVTmhy.md
EEnZi_KhwTPT.md,泛二级1000份,天气环境,300,https://github.com/51chiguawang319/202609/blob/main/20260927/EEnZi_KhwTPT.md,https://raw.githubusercontent.com/51chiguawang319/202609/main/20260927/EEnZi_KhwTPT.md
eeQLC_cKTufp.md,泛二级1000份,体育赛事,300,https://github.com/51chiguawang319/202609/blob/main/20260927/eeQLC_cKTufp.md,https://raw.githubusercontent.com/51chiguawang319/202609/main/20260927/eeQLC_cKTufp.md
EeRif_tvDJdL.md,主域名3000份,文化娱乐,300,https://github.com/51chiguawang319/202609/blob/main/20260927/EeRif_tvDJdL.md,https://raw.githubusercontent.com/51chiguawang319/202609/main/20260927/EeRif_tvDJdL.md
EEvpn_hCGckw.md,主域名3000份,天气环境,300,https://github.com/51chiguawang319/202609/blob/main/20260927/EEvpn_hCGckw.md,https://raw.githubusercontent.com/51chiguawang319/202609/main/20260927/EEvpn_hCGckw.md
eFjiS_tbjRbk.md,泛二级1000份,健康医疗,300,https://github.com/51chiguawang319/202609/blob/main/20260927/eFjiS_tbjRbk.md,https://raw.githubusercontent.com/51chiguawang319/202609/main/20260927/eFjiS_tbjRbk.md
eFLKN_rOjLsC.md,主域名3000份,财经商业,300,https://github.com/51chiguawang319/202609/blob/main/20260927/eFLKN_rOjLsC.md,https://raw.githubusercontent.com/51chiguawang319/202609/main/20260927/eFLKN_rOjLsC.md
efmRx_OYDZIg.md,主域名3000份,科技数码,300,https://github.com/51chiguawang319/202609/blob/main/20260927/efmRx_OYDZIg.md,https://raw.githubusercontent.com/51chiguawang319/202609/main/20260927/efmRx_OYDZIg.md
EGAUn_jFOGqR.md,泛二级1000份,健康医疗,300,https://github.com/51chiguawang319/202609/blob/main/20260927/EGAUn_jFOGqR.md,https://raw.githubusercontent.com/51chiguawang319/202609/main/20260927/EGAUn_jFOGqR.md
eGblS_FVJwgT.md,主域名3000份,健康医疗,300,https://github.com/51chiguawang319/202609/blob/main/20260927/eGblS_FVJwgT.md,https://raw.githubusercontent.com/51chiguawang319/202609/main/20260927/eGblS_FVJwgT.md
EGdxC_uoBRux.md,主域名3000份,天气环境,300,https://github.com/51chiguawang319/202609/blob/main/20260927/EGdxC_uoBRux.md,https://raw.githubusercontent.com/51chiguawang319/202609/main/20260927/EGdxC_uoBRux.md
eGEvT_iuZnNv.md,泛二级1000份,健康医疗,300,https://github.com/51chiguawang319/202609/blob/main/20260927/eGEvT_iuZnNv.md,https://raw.githubusercontent.com/51chiguawang319/202609/main/20260927/eGEvT_iuZnNv.md
EgKkX_EKvNwt.md,泛二级1000份,健康医疗,300,https://github.com/51chiguawang319/202609/blob/main/20260927/EgKkX_EKvNwt.md,https://raw.githubusercontent.com/51chiguawang319/202609/main/20260927/EgKkX_EKvNwt.md
egKLP_EFQiDy.md,主域名3000份,健康医疗,300,https://github.com/51chiguawang319/202609/blob/main/20260927/egKLP_EFQiDy.md,https://raw.githubusercontent.com/51chiguawang319/202609/main/20260927/egKLP_EFQiDy.md
egOnC_nXHAMK.md,主域名3000份,天气环境,300,https://github.com/51chiguawang319/202609/blob/main/20260927/egOnC_nXHAMK.md,https://raw.githubusercontent.com/51chiguawang319/202609/main/20260927/egOnC_nXHAMK.md
EgUbH_dyaZZI.md,主域名3000份,文化娱乐,300,https://github.com/51chiguawang319/202609/blob/main/20260927/EgUbH_dyaZZI.md,https://raw.githubusercontent.com/51chiguawang319/202609/main/20260927/EgUbH_dyaZZI.md
EgWPc_iBWrpP.md,主域名3000份,科技数码,300,https://github.com/51chiguawang319/202609/blob/main/20260927/EgWPc_iBWrpP.md,https://raw.githubusercontent.com/51chiguawang319/202609/main/20260927/EgWPc_iBWrpP.md
Ehdhs_gHhwAS.md,泛二级1000份,财经商业,300,https://github.com/51chiguawang319/202609/blob/main/20260927/Ehdhs_gHhwAS.md,https://raw.githubusercontent.com/51chiguawang319/202609/main/20260927/Ehdhs_gHhwAS.md
eHfkw_aTfAUO.md,泛二级1000份,天气环境,300,https://github.com/51chiguawang319/202609/blob/main/20260927/eHfkw_aTfAUO.md,https://raw.githubusercontent.com/51chiguawang319/202609/main/20260927/eHfkw_aTfAUO.md
EHNkx_ocPCli.md,主域名3000份,健康医疗,300,https://github.com/51chiguawang319/202609/blob/main/20260927/EHNkx_ocPCli.md,https://raw.githubusercontent.com/51chiguawang319/202609/main/20260927/EHNkx_ocPCli.md
eHoIy_fqfBkM.md,泛二级1000份,文化娱乐,300,https://github.com/51chiguawang319/202609/blob/main/20260927/eHoIy_fqfBkM.md,https://raw.githubusercontent.com/51chiguawang319/202609/main/20260927/eHoIy_fqfBkM.md
eHrmk_bvfqMl.md,主域名3000份,文化娱乐,300,https://github.com/51chiguawang319/202609/blob/main/20260927/eHrmk_bvfqMl.md,https://raw.githubusercontent.com/51chiguawang319/202609/main/20260927/eHrmk_bvfqMl.md
ehtNt_qymvDQ.md,主域名3000份,文化娱乐,300,https://github.com/51chiguawang319/202609/blob/main/20260927/ehtNt_qymvDQ.md,https://raw.githubusercontent.com/51chiguawang319/202609/main/20260927/ehtNt_qymvDQ.md
EHtOe_yiKOPp.md,主域名3000份,天气环境,300,https://github.com/51chiguawang319/202609/blob/main/20260927/EHtOe_yiKOPp.md,https://raw.githubusercontent.com/51chiguawang319/202609/main/20260927/EHtOe_yiKOPp.md
eIeOY_dhulTq.md,主域名3000份,健康医疗,300,https://github.com/51chiguawang319/202609/blob/main/20260927/eIeOY_dhulTq.md,https://raw.githubusercontent.com/51chiguawang319/202609/main/20260927/eIeOY_dhulTq.md
EiQBh_OLcgyM.md,主域名3000份,天气环境,300,https://github.com/51chiguawang319/202609/blob/main/20260927/EiQBh_OLcgyM.md,https://raw.githubusercontent.com/51chiguawang319/202609/main/20260927/EiQBh_OLcgyM.md
EIxbq_XUfNij.md,主域名3000份,科技数码,300,https://github.com/51chiguawang319/202609/blob/main/20260927/EIxbq_XUfNij.md,https://raw.githubusercontent.com/51chiguawang319/202609/main/20260927/EIxbq_XUfNij.md
EixCt_AmLUzD.md,主域名3000份,体育赛事,300,https://github.com/51chiguawang319/202609/blob/main/20260927/EixCt_AmLUzD.md,https://raw.githubusercontent.com/51chiguawang319/202609/main/20260927/EixCt_AmLUzD.md
eIXNm_OdjCQi.md,主域名3000份,文化娱乐,300,https://github.com/51chiguawang319/202609/blob/main/20260927/eIXNm_OdjCQi.md,https://raw.githubusercontent.com/51chiguawang319/202609/main/20260927/eIXNm_OdjCQi.md
Ejdnn_APaPSI.md,主域名3000份,健康医疗,300,https://github.com/51chiguawang319/202609/blob/main/20260927/Ejdnn_APaPSI.md,https://raw.githubusercontent.com/51chiguawang319/202609/main/20260927/Ejdnn_APaPSI.md
EJmgF_JjRFVG.md,泛二级1000份,文化娱乐,300,https://github.com/51chiguawang319/202609/blob/main/20260927/EJmgF_JjRFVG.md,https://raw.githubusercontent.com/51chiguawang319/202609/main/20260927/EJmgF_JjRFVG.md
EjOfe_VMTpsN.md,主域名3000份,天气环境,300,https://github.com/51chiguawang319/202609/blob/main/20260927/EjOfe_VMTpsN.md,https://raw.githubusercontent.com/51chiguawang319/202609/main/20260927/EjOfe_VMTpsN.md
eJQfe_FCVfJo.md,泛二级1000份,体育赛事,300,https://github.com/51chiguawang319/202609/blob/main/20260927/eJQfe_FCVfJo.md,https://raw.githubusercontent.com/51chiguawang319/202609/main/20260927/eJQfe_FCVfJo.md
eJQjY_ZywYNO.md,主域名3000份,财经商业,300,https://github.com/51chiguawang319/202609/blob/main/20260927/eJQjY_ZywYNO.md,https://raw.githubusercontent.com/51chiguawang319/202609/main/20260927/eJQjY_ZywYNO.md
EjQqJ_QrhBdt.md,泛二级1000份,财经商业,300,https://github.com/51chiguawang319/202609/blob/main/20260927/EjQqJ_QrhBdt.md,https://raw.githubusercontent.com/51chiguawang319/202609/main/20260927/EjQqJ_QrhBdt.md
EjRXY_uMvXOi.md,主域名3000份,科技数码,300,https://github.com/51chiguawang319/202609/blob/main/20260927/EjRXY_uMvXOi.md,https://raw.githubusercontent.com/51chiguawang319/202609/main/20260927/EjRXY_uMvXOi.md
eJVMF_iuPgvt.md,主域名3000份,天气环境,300,https://github.com/51chiguawang319/202609/blob/main/20260927/eJVMF_iuPgvt.md,https://raw.githubusercontent.com/51chiguawang319/202609/main/20260927/eJVMF_iuPgvt.md
EkGDy_QftJce.md,主域名3000份,体育赛事,300,https://github.com/51chiguawang319/202609/blob/main/20260927/EkGDy_QftJce.md,https://raw.githubusercontent.com/51chiguawang319/202609/main/20260927/EkGDy_QftJce.md
Ekhxe_VWPDci.md,主域名3000份,财经商业,300,https://github.com/51chiguawang319/202609/blob/main/20260927/Ekhxe_VWPDci.md,https://raw.githubusercontent.com/51chiguawang319/202609/main/20260927/Ekhxe_VWPDci.md
ekszM_SylifM.md,主域名3000份,健康医疗,300,https://github.com/51chiguawang319/202609/blob/main/20260927/ekszM_SylifM.md,https://raw.githubusercontent.com/51chiguawang319/202609/main/20260927/ekszM_SylifM.md
eKVDf_EQIVlh.md,主域名3000份,天气环境,300,https://github.com/51chiguawang319/202609/blob/main/20260927/eKVDf_EQIVlh.md,https://raw.githubusercontent.com/51chiguawang319/202609/main/20260927/eKVDf_EQIVlh.md
ekZZK_AyTDvz.md,主域名3000份,体育赛事,300,https://github.com/51chiguawang319/202609/blob/main/20260927/ekZZK_AyTDvz.md,https://raw.githubusercontent.com/51chiguawang319/202609/main/20260927/ekZZK_AyTDvz.md
ELwJT_tvhyBQ.md,主域名3000份,天气环境,300,https://github.com/51chiguawang319/202609/blob/main/20260927/ELwJT_tvhyBQ.md,https://raw.githubusercontent.com/51chiguawang319/202609/main/20260927/ELwJT_tvhyBQ.md
EmGwz_uNNeNw.md,主域名3000份,文化娱乐,300,https://github.com/51chiguawang319/202609/blob/main/20260927/EmGwz_uNNeNw.md,https://raw.githubusercontent.com/51chiguawang319/202609/main/20260927/EmGwz_uNNeNw.md
EMLwT_KuVGPO.md,主域名3000份,天气环境,300,https://github.com/51chiguawang319/202609/blob/main/20260927/EMLwT_KuVGPO.md,https://raw.githubusercontent.com/51chiguawang319/202609/main/20260927/EMLwT_KuVGPO.md
EmmAT_QSQvLA.md,主域名3000份,财经商业,300,https://github.com/51chiguawang319/202609/blob/main/20260927/EmmAT_QSQvLA.md,https://raw.githubusercontent.com/51chiguawang319/202609/main/20260927/EmmAT_QSQvLA.md
emNqq_tFCzKP.md,主域名3000份,体育赛事,300,https://github.com/51chiguawang319/202609/blob/main/20260927/emNqq_tFCzKP.md,https://raw.githubusercontent.com/51chiguawang319/202609/main/20260927/emNqq_tFCzKP.md
emXQe_MbKzrh.md,主域名3000份,财经商业,300,https://github.com/51chiguawang319/202609/blob/main/20260927/emXQe_MbKzrh.md,https://raw.githubusercontent.com/51chiguawang319/202609/main/20260927/emXQe_MbKzrh.md
EnIbq_eZiNcH.md,主域名3000份,文化娱乐,300,https://github.com/51chiguawang319/202609/blob/main/20260927/EnIbq_eZiNcH.md,https://raw.githubusercontent.com/51chiguawang319/202609/main/20260927/EnIbq_eZiNcH.md
ENpSU_exYIrQ.md,主域名3000份,健康医疗,300,https://github.com/51chiguawang319/202609/blob/main/20260927/ENpSU_exYIrQ.md,https://raw.githubusercontent.com/51chiguawang319/202609/main/20260927/ENpSU_exYIrQ.md
EnxqV_rCvhdq.md,主域名3000份,体育赛事,300,https://github.com/51chiguawang319/202609/blob/main/20260927/EnxqV_rCvhdq.md,https://raw.githubusercontent.com/51chiguawang319/202609/main/20260927/EnxqV_rCvhdq.md
ENzgC_POSJpZ.md,泛二级1000份,科技数码,300,https://github.com/51chiguawang319/202609/blob/main/20260927/ENzgC_POSJpZ.md,https://raw.githubusercontent.com/51chiguawang319/202609/main/20260927/ENzgC_POSJpZ.md
eODdM_PujHyI.md,泛二级1000份,天气环境,300,https://github.com/51chiguawang319/202609/blob/main/20260927/eODdM_PujHyI.md,https://raw.githubusercontent.com/51chiguawang319/202609/main/20260927/eODdM_PujHyI.md
EODyv_iuHhhu.md,主域名3000份,科技数码,300,https://github.com/51chiguawang319/202609/blob/main/20260927/EODyv_iuHhhu.md,https://raw.githubusercontent.com/51chiguawang319/202609/main/20260927/EODyv_iuHhhu.md
EoEBt_Xganlg.md,主域名3000份,天气环境,300,https://github.com/51chiguawang319/202609/blob/main/20260927/EoEBt_Xganlg.md,https://raw.githubusercontent.com/51chiguawang319/202609/main/20260927/EoEBt_Xganlg.md
EooSJ_WQfTtz.md,主域名3000份,文化娱乐,300,https://github.com/51chiguawang319/202609/blob/main/20260927/EooSJ_WQfTtz.md,https://raw.githubusercontent.com/51chiguawang319/202609/main/20260927/EooSJ_WQfTtz.md
EOxpv_WzCawd.md,泛二级1000份,体育赛事,300,https://github.com/51chiguawang319/202609/blob/main/20260927/EOxpv_WzCawd.md,https://raw.githubusercontent.com/51chiguawang319/202609/main/20260927/EOxpv_WzCawd.md
epfiC_cxXADL.md,主域名3000份,财经商业,300,https://github.com/51chiguawang319/202609/blob/main/20260927/epfiC_cxXADL.md,https://raw.githubusercontent.com/51chiguawang319/202609/main/20260927/epfiC_cxXADL.md
EPFkL_gCZyyW.md,泛二级1000份,体育赛事,300,https://github.com/51chiguawang319/202609/blob/main/20260927/EPFkL_gCZyyW.md,https://raw.githubusercontent.com/51chiguawang319/202609/main/20260927/EPFkL_gCZyyW.md
ePLJS_zyGAPr.md,主域名3000份,体育赛事,300,https://github.com/51chiguawang319/202609/blob/main/20260927/ePLJS_zyGAPr.md,https://raw.githubusercontent.com/51chiguawang319/202609/main/20260927/ePLJS_zyGAPr.md
ePMtE_bNAjML.md,主域名3000份,财经商业,300,https://github.com/51chiguawang319/202609/blob/main/20260927/ePMtE_bNAjML.md,https://raw.githubusercontent.com/51chiguawang319/202609/main/20260927/ePMtE_bNAjML.md
epTji_xXfGcX.md,泛二级1000份,财经商业,300,https://github.com/51chiguawang319/202609/blob/main/20260927/epTji_xXfGcX.md,https://raw.githubusercontent.com/51chiguawang319/202609/main/20260927/epTji_xXfGcX.md
EQLkt_KTXqlV.md,主域名3000份,体育赛事,300,https://github.com/51chiguawang319/202609/blob/main/20260927/EQLkt_KTXqlV.md,https://raw.githubusercontent.com/51chiguawang319/202609/main/20260927/EQLkt_KTXqlV.md
EqsOD_JHfdbX.md,主域名3000份,财经商业,300,https://github.com/51chiguawang319/202609/blob/main/20260927/EqsOD_JHfdbX.md,https://raw.githubusercontent.com/51chiguawang319/202609/main/20260927/EqsOD_JHfdbX.md
EquUb_iftHZv.md,主域名3000份,文化娱乐,300,https://github.com/51chiguawang319/202609/blob/main/20260927/EquUb_iftHZv.md,https://raw.githubusercontent.com/51chiguawang319/202609/main/20260927/EquUb_iftHZv.md
ErcHS_OVydqY.md,主域名3000份,天气环境,300,https://github.com/51chiguawang319/202609/blob/main/20260927/ErcHS_OVydqY.md,https://raw.githubusercontent.com/51chiguawang319/202609/main/20260927/ErcHS_OVydqY.md
EreXt_WwxRSd.md,泛二级1000份,天气环境,300,https://github.com/51chiguawang319/202609/blob/main/20260927/EreXt_WwxRSd.md,https://raw.githubusercontent.com/51chiguawang319/202609/main/20260927/EreXt_WwxRSd.md
ERNCi_UPEQqB.md,主域名3000份,健康医疗,300,https://github.com/51chiguawang319/202609/blob/main/20260927/ERNCi_UPEQqB.md,https://raw.githubusercontent.com/51chiguawang319/202609/main/20260927/ERNCi_UPEQqB.md
erUva_lVzAeM.md,泛二级1000份,财经商业,300,https://github.com/51chiguawang319/202609/blob/main/20260927/erUva_lVzAeM.md,https://raw.githubusercontent.com/51chiguawang319/202609/main/20260927/erUva_lVzAeM.md
Erweu_VtRcdA.md,主域名3000份,科技数码,300,https://github.com/51chiguawang319/202609/blob/main/20260927/Erweu_VtRcdA.md,https://raw.githubusercontent.com/51chiguawang319/202609/main/20260927/Erweu_VtRcdA.md
eSwPV_NboIIP.md,泛二级1000份,文化娱乐,300,https://github.com/51chiguawang319/202609/blob/main/20260927/eSwPV_NboIIP.md,https://raw.githubusercontent.com/51chiguawang319/202609/main/20260927/eSwPV_NboIIP.md
EsZXB_yXZjlS.md,主域名3000份,天气环境,300,https://github.com/51chiguawang319/202609/blob/main/20260927/EsZXB_yXZjlS.md,https://raw.githubusercontent.com/51chiguawang319/202609/main/20260927/EsZXB_yXZjlS.md
Etoeq_afZPRT.md,主域名3000份,健康医疗,300,https://github.com/51chiguawang319/202609/blob/main/20260927/Etoeq_afZPRT.md,https://raw.githubusercontent.com/51chiguawang319/202609/main/20260927/Etoeq_afZPRT.md
etoJs_BtPhKi.md,主域名3000份,科技数码,300,https://github.com/51chiguawang319/202609/blob/main/20260927/etoJs_BtPhKi.md,https://raw.githubusercontent.com/51chiguawang319/202609/main/20260927/etoJs_BtPhKi.md
etVOl_pTTWHd.md,主域名3000份,体育赛事,300,https://github.com/51chiguawang319/202609/blob/main/20260927/etVOl_pTTWHd.md,https://raw.githubusercontent.com/51chiguawang319/202609/main/20260927/etVOl_pTTWHd.md
eTyna_DPXsUr.md,泛二级1000份,天气环境,300,https://github.com/51chiguawang319/202609/blob/main/20260927/eTyna_DPXsUr.md,https://raw.githubusercontent.com/51chiguawang319/202609/main/20260927/eTyna_DPXsUr.md
EtZNd_YZFhYr.md,主域名3000份,天气环境,300,https://github.com/51chiguawang319/202609/blob/main/20260927/EtZNd_YZFhYr.md,https://raw.githubusercontent.com/51chiguawang319/202609/main/20260927/EtZNd_YZFhYr.md
EuCKD_WXvMlq.md,主域名3000份,科技数码,300,https://github.com/51chiguawang319/202609/blob/main/20260927/EuCKD_WXvMlq.md,https://raw.githubusercontent.com/51chiguawang319/202609/main/20260927/EuCKD_WXvMlq.md
eUiOe_IWbbla.md,主域名3000份,科技数码,300,https://github.com/51chiguawang319/202609/blob/main/20260927/eUiOe_IWbbla.md,https://raw.githubusercontent.com/51chiguawang319/202609/main/20260927/eUiOe_IWbbla.md
EUiOn_xwUKuY.md,主域名3000份,天气环境,300,https://github.com/51chiguawang319/202609/blob/main/20260927/EUiOn_xwUKuY.md,https://raw.githubusercontent.com/51chiguawang319/202609/main/20260927/EUiOn_xwUKuY.md
eUJSN_IMfBjw.md,主域名3000份,文化娱乐,300,https://github.com/51chiguawang319/202609/blob/main/20260927/eUJSN_IMfBjw.md,https://raw.githubusercontent.com/51chiguawang319/202609/main/20260927/eUJSN_IMfBjw.md
eUwRQ_emPHAl.md,主域名3000份,体育赛事,300,https://github.com/51chiguawang319/202609/blob/main/20260927/eUwRQ_emPHAl.md,https://raw.githubusercontent.com/51chiguawang319/202609/main/20260927/eUwRQ_emPHAl.md
eUxoA_eYmbBx.md,泛二级1000份,财经商业,300,https://github.com/51chiguawang319/202609/blob/main/20260927/eUxoA_eYmbBx.md,https://raw.githubusercontent.com/51chiguawang319/202609/main/20260927/eUxoA_eYmbBx.md
evDgA_EHRfrS.md,主域名3000份,科技数码,300,https://github.com/51chiguawang319/202609/blob/main/20260927/evDgA_EHRfrS.md,https://raw.githubusercontent.com/51chiguawang319/202609/main/20260927/evDgA_EHRfrS.md
eVeCM_ghtfVq.md,主域名3000份,文化娱乐,300,https://github.com/51chiguawang319/202609/blob/main/20260927/eVeCM_ghtfVq.md,https://raw.githubusercontent.com/51chiguawang319/202609/main/20260927/eVeCM_ghtfVq.md
EVKjA_JygjxB.md,主域名3000份,科技数码,300,https://github.com/51chiguawang319/202609/blob/main/20260927/EVKjA_JygjxB.md,https://raw.githubusercontent.com/51chiguawang319/202609/main/20260927/EVKjA_JygjxB.md
Evvjz_JwxQiM.md,主域名3000份,体育赛事,300,https://github.com/51chiguawang319/202609/blob/main/20260927/Evvjz_JwxQiM.md,https://raw.githubusercontent.com/51chiguawang319/202609/main/20260927/Evvjz_JwxQiM.md
eWiAa_WIukso.md,主域名3000份,健康医疗,300,https://github.com/51chiguawang319/202609/blob/main/20260927/eWiAa_WIukso.md,https://raw.githubusercontent.com/51chiguawang319/202609/main/20260927/eWiAa_WIukso.md
EwMEd_viorlE.md,泛二级1000份,科技数码,300,https://github.com/51chiguawang319/202609/blob/main/20260927/EwMEd_viorlE.md,https://raw.githubusercontent.com/51chiguawang319/202609/main/20260927/EwMEd_viorlE.md
EwSsS_KBbQok.md,主域名3000份,天气环境,300,https://github.com/51chiguawang319/202609/blob/main/20260927/EwSsS_KBbQok.md,https://raw.githubusercontent.com/51chiguawang319/202609/main/20260927/EwSsS_KBbQok.md
eWwXp_obBfOD.md,主域名3000份,体育赛事,300,https://github.com/51chiguawang319/202609/blob/main/20260927/eWwXp_obBfOD.md,https://raw.githubusercontent.com/51chiguawang319/202609/main/20260927/eWwXp_obBfOD.md
Ewxde_fKYMkr.md,主域名3000份,财经商业,300,https://github.com/51chiguawang319/202609/blob/main/20260927/Ewxde_fKYMkr.md,https://raw.githubusercontent.com/51chiguawang319/202609/main/20260927/Ewxde_fKYMkr.md
eXBLz_EpUfqz.md,泛二级1000份,科技数码,300,https://github.com/51chiguawang319/202609/blob/main/20260927/eXBLz_EpUfqz.md,https://raw.githubusercontent.com/51chiguawang319/202609/main/20260927/eXBLz_EpUfqz.md
eXeau_cEYJbt.md,主域名3000份,科技数码,300,https://github.com/51chiguawang319/202609/blob/main/20260927/eXeau_cEYJbt.md,https://raw.githubusercontent.com/51chiguawang319/202609/main/20260927/eXeau_cEYJbt.md
expUP_fyTfAB.md,主域名3000份,文化娱乐,300,https://github.com/51chiguawang319/202609/blob/main/20260927/expUP_fyTfAB.md,https://raw.githubusercontent.com/51chiguawang319/202609/main/20260927/expUP_fyTfAB.md
exTjH_BjSTQp.md,主域名3000份,健康医疗,300,https://github.com/51chiguawang319/202609/blob/main/20260927/exTjH_BjSTQp.md,https://raw.githubusercontent.com/51chiguawang319/202609/main/20260927/exTjH_BjSTQp.md
eXuuV_ZRaQKG.md,泛二级1000份,财经商业,300,https://github.com/51chiguawang319/202609/blob/main/20260927/eXuuV_ZRaQKG.md,https://raw.githubusercontent.com/51chiguawang319/202609/main/20260927/eXuuV_ZRaQKG.md
EYCVk_bWNVZu.md,主域名3000份,财经商业,300,https://github.com/51chiguawang319/202609/blob/main/20260927/EYCVk_bWNVZu.md,https://raw.githubusercontent.com/51chiguawang319/202609/main/20260927/EYCVk_bWNVZu.md
eYdOQ_yUCxFZ.md,主域名3000份,体育赛事,300,https://github.com/51chiguawang319/202609/blob/main/20260927/eYdOQ_yUCxFZ.md,https://raw.githubusercontent.com/51chiguawang319/202609/main/20260927/eYdOQ_yUCxFZ.md
EYePT_BwiexV.md,主域名3000份,体育赛事,300,https://github.com/51chiguawang319/202609/blob/main/20260927/EYePT_BwiexV.md,https://raw.githubusercontent.com/51chiguawang319/202609/main/20260927/EYePT_BwiexV.md
eyPFX_aVlUqz.md,主域名3000份,财经商业,300,https://github.com/51chiguawang319/202609/blob/main/20260927/eyPFX_aVlUqz.md,https://raw.githubusercontent.com/51chiguawang319/202609/main/20260927/eyPFX_aVlUqz.md
EYsSQ_IqbtNC.md,主域名3000份,体育赛事,300,https://github.com/51chiguawang319/202609/blob/main/20260927/EYsSQ_IqbtNC.md,https://raw.githubusercontent.com/51chiguawang319/202609/main/20260927/EYsSQ_IqbtNC.md
EYvEW_PsHUNv.md,泛二级1000份,文化娱乐,300,https://github.com/51chiguawang319/202609/blob/main/20260927/EYvEW_PsHUNv.md,https://raw.githubusercontent.com/51chiguawang319/202609/main/20260927/EYvEW_PsHUNv.md
EYwcu_hakqQK.md,主域名3000份,文化娱乐,300,https://github.com/51chiguawang319/202609/blob/main/20260927/EYwcu_hakqQK.md,https://raw.githubusercontent.com/51chiguawang319/202609/main/20260927/EYwcu_hakqQK.md
Ezpbz_WzpqDc.md,主域名3000份,文化娱乐,300,https://github.com/51chiguawang319/202609/blob/main/20260927/Ezpbz_WzpqDc.md,https://raw.githubusercontent.com/51chiguawang319/202609/main/20260927/Ezpbz_WzpqDc.md
eZqoS_RxNxwK.md,主域名3000份,天气环境,300,https://github.com/51chiguawang319/202609/blob/main/20260927/eZqoS_RxNxwK.md,https://raw.githubusercontent.com/51chiguawang319/202609/main/20260927/eZqoS_RxNxwK.md
ezTWb_GoRoNT.md,主域名3000份,财经商业,300,https://github.com/51chiguawang319/202609/blob/main/20260927/ezTWb_GoRoNT.md,https://raw.githubusercontent.com/51chiguawang319/202609/main/20260927/ezTWb_GoRoNT.md
EZXMx_jxNXvq.md,泛二级1000份,体育赛事,300,https://github.com/51chiguawang319/202609/blob/main/20260927/EZXMx_jxNXvq.md,https://raw.githubusercontent.com/51chiguawang319/202609/main/20260927/EZXMx_jxNXvq.md
faDxu_FwuylO.md,泛二级1000份,天气环境,300,https://github.com/51chiguawang319/202609/blob/main/20260927/faDxu_FwuylO.md,https://raw.githubusercontent.com/51chiguawang319/202609/main/20260927/faDxu_FwuylO.md
fAenY_qtnSPc.md,泛二级1000份,文化娱乐,300,https://github.com/51chiguawang319/202609/blob/main/20260927/fAenY_qtnSPc.md,https://raw.githubusercontent.com/51chiguawang319/202609/main/20260927/fAenY_qtnSPc.md
fAeRk_PgixuQ.md,主域名3000份,财经商业,300,https://github.com/51chiguawang319/202609/blob/main/20260927/fAeRk_PgixuQ.md,https://raw.githubusercontent.com/51chiguawang319/202609/main/20260927/fAeRk_PgixuQ.md
FAHIy_jXxOBq.md,主域名3000份,财经商业,300,https://github.com/51chiguawang319/202609/blob/main/20260927/FAHIy_jXxOBq.md,https://raw.githubusercontent.com/51chiguawang319/202609/main/20260927/FAHIy_jXxOBq.md
FapAe_GjOsiO.md,泛二级1000份,财经商业,300,https://github.com/51chiguawang319/202609/blob/main/20260927/FapAe_GjOsiO.md,https://raw.githubusercontent.com/51chiguawang319/202609/main/20260927/FapAe_GjOsiO.md
fAsnr_ytVpqF.md,主域名3000份,文化娱乐,300,https://github.com/51chiguawang319/202609/blob/main/20260927/fAsnr_ytVpqF.md,https://raw.githubusercontent.com/51chiguawang319/202609/main/20260927/fAsnr_ytVpqF.md
fBdmC_NwWEGE.md,主域名3000份,健康医疗,300,https://github.com/51chiguawang319/202609/blob/main/20260927/fBdmC_NwWEGE.md,https://raw.githubusercontent.com/51chiguawang319/202609/main/20260927/fBdmC_NwWEGE.md
FbjFU_qXGyfM.md,主域名3000份,体育赛事,300,https://github.com/51chiguawang319/202609/blob/main/20260927/FbjFU_qXGyfM.md,https://raw.githubusercontent.com/51chiguawang319/202609/main/20260927/FbjFU_qXGyfM.md
fBOlq_DxEHIs.md,主域名3000份,天气环境,300,https://github.com/51chiguawang319/202609/blob/main/20260927/fBOlq_DxEHIs.md,https://raw.githubusercontent.com/51chiguawang319/202609/main/20260927/fBOlq_DxEHIs.md
fBPLj_EZLDyq.md,泛二级1000份,财经商业,300,https://github.com/51chiguawang319/202609/blob/main/20260927/fBPLj_EZLDyq.md,https://raw.githubusercontent.com/51chiguawang319/202609/main/20260927/fBPLj_EZLDyq.md
FbqSQ_vVXyBG.md,泛二级1000份,体育赛事,300,https://github.com/51chiguawang319/202609/blob/main/20260927/FbqSQ_vVXyBG.md,https://raw.githubusercontent.com/51chiguawang319/202609/main/20260927/FbqSQ_vVXyBG.md
Fbtos_KRrgzC.md,主域名3000份,科技数码,300,https://github.com/51chiguawang319/202609/blob/main/20260927/Fbtos_KRrgzC.md,https://raw.githubusercontent.com/51chiguawang319/202609/main/20260927/Fbtos_KRrgzC.md
FByQS_HHUPMx.md,主域名3000份,天气环境,300,https://github.com/51chiguawang319/202609/blob/main/20260927/FByQS_HHUPMx.md,https://raw.githubusercontent.com/51chiguawang319/202609/main/20260927/FByQS_HHUPMx.md
fCgBG_HCOdtE.md,主域名3000份,天气环境,300,https://github.com/51chiguawang319/202609/blob/main/20260927/fCgBG_HCOdtE.md,https://raw.githubusercontent.com/51chiguawang319/202609/main/20260927/fCgBG_HCOdtE.md
fciaO_XqrUeM.md,主域名3000份,健康医疗,300,https://github.com/51chiguawang319/202609/blob/main/20260927/fciaO_XqrUeM.md,https://raw.githubusercontent.com/51chiguawang319/202609/main/20260927/fciaO_XqrUeM.md
fcigU_EWAzPH.md,主域名3000份,财经商业,300,https://github.com/51chiguawang319/202609/blob/main/20260927/fcigU_EWAzPH.md,https://raw.githubusercontent.com/51chiguawang319/202609/main/20260927/fcigU_EWAzPH.md
Fclma_RMMrdv.md,主域名3000份,天气环境,300,https://github.com/51chiguawang319/202609/blob/main/20260927/Fclma_RMMrdv.md,https://raw.githubusercontent.com/51chiguawang319/202609/main/20260927/Fclma_RMMrdv.md
FCqOg_tteGGP.md,主域名3000份,健康医疗,300,https://github.com/51chiguawang319/202609/blob/main/20260927/FCqOg_tteGGP.md,https://raw.githubusercontent.com/51chiguawang319/202609/main/20260927/FCqOg_tteGGP.md
fDbBv_vKkixV.md,主域名3000份,体育赛事,300,https://github.com/51chiguawang319/202609/blob/main/20260927/fDbBv_vKkixV.md,https://raw.githubusercontent.com/51chiguawang319/202609/main/20260927/fDbBv_vKkixV.md
FDhjy_WvSiWy.md,主域名3000份,天气环境,300,https://github.com/51chiguawang319/202609/blob/main/20260927/FDhjy_WvSiWy.md,https://raw.githubusercontent.com/51chiguawang319/202609/main/20260927/FDhjy_WvSiWy.md
FDhmZ_xiWJQQ.md,泛二级1000份,科技数码,300,https://github.com/51chiguawang319/202609/blob/main/20260927/FDhmZ_xiWJQQ.md,https://raw.githubusercontent.com/51chiguawang319/202609/main/20260927/FDhmZ_xiWJQQ.md
FDhvs_srAWcp.md,主域名3000份,天气环境,300,https://github.com/51chiguawang319/202609/blob/main/20260927/FDhvs_srAWcp.md,https://raw.githubusercontent.com/51chiguawang319/202609/main/20260927/FDhvs_srAWcp.md
FDmTk_ohpgDI.md,主域名3000份,健康医疗,300,https://github.com/51chiguawang319/202609/blob/main/20260927/FDmTk_ohpgDI.md,https://raw.githubusercontent.com/51chiguawang319/202609/main/20260927/FDmTk_ohpgDI.md
fdWtF_RPQqpG.md,泛二级1000份,天气环境,300,https://github.com/51chiguawang319/202609/blob/main/20260927/fdWtF_RPQqpG.md,https://raw.githubusercontent.com/51chiguawang319/202609/main/20260927/fdWtF_RPQqpG.md
FEMTy_uTdXNG.md,主域名3000份,财经商业,300,https://github.com/51chiguawang319/202609/blob/main/20260927/FEMTy_uTdXNG.md,https://raw.githubusercontent.com/51chiguawang319/202609/main/20260927/FEMTy_uTdXNG.md
FEndJ_etAvaA.md,泛二级1000份,健康医疗,300,https://github.com/51chiguawang319/202609/blob/main/20260927/FEndJ_etAvaA.md,https://raw.githubusercontent.com/51chiguawang319/202609/main/20260927/FEndJ_etAvaA.md
FeOJg_HjhtYV.md,主域名3000份,体育赛事,300,https://github.com/51chiguawang319/202609/blob/main/20260927/FeOJg_HjhtYV.md,https://raw.githubusercontent.com/51chiguawang319/202609/main/20260927/FeOJg_HjhtYV.md
fErVX_vxldWi.md,主域名3000份,天气环境,300,https://github.com/51chiguawang319/202609/blob/main/20260927/fErVX_vxldWi.md,https://raw.githubusercontent.com/51chiguawang319/202609/main/20260927/fErVX_vxldWi.md
FeZXX_LNuzXA.md,主域名3000份,文化娱乐,300,https://github.com/51chiguawang319/202609/blob/main/20260927/FeZXX_LNuzXA.md,https://raw.githubusercontent.com/51chiguawang319/202609/main/20260927/FeZXX_LNuzXA.md
fFfFb_aBgHfy.md,泛二级1000份,财经商业,300,https://github.com/51chiguawang319/202609/blob/main/20260927/fFfFb_aBgHfy.md,https://raw.githubusercontent.com/51chiguawang319/202609/main/20260927/fFfFb_aBgHfy.md
FftiP_VuBmUE.md,主域名3000份,健康医疗,300,https://github.com/51chiguawang319/202609/blob/main/20260927/FftiP_VuBmUE.md,https://raw.githubusercontent.com/51chiguawang319/202609/main/20260927/FftiP_VuBmUE.md
Ffxwf_MckDFG.md,泛二级1000份,科技数码,300,https://github.com/51chiguawang319/202609/blob/main/20260927/Ffxwf_MckDFG.md,https://raw.githubusercontent.com/51chiguawang319/202609/main/20260927/Ffxwf_MckDFG.md
fGFzk_Ydyvok.md,泛二级1000份,财经商业,300,https://github.com/51chiguawang319/202609/blob/main/20260927/fGFzk_Ydyvok.md,https://raw.githubusercontent.com/51chiguawang319/202609/main/20260927/fGFzk_Ydyvok.md
FGJiE_afJhMu.md,主域名3000份,财经商业,300,https://github.com/51chiguawang319/202609/blob/main/20260927/FGJiE_afJhMu.md,https://raw.githubusercontent.com/51chiguawang319/202609/main/20260927/FGJiE_afJhMu.md
fGKPF_QMROSv.md,主域名3000份,天气环境,300,https://github.com/51chiguawang319/202609/blob/main/20260927/fGKPF_QMROSv.md,https://raw.githubusercontent.com/51chiguawang319/202609/main/20260927/fGKPF_QMROSv.md
fgNzs_LwsKvz.md,主域名3000份,文化娱乐,300,https://github.com/51chiguawang319/202609/blob/main/20260927/fgNzs_LwsKvz.md,https://raw.githubusercontent.com/51chiguawang319/202609/main/20260927/fgNzs_LwsKvz.md
FGutV_iBgjBm.md,泛二级1000份,健康医疗,300,https://github.com/51chiguawang319/202609/blob/main/20260927/FGutV_iBgjBm.md,https://raw.githubusercontent.com/51chiguawang319/202609/main/20260927/FGutV_iBgjBm.md
fGwah_MINLbN.md,主域名3000份,文化娱乐,300,https://github.com/51chiguawang319/202609/blob/main/20260927/fGwah_MINLbN.md,https://raw.githubusercontent.com/51chiguawang319/202609/main/20260927/fGwah_MINLbN.md
Fgyje_RjUGxZ.md,泛二级1000份,天气环境,300,https://github.com/51chiguawang319/202609/blob/main/20260927/Fgyje_RjUGxZ.md,https://raw.githubusercontent.com/51chiguawang319/202609/main/20260927/Fgyje_RjUGxZ.md
FHfko_LAENNr.md,主域名3000份,文化娱乐,300,https://github.com/51chiguawang319/202609/blob/main/20260927/FHfko_LAENNr.md,https://raw.githubusercontent.com/51chiguawang319/202609/main/20260927/FHfko_LAENNr.md
FHgBL_VdJgpu.md,泛二级1000份,文化娱乐,300,https://github.com/51chiguawang319/202609/blob/main/20260927/FHgBL_VdJgpu.md,https://raw.githubusercontent.com/51chiguawang319/202609/main/20260927/FHgBL_VdJgpu.md
FhhfB_DTCUdP.md,主域名3000份,体育赛事,300,https://github.com/51chiguawang319/202609/blob/main/20260927/FhhfB_DTCUdP.md,https://raw.githubusercontent.com/51chiguawang319/202609/main/20260927/FhhfB_DTCUdP.md
FhMFT_vioYWu.md,主域名3000份,财经商业,300,https://github.com/51chiguawang319/202609/blob/main/20260927/FhMFT_vioYWu.md,https://raw.githubusercontent.com/51chiguawang319/202609/main/20260927/FhMFT_vioYWu.md
fHOhR_kjIvLj.md,主域名3000份,科技数码,300,https://github.com/51chiguawang319/202609/blob/main/20260927/fHOhR_kjIvLj.md,https://raw.githubusercontent.com/51chiguawang319/202609/main/20260927/fHOhR_kjIvLj.md
fHpaM_iwQwiH.md,主域名3000份,文化娱乐,300,https://github.com/51chiguawang319/202609/blob/main/20260927/fHpaM_iwQwiH.md,https://raw.githubusercontent.com/51chiguawang319/202609/main/20260927/fHpaM_iwQwiH.md
fhUbj_nVCgyu.md,主域名3000份,科技数码,300,https://github.com/51chiguawang319/202609/blob/main/20260927/fhUbj_nVCgyu.md,https://raw.githubusercontent.com/51chiguawang319/202609/main/20260927/fhUbj_nVCgyu.md
fhUPQ_SBylch.md,泛二级1000份,天气环境,300,https://github.com/51chiguawang319/202609/blob/main/20260927/fhUPQ_SBylch.md,https://raw.githubusercontent.com/51chiguawang319/202609/main/20260927/fhUPQ_SBylch.md
FHUsZ_yfaOlN.md,主域名3000份,科技数码,300,https://github.com/51chiguawang319/202609/blob/main/20260927/FHUsZ_yfaOlN.md,https://raw.githubusercontent.com/51chiguawang319/202609/main/20260927/FHUsZ_yfaOlN.md
fIrUz_tHWZsf.md,泛二级1000份,财经商业,300,https://github.com/51chiguawang319/202609/blob/main/20260927/fIrUz_tHWZsf.md,https://raw.githubusercontent.com/51chiguawang319/202609/main/20260927/fIrUz_tHWZsf.md
FizNL_jsNcJo.md,主域名3000份,科技数码,300,https://github.com/51chiguawang319/202609/blob/main/20260927/FizNL_jsNcJo.md,https://raw.githubusercontent.com/51chiguawang319/202609/main/20260927/FizNL_jsNcJo.md
FJAmk_RvigyN.md,主域名3000份,财经商业,300,https://github.com/51chiguawang319/202609/blob/main/20260927/FJAmk_RvigyN.md,https://raw.githubusercontent.com/51chiguawang319/202609/main/20260927/FJAmk_RvigyN.md
FJazM_vSKCsV.md,泛二级1000份,文化娱乐,300,https://github.com/51chiguawang319/202609/blob/main/20260927/FJazM_vSKCsV.md,https://raw.githubusercontent.com/51chiguawang319/202609/main/20260927/FJazM_vSKCsV.md
fjCKH_hnGzGy.md,主域名3000份,健康医疗,300,https://github.com/51chiguawang319/202609/blob/main/20260927/fjCKH_hnGzGy.md,https://raw.githubusercontent.com/51chiguawang319/202609/main/20260927/fjCKH_hnGzGy.md
fjgHX_PiiWRE.md,泛二级1000份,健康医疗,300,https://github.com/51chiguawang319/202609/blob/main/20260927/fjgHX_PiiWRE.md,https://raw.githubusercontent.com/51chiguawang319/202609/main/20260927/fjgHX_PiiWRE.md
FJnAT_rYoOWV.md,主域名3000份,天气环境,300,https://github.com/51chiguawang319/202609/blob/main/20260927/FJnAT_rYoOWV.md,https://raw.githubusercontent.com/51chiguawang319/202609/main/20260927/FJnAT_rYoOWV.md
FJozY_DFrOyn.md,泛二级1000份,财经商业,300,https://github.com/51chiguawang319/202609/blob/main/20260927/FJozY_DFrOyn.md,https://raw.githubusercontent.com/51chiguawang319/202609/main/20260927/FJozY_DFrOyn.md
FJqgg_IdAIkd.md,泛二级1000份,体育赛事,300,https://github.com/51chiguawang319/202609/blob/main/20260927/FJqgg_IdAIkd.md,https://raw.githubusercontent.com/51chiguawang319/202609/main/20260927/FJqgg_IdAIkd.md
fJZOn_PogZNA.md,主域名3000份,财经商业,300,https://github.com/51chiguawang319/202609/blob/main/20260927/fJZOn_PogZNA.md,https://raw.githubusercontent.com/51chiguawang319/202609/main/20260927/fJZOn_PogZNA.md
fKabn_kxNWXG.md,主域名3000份,文化娱乐,300,https://github.com/51chiguawang319/202609/blob/main/20260927/fKabn_kxNWXG.md,https://raw.githubusercontent.com/51chiguawang319/202609/main/20260927/fKabn_kxNWXG.md
FkgIb_iliFgT.md,主域名3000份,文化娱乐,300,https://github.com/51chiguawang319/202609/blob/main/20260927/FkgIb_iliFgT.md,https://raw.githubusercontent.com/51chiguawang319/202609/main/20260927/FkgIb_iliFgT.md
FkhVv_mCBkty.md,主域名3000份,文化娱乐,300,https://github.com/51chiguawang319/202609/blob/main/20260927/FkhVv_mCBkty.md,https://raw.githubusercontent.com/51chiguawang319/202609/main/20260927/FkhVv_mCBkty.md
fkLdm_hbEufi.md,主域名3000份,科技数码,300,https://github.com/51chiguawang319/202609/blob/main/20260927/fkLdm_hbEufi.md,https://raw.githubusercontent.com/51chiguawang319/202609/main/20260927/fkLdm_hbEufi.md
FkSbC_cIotjK.md,主域名3000份,天气环境,300,https://github.com/51chiguawang319/202609/blob/main/20260927/FkSbC_cIotjK.md,https://raw.githubusercontent.com/51chiguawang319/202609/main/20260927/FkSbC_cIotjK.md
FkxyD_YIKCoz.md,主域名3000份,健康医疗,300,https://github.com/51chiguawang319/202609/blob/main/20260927/FkxyD_YIKCoz.md,https://raw.githubusercontent.com/51chiguawang319/202609/main/20260927/FkxyD_YIKCoz.md
fLaYB_QWfGsO.md,主域名3000份,健康医疗,300,https://github.com/51chiguawang319/202609/blob/main/20260927/fLaYB_QWfGsO.md,https://raw.githubusercontent.com/51chiguawang319/202609/main/20260927/fLaYB_QWfGsO.md
FlUYl_RcAvJU.md,泛二级1000份,文化娱乐,300,https://github.com/51chiguawang319/202609/blob/main/20260927/FlUYl_RcAvJU.md,https://raw.githubusercontent.com/51chiguawang319/202609/main/20260927/FlUYl_RcAvJU.md
flwlV_rQxjyz.md,主域名3000份,科技数码,300,https://github.com/51chiguawang319/202609/blob/main/20260927/flwlV_rQxjyz.md,https://raw.githubusercontent.com/51chiguawang319/202609/main/20260927/flwlV_rQxjyz.md
flxCC_gFRgeT.md,泛二级1000份,财经商业,300,https://github.com/51chiguawang319/202609/blob/main/20260927/flxCC_gFRgeT.md,https://raw.githubusercontent.com/51chiguawang319/202609/main/20260927/flxCC_gFRgeT.md
flXZe_krHchL.md,主域名3000份,体育赛事,300,https://github.com/51chiguawang319/202609/blob/main/20260927/flXZe_krHchL.md,https://raw.githubusercontent.com/51chiguawang319/202609/main/20260927/flXZe_krHchL.md
flyNh_QyZpry.md,主域名3000份,天气环境,300,https://github.com/51chiguawang319/202609/blob/main/20260927/flyNh_QyZpry.md,https://raw.githubusercontent.com/51chiguawang319/202609/main/20260927/flyNh_QyZpry.md
fMBlG_ttYXHm.md,泛二级1000份,财经商业,300,https://github.com/51chiguawang319/202609/blob/main/20260927/fMBlG_ttYXHm.md,https://raw.githubusercontent.com/51chiguawang319/202609/main/20260927/fMBlG_ttYXHm.md
fmKoB_xzCHas.md,主域名3000份,天气环境,300,https://github.com/51chiguawang319/202609/blob/main/20260927/fmKoB_xzCHas.md,https://raw.githubusercontent.com/51chiguawang319/202609/main/20260927/fmKoB_xzCHas.md
FMkwQ_VFbLQi.md,主域名3000份,健康医疗,300,https://github.com/51chiguawang319/202609/blob/main/20260927/FMkwQ_VFbLQi.md,https://raw.githubusercontent.com/51chiguawang319/202609/main/20260927/FMkwQ_VFbLQi.md
fmpKv_RkVYBU.md,泛二级1000份,财经商业,300,https://github.com/51chiguawang319/202609/blob/main/20260927/fmpKv_RkVYBU.md,https://raw.githubusercontent.com/51chiguawang319/202609/main/20260927/fmpKv_RkVYBU.md
fMvNa_vHoWSZ.md,主域名3000份,文化娱乐,300,https://github.com/51chiguawang319/202609/blob/main/20260927/fMvNa_vHoWSZ.md,https://raw.githubusercontent.com/51chiguawang319/202609/main/20260927/fMvNa_vHoWSZ.md
fMYBP_bxSZzt.md,主域名3000份,财经商业,300,https://github.com/51chiguawang319/202609/blob/main/20260927/fMYBP_bxSZzt.md,https://raw.githubusercontent.com/51chiguawang319/202609/main/20260927/fMYBP_bxSZzt.md
FNCdK_IhhJgu.md,主域名3000份,健康医疗,300,https://github.com/51chiguawang319/202609/blob/main/20260927/FNCdK_IhhJgu.md,https://raw.githubusercontent.com/51chiguawang319/202609/main/20260927/FNCdK_IhhJgu.md
Fnhgc_prsJDK.md,主域名3000份,健康医疗,300,https://github.com/51chiguawang319/202609/blob/main/20260927/Fnhgc_prsJDK.md,https://raw.githubusercontent.com/51chiguawang319/202609/main/20260927/Fnhgc_prsJDK.md
fNhLR_OFvbYe.md,主域名3000份,体育赛事,300,https://github.com/51chiguawang319/202609/blob/main/20260927/fNhLR_OFvbYe.md,https://raw.githubusercontent.com/51chiguawang319/202609/main/20260927/fNhLR_OFvbYe.md
FnLHq_OlNaVT.md,主域名3000份,天气环境,300,https://github.com/51chiguawang319/202609/blob/main/20260927/FnLHq_OlNaVT.md,https://raw.githubusercontent.com/51chiguawang319/202609/main/20260927/FnLHq_OlNaVT.md
fNmEU_MIEomX.md,主域名3000份,健康医疗,300,https://github.com/51chiguawang319/202609/blob/main/20260927/fNmEU_MIEomX.md,https://raw.githubusercontent.com/51chiguawang319/202609/main/20260927/fNmEU_MIEomX.md
FNqoV_ZwebkL.md,主域名3000份,财经商业,300,https://github.com/51chiguawang319/202609/blob/main/20260927/FNqoV_ZwebkL.md,https://raw.githubusercontent.com/51chiguawang319/202609/main/20260927/FNqoV_ZwebkL.md
FNtyT_pdRPQe.md,泛二级1000份,健康医疗,300,https://github.com/51chiguawang319/202609/blob/main/20260927/FNtyT_pdRPQe.md,https://raw.githubusercontent.com/51chiguawang319/202609/main/20260927/FNtyT_pdRPQe.md
FnYFv_PRCyyP.md,主域名3000份,科技数码,300,https://github.com/51chiguawang319/202609/blob/main/20260927/FnYFv_PRCyyP.md,https://raw.githubusercontent.com/51chiguawang319/202609/main/20260927/FnYFv_PRCyyP.md
fOcLX_YSAxDa.md,主域名3000份,健康医疗,300,https://github.com/51chiguawang319/202609/blob/main/20260927/fOcLX_YSAxDa.md,https://raw.githubusercontent.com/51chiguawang319/202609/main/20260927/fOcLX_YSAxDa.md
foHAn_gCnNcg.md,主域名3000份,健康医疗,300,https://github.com/51chiguawang319/202609/blob/main/20260927/foHAn_gCnNcg.md,https://raw.githubusercontent.com/51chiguawang319/202609/main/20260927/foHAn_gCnNcg.md
fpClZ_HEJpvY.md,泛二级1000份,健康医疗,300,https://github.com/51chiguawang319/202609/blob/main/20260927/fpClZ_HEJpvY.md,https://raw.githubusercontent.com/51chiguawang319/202609/main/20260927/fpClZ_HEJpvY.md
FpmLh_kONNmV.md,主域名3000份,体育赛事,300,https://github.com/51chiguawang319/202609/blob/main/20260927/FpmLh_kONNmV.md,https://raw.githubusercontent.com/51chiguawang319/202609/main/20260927/FpmLh_kONNmV.md
FpNCY_RbWBYd.md,主域名3000份,科技数码,300,https://github.com/51chiguawang319/202609/blob/main/20260927/FpNCY_RbWBYd.md,https://raw.githubusercontent.com/51chiguawang319/202609/main/20260927/FpNCY_RbWBYd.md
FpoxX_gdbAze.md,泛二级1000份,文化娱乐,300,https://github.com/51chiguawang319/202609/blob/main/20260927/FpoxX_gdbAze.md,https://raw.githubusercontent.com/51chiguawang319/202609/main/20260927/FpoxX_gdbAze.md
FpvGR_qXRyZC.md,泛二级1000份,天气环境,300,https://github.com/51chiguawang319/202609/blob/main/20260927/FpvGR_qXRyZC.md,https://raw.githubusercontent.com/51chiguawang319/202609/main/20260927/FpvGR_qXRyZC.md
FqBuK_XylCYM.md,主域名3000份,体育赛事,300,https://github.com/51chiguawang319/202609/blob/main/20260927/FqBuK_XylCYM.md,https://raw.githubusercontent.com/51chiguawang319/202609/main/20260927/FqBuK_XylCYM.md
FqGeY_tzSZPT.md,主域名3000份,科技数码,300,https://github.com/51chiguawang319/202609/blob/main/20260927/FqGeY_tzSZPT.md,https://raw.githubusercontent.com/51chiguawang319/202609/main/20260927/FqGeY_tzSZPT.md
FqiJr_rFrRkc.md,泛二级1000份,体育赛事,300,https://github.com/51chiguawang319/202609/blob/main/20260927/FqiJr_rFrRkc.md,https://raw.githubusercontent.com/51chiguawang319/202609/main/20260927/FqiJr_rFrRkc.md
FqiVm_bxSBWv.md,主域名3000份,科技数码,300,https://github.com/51chiguawang319/202609/blob/main/20260927/FqiVm_bxSBWv.md,https://raw.githubusercontent.com/51chiguawang319/202609/main/20260927/FqiVm_bxSBWv.md
fQpJa_CrmqnW.md,主域名3000份,体育赛事,300,https://github.com/51chiguawang319/202609/blob/main/20260927/fQpJa_CrmqnW.md,https://raw.githubusercontent.com/51chiguawang319/202609/main/20260927/fQpJa_CrmqnW.md
FQvDY_eNRrmz.md,主域名3000份,科技数码,300,https://github.com/51chiguawang319/202609/blob/main/20260927/FQvDY_eNRrmz.md,https://raw.githubusercontent.com/51chiguawang319/202609/main/20260927/FQvDY_eNRrmz.md
fQXMR_bJQqqp.md,主域名3000份,财经商业,300,https://github.com/51chiguawang319/202609/blob/main/20260927/fQXMR_bJQqqp.md,https://raw.githubusercontent.com/51chiguawang319/202609/main/20260927/fQXMR_bJQqqp.md
Fqzve_ekwhXr.md,主域名3000份,体育赛事,300,https://github.com/51chiguawang319/202609/blob/main/20260927/Fqzve_ekwhXr.md,https://raw.githubusercontent.com/51chiguawang319/202609/main/20260927/Fqzve_ekwhXr.md
FRcwa_BOeAPi.md,主域名3000份,财经商业,300,https://github.com/51chiguawang319/202609/blob/main/20260927/FRcwa_BOeAPi.md,https://raw.githubusercontent.com/51chiguawang319/202609/main/20260927/FRcwa_BOeAPi.md
FRhiY_tYxRdE.md,主域名3000份,科技数码,300,https://github.com/51chiguawang319/202609/blob/main/20260927/FRhiY_tYxRdE.md,https://raw.githubusercontent.com/51chiguawang319/202609/main/20260927/FRhiY_tYxRdE.md
frKNt_URvPsW.md,泛二级1000份,体育赛事,300,https://github.com/51chiguawang319/202609/blob/main/20260927/frKNt_URvPsW.md,https://raw.githubusercontent.com/51chiguawang319/202609/main/20260927/frKNt_URvPsW.md
FrNgp_aWixxP.md,主域名3000份,体育赛事,300,https://github.com/51chiguawang319/202609/blob/main/20260927/FrNgp_aWixxP.md,https://raw.githubusercontent.com/51chiguawang319/202609/main/20260927/FrNgp_aWixxP.md
FRNVy_ADwltw.md,主域名3000份,科技数码,300,https://github.com/51chiguawang319/202609/blob/main/20260927/FRNVy_ADwltw.md,https://raw.githubusercontent.com/51chiguawang319/202609/main/20260927/FRNVy_ADwltw.md
FrPeD_brEjKB.md,主域名3000份,健康医疗,300,https://github.com/51chiguawang319/202609/blob/main/20260927/FrPeD_brEjKB.md,https://raw.githubusercontent.com/51chiguawang319/202609/main/20260927/FrPeD_brEjKB.md
FsahO_NGGuHx.md,主域名3000份,体育赛事,300,https://github.com/51chiguawang319/202609/blob/main/20260927/FsahO_NGGuHx.md,https://raw.githubusercontent.com/51chiguawang319/202609/main/20260927/FsahO_NGGuHx.md
fSdCM_MqEJHB.md,主域名3000份,文化娱乐,300,https://github.com/51chiguawang319/202609/blob/main/20260927/fSdCM_MqEJHB.md,https://raw.githubusercontent.com/51chiguawang319/202609/main/20260927/fSdCM_MqEJHB.md
FsdWY_PrqIGL.md,泛二级1000份,体育赛事,300,https://github.com/51chiguawang319/202609/blob/main/20260927/FsdWY_PrqIGL.md,https://raw.githubusercontent.com/51chiguawang319/202609/main/20260927/FsdWY_PrqIGL.md
FSFoz_jRDxpR.md,主域名3000份,天气环境,300,https://github.com/51chiguawang319/202609/blob/main/20260927/FSFoz_jRDxpR.md,https://raw.githubusercontent.com/51chiguawang319/202609/main/20260927/FSFoz_jRDxpR.md
FsJUc_NATqSI.md,主域名3000份,财经商业,300,https://github.com/51chiguawang319/202609/blob/main/20260927/FsJUc_NATqSI.md,https://raw.githubusercontent.com/51chiguawang319/202609/main/20260927/FsJUc_NATqSI.md
fskTd_jUWXvw.md,泛二级1000份,体育赛事,300,https://github.com/51chiguawang319/202609/blob/main/20260927/fskTd_jUWXvw.md,https://raw.githubusercontent.com/51chiguawang319/202609/main/20260927/fskTd_jUWXvw.md
fSmxJ_WrWtbI.md,泛二级1000份,健康医疗,300,https://github.com/51chiguawang319/202609/blob/main/20260927/fSmxJ_WrWtbI.md,https://raw.githubusercontent.com/51chiguawang319/202609/main/20260927/fSmxJ_WrWtbI.md
fsNis_OiOsHC.md,主域名3000份,财经商业,300,https://github.com/51chiguawang319/202609/blob/main/20260927/fsNis_OiOsHC.md,https://raw.githubusercontent.com/51chiguawang319/202609/main/20260927/fsNis_OiOsHC.md
FStgP_pruGyJ.md,泛二级1000份,财经商业,300,https://github.com/51chiguawang319/202609/blob/main/20260927/FStgP_pruGyJ.md,https://raw.githubusercontent.com/51chiguawang319/202609/main/20260927/FStgP_pruGyJ.md
FTEGu_GBgfnd.md,泛二级1000份,体育赛事,300,https://github.com/51chiguawang319/202609/blob/main/20260927/FTEGu_GBgfnd.md,https://raw.githubusercontent.com/51chiguawang319/202609/main/20260927/FTEGu_GBgfnd.md
ftFTO_OSiULb.md,泛二级1000份,体育赛事,300,https://github.com/51chiguawang319/202609/blob/main/20260927/ftFTO_OSiULb.md,https://raw.githubusercontent.com/51chiguawang319/202609/main/20260927/ftFTO_OSiULb.md
ftgFJ_kcyFKl.md,主域名3000份,科技数码,300,https://github.com/51chiguawang319/202609/blob/main/20260927/ftgFJ_kcyFKl.md,https://raw.githubusercontent.com/51chiguawang319/202609/main/20260927/ftgFJ_kcyFKl.md
FtHjQ_rEQNvH.md,泛二级1000份,文化娱乐,300,https://github.com/51chiguawang319/202609/blob/main/20260927/FtHjQ_rEQNvH.md,https://raw.githubusercontent.com/51chiguawang319/202609/main/20260927/FtHjQ_rEQNvH.md
fTJHG_ElLowv.md,主域名3000份,财经商业,300,https://github.com/51chiguawang319/202609/blob/main/20260927/fTJHG_ElLowv.md,https://raw.githubusercontent.com/51chiguawang319/202609/main/20260927/fTJHG_ElLowv.md
FTkZo_jDJVmp.md,主域名3000份,文化娱乐,300,https://github.com/51chiguawang319/202609/blob/main/20260927/FTkZo_jDJVmp.md,https://raw.githubusercontent.com/51chiguawang319/202609/main/20260927/FTkZo_jDJVmp.md
fTrmW_mJlsct.md,主域名3000份,财经商业,300,https://github.com/51chiguawang319/202609/blob/main/20260927/fTrmW_mJlsct.md,https://raw.githubusercontent.com/51chiguawang319/202609/main/20260927/fTrmW_mJlsct.md
fuaxC_VmSaRM.md,主域名3000份,体育赛事,300,https://github.com/51chiguawang319/202609/blob/main/20260927/fuaxC_VmSaRM.md,https://raw.githubusercontent.com/51chiguawang319/202609/main/20260927/fuaxC_VmSaRM.md
FuBHx_vbaFTS.md,主域名3000份,天气环境,300,https://github.com/51chiguawang319/202609/blob/main/20260927/FuBHx_vbaFTS.md,https://raw.githubusercontent.com/51chiguawang319/202609/main/20260927/FuBHx_vbaFTS.md
fUBYJ_oJSUOy.md,主域名3000份,健康医疗,300,https://github.com/51chiguawang319/202609/blob/main/20260927/fUBYJ_oJSUOy.md,https://raw.githubusercontent.com/51chiguawang319/202609/main/20260927/fUBYJ_oJSUOy.md
FuGDy_EFwifN.md,泛二级1000份,科技数码,300,https://github.com/51chiguawang319/202609/blob/main/20260927/FuGDy_EFwifN.md,https://raw.githubusercontent.com/51chiguawang319/202609/main/20260927/FuGDy_EFwifN.md
fUpYw_YrdZWq.md,主域名3000份,财经商业,300,https://github.com/51chiguawang319/202609/blob/main/20260927/fUpYw_YrdZWq.md,https://raw.githubusercontent.com/51chiguawang319/202609/main/20260927/fUpYw_YrdZWq.md
FuqKi_MmKDYw.md,主域名3000份,财经商业,300,https://github.com/51chiguawang319/202609/blob/main/20260927/FuqKi_MmKDYw.md,https://raw.githubusercontent.com/51chiguawang319/202609/main/20260927/FuqKi_MmKDYw.md
FUuQH_eOUwtt.md,主域名3000份,健康医疗,300,https://github.com/51chiguawang319/202609/blob/main/20260927/FUuQH_eOUwtt.md,https://raw.githubusercontent.com/51chiguawang319/202609/main/20260927/FUuQH_eOUwtt.md
FuuUS_FooGvb.md,泛二级1000份,科技数码,300,https://github.com/51chiguawang319/202609/blob/main/20260927/FuuUS_FooGvb.md,https://raw.githubusercontent.com/51chiguawang319/202609/main/20260927/FuuUS_FooGvb.md
fVAgb_NquPdZ.md,主域名3000份,天气环境,300,https://github.com/51chiguawang319/202609/blob/main/20260927/fVAgb_NquPdZ.md,https://raw.githubusercontent.com/51chiguawang319/202609/main/20260927/fVAgb_NquPdZ.md
fvBbj_NpkQjg.md,主域名3000份,体育赛事,300,https://github.com/51chiguawang319/202609/blob/main/20260927/fvBbj_NpkQjg.md,https://raw.githubusercontent.com/51chiguawang319/202609/main/20260927/fvBbj_NpkQjg.md
FVCmM_CmwMOG.md,主域名3000份,体育赛事,300,https://github.com/51chiguawang319/202609/blob/main/20260927/FVCmM_CmwMOG.md,https://raw.githubusercontent.com/51chiguawang319/202609/main/20260927/FVCmM_CmwMOG.md
FvEkF_nCfuOC.md,主域名3000份,文化娱乐,300,https://github.com/51chiguawang319/202609/blob/main/20260927/FvEkF_nCfuOC.md,https://raw.githubusercontent.com/51chiguawang319/202609/main/20260927/FvEkF_nCfuOC.md
fVhqR_TAyNQu.md,主域名3000份,健康医疗,300,https://github.com/51chiguawang319/202609/blob/main/20260927/fVhqR_TAyNQu.md,https://raw.githubusercontent.com/51chiguawang319/202609/main/20260927/fVhqR_TAyNQu.md
FvKSx_iBPptA.md,泛二级1000份,财经商业,300,https://github.com/51chiguawang319/202609/blob/main/20260927/FvKSx_iBPptA.md,https://raw.githubusercontent.com/51chiguawang319/202609/main/20260927/FvKSx_iBPptA.md
FvLVJ_fKqNdZ.md,主域名3000份,天气环境,300,https://github.com/51chiguawang319/202609/blob/main/20260927/FvLVJ_fKqNdZ.md,https://raw.githubusercontent.com/51chiguawang319/202609/main/20260927/FvLVJ_fKqNdZ.md
fVmfl_gQqdfN.md,泛二级1000份,天气环境,300,https://github.com/51chiguawang319/202609/blob/main/20260927/fVmfl_gQqdfN.md,https://raw.githubusercontent.com/51chiguawang319/202609/main/20260927/fVmfl_gQqdfN.md
FvMGF_EVLpjF.md,主域名3000份,体育赛事,300,https://github.com/51chiguawang319/202609/blob/main/20260927/FvMGF_EVLpjF.md,https://raw.githubusercontent.com/51chiguawang319/202609/main/20260927/FvMGF_EVLpjF.md
FvpAb_drOspQ.md,主域名3000份,健康医疗,300,https://github.com/51chiguawang319/202609/blob/main/20260927/FvpAb_drOspQ.md,https://raw.githubusercontent.com/51chiguawang319/202609/main/20260927/FvpAb_drOspQ.md
FVrcT_TIwpCi.md,泛二级1000份,文化娱乐,300,https://github.com/51chiguawang319/202609/blob/main/20260927/FVrcT_TIwpCi.md,https://raw.githubusercontent.com/51chiguawang319/202609/main/20260927/FVrcT_TIwpCi.md
FWCjR_zjAnxg.md,主域名3000份,科技数码,300,https://github.com/51chiguawang319/202609/blob/main/20260927/FWCjR_zjAnxg.md,https://raw.githubusercontent.com/51chiguawang319/202609/main/20260927/FWCjR_zjAnxg.md
fwtwA_vSXafP.md,主域名3000份,科技数码,300,https://github.com/51chiguawang319/202609/blob/main/20260927/fwtwA_vSXafP.md,https://raw.githubusercontent.com/51chiguawang319/202609/main/20260927/fwtwA_vSXafP.md
FwUfu_YWxYSq.md,主域名3000份,健康医疗,300,https://github.com/51chiguawang319/202609/blob/main/20260927/FwUfu_YWxYSq.md,https://raw.githubusercontent.com/51chiguawang319/202609/main/20260927/FwUfu_YWxYSq.md
fWvwg_elZFbJ.md,主域名3000份,天气环境,300,https://github.com/51chiguawang319/202609/blob/main/20260927/fWvwg_elZFbJ.md,https://raw.githubusercontent.com/51chiguawang319/202609/main/20260927/fWvwg_elZFbJ.md
FWWDr_fyqVvY.md,主域名3000份,天气环境,300,https://github.com/51chiguawang319/202609/blob/main/20260927/FWWDr_fyqVvY.md,https://raw.githubusercontent.com/51chiguawang319/202609/main/20260927/FWWDr_fyqVvY.md
FXIjw_EbqLKE.md,主域名3000份,文化娱乐,300,https://github.com/51chiguawang319/202609/blob/main/20260927/FXIjw_EbqLKE.md,https://raw.githubusercontent.com/51chiguawang319/202609/main/20260927/FXIjw_EbqLKE.md
FXJLi_GGlmey.md,主域名3000份,健康医疗,300,https://github.com/51chiguawang319/202609/blob/main/20260927/FXJLi_GGlmey.md,https://raw.githubusercontent.com/51chiguawang319/202609/main/20260927/FXJLi_GGlmey.md
FxrNj_FJjhaU.md,主域名3000份,文化娱乐,300,https://github.com/51chiguawang319/202609/blob/main/20260927/FxrNj_FJjhaU.md,https://raw.githubusercontent.com/51chiguawang319/202609/main/20260927/FxrNj_FJjhaU.md
fxzlD_ipNbhS.md,泛二级1000份,科技数码,300,https://github.com/51chiguawang319/202609/blob/main/20260927/fxzlD_ipNbhS.md,https://raw.githubusercontent.com/51chiguawang319/202609/main/20260927/fxzlD_ipNbhS.md
fyabI_yOGjSQ.md,主域名3000份,健康医疗,300,https://github.com/51chiguawang319/202609/blob/main/20260927/fyabI_yOGjSQ.md,https://raw.githubusercontent.com/51chiguawang319/202609/main/20260927/fyabI_yOGjSQ.md
FyGYd_eFrKHY.md,泛二级1000份,体育赛事,300,https://github.com/51chiguawang319/202609/blob/main/20260927/FyGYd_eFrKHY.md,https://raw.githubusercontent.com/51chiguawang319/202609/main/20260927/FyGYd_eFrKHY.md
FyOkH_AxiJzp.md,主域名3000份,天气环境,300,https://github.com/51chiguawang319/202609/blob/main/20260927/FyOkH_AxiJzp.md,https://raw.githubusercontent.com/51chiguawang319/202609/main/20260927/FyOkH_AxiJzp.md
FyOln_jdrKPa.md,主域名3000份,财经商业,300,https://github.com/51chiguawang319/202609/blob/main/20260927/FyOln_jdrKPa.md,https://raw.githubusercontent.com/51chiguawang319/202609/main/20260927/FyOln_jdrKPa.md
fYqiX_sivgTC.md,主域名3000份,健康医疗,300,https://github.com/51chiguawang319/202609/blob/main/20260927/fYqiX_sivgTC.md,https://raw.githubusercontent.com/51chiguawang319/202609/main/20260927/fYqiX_sivgTC.md
fYyvO_ArMoIT.md,主域名3000份,文化娱乐,300,https://github.com/51chiguawang319/202609/blob/main/20260927/fYyvO_ArMoIT.md,https://raw.githubusercontent.com/51chiguawang319/202609/main/20260927/fYyvO_ArMoIT.md
fZDWp_PAOFIw.md,泛二级1000份,科技数码,300,https://github.com/51chiguawang319/202609/blob/main/20260927/fZDWp_PAOFIw.md,https://raw.githubusercontent.com/51chiguawang319/202609/main/20260927/fZDWp_PAOFIw.md
fzEYi_nDfjub.md,主域名3000份,天气环境,300,https://github.com/51chiguawang319/202609/blob/main/20260927/fzEYi_nDfjub.md,https://raw.githubusercontent.com/51chiguawang319/202609/main/20260927/fzEYi_nDfjub.md
FZfBY_ButqeL.md,泛二级1000份,科技数码,300,https://github.com/51chiguawang319/202609/blob/main/20260927/FZfBY_ButqeL.md,https://raw.githubusercontent.com/51chiguawang319/202609/main/20260927/FZfBY_ButqeL.md
fziTS_qwJTQs.md,主域名3000份,天气环境,300,https://github.com/51chiguawang319/202609/blob/main/20260927/fziTS_qwJTQs.md,https://raw.githubusercontent.com/51chiguawang319/202609/main/20260927/fziTS_qwJTQs.md
FZjmn_CwAZXD.md,泛二级1000份,天气环境,300,https://github.com/51chiguawang319/202609/blob/main/20260927/FZjmn_CwAZXD.md,https://raw.githubusercontent.com/51chiguawang319/202609/main/20260927/FZjmn_CwAZXD.md
FzncX_GxXigD.md,主域名3000份,体育赛事,300,https://github.com/51chiguawang319/202609/blob/main/20260927/FzncX_GxXigD.md,https://raw.githubusercontent.com/51chiguawang319/202609/main/20260927/FzncX_GxXigD.md
FznoW_yWJIdh.md,主域名3000份,文化娱乐,300,https://github.com/51chiguawang319/202609/blob/main/20260927/FznoW_yWJIdh.md,https://raw.githubusercontent.com/51chiguawang319/202609/main/20260927/FznoW_yWJIdh.md
fZuVV_BhwfaY.md,主域名3000份,天气环境,300,https://github.com/51chiguawang319/202609/blob/main/20260927/fZuVV_BhwfaY.md,https://raw.githubusercontent.com/51chiguawang319/202609/main/20260927/fZuVV_BhwfaY.md
fzwYL_TwfcYR.md,主域名3000份,文化娱乐,300,https://github.com/51chiguawang319/202609/blob/main/20260927/fzwYL_TwfcYR.md,https://raw.githubusercontent.com/51chiguawang319/202609/main/20260927/fzwYL_TwfcYR.md
FZxzp_plNmxY.md,主域名3000份,体育赛事,300,https://github.com/51chiguawang319/202609/blob/main/20260927/FZxzp_plNmxY.md,https://raw.githubusercontent.com/51chiguawang319/202609/main/20260927/FZxzp_plNmxY.md
FzycY_lCVuzV.md,泛二级1000份,健康医疗,300,https://github.com/51chiguawang319/202609/blob/main/20260927/FzycY_lCVuzV.md,https://raw.githubusercontent.com/51chiguawang319/202609/main/20260927/FzycY_lCVuzV.md
gAAbe_CLsdCQ.md,泛二级1000份,财经商业,300,https://github.com/51chiguawang319/202609/blob/main/20260927/gAAbe_CLsdCQ.md,https://raw.githubusercontent.com/51chiguawang319/202609/main/20260927/gAAbe_CLsdCQ.md
gAAZb_yRefCR.md,主域名3000份,天气环境,300,https://github.com/51chiguawang319/202609/blob/main/20260927/gAAZb_yRefCR.md,https://raw.githubusercontent.com/51chiguawang319/202609/main/20260927/gAAZb_yRefCR.md
gAevX_NYZfnN.md,主域名3000份,财经商业,300,https://github.com/51chiguawang319/202609/blob/main/20260927/gAevX_NYZfnN.md,https://raw.githubusercontent.com/51chiguawang319/202609/main/20260927/gAevX_NYZfnN.md
gaLNX_ENDVlx.md,主域名3000份,文化娱乐,300,https://github.com/51chiguawang319/202609/blob/main/20260927/gaLNX_ENDVlx.md,https://raw.githubusercontent.com/51chiguawang319/202609/main/20260927/gaLNX_ENDVlx.md
GameV_jvaRsF.md,主域名3000份,体育赛事,300,https://github.com/51chiguawang319/202609/blob/main/20260927/GameV_jvaRsF.md,https://raw.githubusercontent.com/51chiguawang319/202609/main/20260927/GameV_jvaRsF.md
Gbbqt_DZtPzD.md,主域名3000份,体育赛事,300,https://github.com/51chiguawang319/202609/blob/main/20260927/Gbbqt_DZtPzD.md,https://raw.githubusercontent.com/51chiguawang319/202609/main/20260927/Gbbqt_DZtPzD.md
gBNEu_vBTGmu.md,主域名3000份,文化娱乐,300,https://github.com/51chiguawang319/202609/blob/main/20260927/gBNEu_vBTGmu.md,https://raw.githubusercontent.com/51chiguawang319/202609/main/20260927/gBNEu_vBTGmu.md
gBoHr_uinNiL.md,主域名3000份,科技数码,300,https://github.com/51chiguawang319/202609/blob/main/20260927/gBoHr_uinNiL.md,https://raw.githubusercontent.com/51chiguawang319/202609/main/20260927/gBoHr_uinNiL.md
gCANt_mYyGcd.md,泛二级1000份,文化娱乐,300,https://github.com/51chiguawang319/202609/blob/main/20260927/gCANt_mYyGcd.md,https://raw.githubusercontent.com/51chiguawang319/202609/main/20260927/gCANt_mYyGcd.md
Gcgqk_qifbiA.md,泛二级1000份,健康医疗,300,https://github.com/51chiguawang319/202609/blob/main/20260927/Gcgqk_qifbiA.md,https://raw.githubusercontent.com/51chiguawang319/202609/main/20260927/Gcgqk_qifbiA.md
GCIdQ_JpfmDB.md,主域名3000份,财经商业,300,https://github.com/51chiguawang319/202609/blob/main/20260927/GCIdQ_JpfmDB.md,https://raw.githubusercontent.com/51chiguawang319/202609/main/20260927/GCIdQ_JpfmDB.md
gCWdw_cqhywA.md,泛二级1000份,体育赛事,300,https://github.com/51chiguawang319/202609/blob/main/20260927/gCWdw_cqhywA.md,https://raw.githubusercontent.com/51chiguawang319/202609/main/20260927/gCWdw_cqhywA.md
gDHmo_IGZjKa.md,泛二级1000份,体育赛事,300,https://github.com/51chiguawang319/202609/blob/main/20260927/gDHmo_IGZjKa.md,https://raw.githubusercontent.com/51chiguawang319/202609/main/20260927/gDHmo_IGZjKa.md
gDitk_XCWArD.md,泛二级1000份,体育赛事,300,https://github.com/51chiguawang319/202609/blob/main/20260927/gDitk_XCWArD.md,https://raw.githubusercontent.com/51chiguawang319/202609/main/20260927/gDitk_XCWArD.md
GdnjJ_mDHofP.md,泛二级1000份,天气环境,300,https://github.com/51chiguawang319/202609/blob/main/20260927/GdnjJ_mDHofP.md,https://raw.githubusercontent.com/51chiguawang319/202609/main/20260927/GdnjJ_mDHofP.md
gDPMB_yhYeXL.md,主域名3000份,健康医疗,300,https://github.com/51chiguawang319/202609/blob/main/20260927/gDPMB_yhYeXL.md,https://raw.githubusercontent.com/51chiguawang319/202609/main/20260927/gDPMB_yhYeXL.md
GdTZm_Jqfxyg.md,主域名3000份,财经商业,300,https://github.com/51chiguawang319/202609/blob/main/20260927/GdTZm_Jqfxyg.md,https://raw.githubusercontent.com/51chiguawang319/202609/main/20260927/GdTZm_Jqfxyg.md
GdYKn_WCBPul.md,主域名3000份,天气环境,300,https://github.com/51chiguawang319/202609/blob/main/20260927/GdYKn_WCBPul.md,https://raw.githubusercontent.com/51chiguawang319/202609/main/20260927/GdYKn_WCBPul.md
GeAPS_eYWFDm.md,主域名3000份,健康医疗,300,https://github.com/51chiguawang319/202609/blob/main/20260927/GeAPS_eYWFDm.md,https://raw.githubusercontent.com/51chiguawang319/202609/main/20260927/GeAPS_eYWFDm.md
GebUn_gSJwsM.md,泛二级1000份,健康医疗,300,https://github.com/51chiguawang319/202609/blob/main/20260927/GebUn_gSJwsM.md,https://raw.githubusercontent.com/51chiguawang319/202609/main/20260927/GebUn_gSJwsM.md
gEfGW_LDyIjX.md,主域名3000份,体育赛事,300,https://github.com/51chiguawang319/202609/blob/main/20260927/gEfGW_LDyIjX.md,https://raw.githubusercontent.com/51chiguawang319/202609/main/20260927/gEfGW_LDyIjX.md
GEnBM_DyuQdW.md,主域名3000份,健康医疗,300,https://github.com/51chiguawang319/202609/blob/main/20260927/GEnBM_DyuQdW.md,https://raw.githubusercontent.com/51chiguawang319/202609/main/20260927/GEnBM_DyuQdW.md
gEnDn_vTcjjs.md,主域名3000份,文化娱乐,300,https://github.com/51chiguawang319/202609/blob/main/20260927/gEnDn_vTcjjs.md,https://raw.githubusercontent.com/51chiguawang319/202609/main/20260927/gEnDn_vTcjjs.md
gEOJa_xuUczQ.md,泛二级1000份,财经商业,300,https://github.com/51chiguawang319/202609/blob/main/20260927/gEOJa_xuUczQ.md,https://raw.githubusercontent.com/51chiguawang319/202609/main/20260927/gEOJa_xuUczQ.md
gepBf_vRotRk.md,主域名3000份,体育赛事,300,https://github.com/51chiguawang319/202609/blob/main/20260927/gepBf_vRotRk.md,https://raw.githubusercontent.com/51chiguawang319/202609/main/20260927/gepBf_vRotRk.md
GeRuX_IBvYTw.md,主域名3000份,文化娱乐,300,https://github.com/51chiguawang319/202609/blob/main/20260927/GeRuX_IBvYTw.md,https://raw.githubusercontent.com/51chiguawang319/202609/main/20260927/GeRuX_IBvYTw.md
gewIi_ycVsfw.md,主域名3000份,文化娱乐,300,https://github.com/51chiguawang319/202609/blob/main/20260927/gewIi_ycVsfw.md,https://raw.githubusercontent.com/51chiguawang319/202609/main/20260927/gewIi_ycVsfw.md
GEZYn_VSbAtq.md,主域名3000份,科技数码,300,https://github.com/51chiguawang319/202609/blob/main/20260927/GEZYn_VSbAtq.md,https://raw.githubusercontent.com/51chiguawang319/202609/main/20260927/GEZYn_VSbAtq.md
GFCep_ZezNfD.md,泛二级1000份,体育赛事,300,https://github.com/51chiguawang319/202609/blob/main/20260927/GFCep_ZezNfD.md,https://raw.githubusercontent.com/51chiguawang319/202609/main/20260927/GFCep_ZezNfD.md
GfJPv_NjzqOD.md,主域名3000份,体育赛事,300,https://github.com/51chiguawang319/202609/blob/main/20260927/GfJPv_NjzqOD.md,https://raw.githubusercontent.com/51chiguawang319/202609/main/20260927/GfJPv_NjzqOD.md
GfkqO_mQOhSU.md,主域名3000份,财经商业,300,https://github.com/51chiguawang319/202609/blob/main/20260927/GfkqO_mQOhSU.md,https://raw.githubusercontent.com/51chiguawang319/202609/main/20260927/GfkqO_mQOhSU.md
gFLjY_DiESHa.md,主域名3000份,健康医疗,300,https://github.com/51chiguawang319/202609/blob/main/20260927/gFLjY_DiESHa.md,https://raw.githubusercontent.com/51chiguawang319/202609/main/20260927/gFLjY_DiESHa.md
GFpUN_Ocaymh.md,主域名3000份,天气环境,300,https://github.com/51chiguawang319/202609/blob/main/20260927/GFpUN_Ocaymh.md,https://raw.githubusercontent.com/51chiguawang319/202609/main/20260927/GFpUN_Ocaymh.md
gfrLy_AbYisb.md,主域名3000份,体育赛事,300,https://github.com/51chiguawang319/202609/blob/main/20260927/gfrLy_AbYisb.md,https://raw.githubusercontent.com/51chiguawang319/202609/main/20260927/gfrLy_AbYisb.md
gGcfx_GXdbjB.md,主域名3000份,财经商业,300,https://github.com/51chiguawang319/202609/blob/main/20260927/gGcfx_GXdbjB.md,https://raw.githubusercontent.com/51chiguawang319/202609/main/20260927/gGcfx_GXdbjB.md
GGmOL_SGhRvu.md,主域名3000份,体育赛事,300,https://github.com/51chiguawang319/202609/blob/main/20260927/GGmOL_SGhRvu.md,https://raw.githubusercontent.com/51chiguawang319/202609/main/20260927/GGmOL_SGhRvu.md
ggOhS_hfZnLx.md,主域名3000份,财经商业,300,https://github.com/51chiguawang319/202609/blob/main/20260927/ggOhS_hfZnLx.md,https://raw.githubusercontent.com/51chiguawang319/202609/main/20260927/ggOhS_hfZnLx.md
GGpsm_ypipVJ.md,主域名3000份,健康医疗,300,https://github.com/51chiguawang319/202609/blob/main/20260927/GGpsm_ypipVJ.md,https://raw.githubusercontent.com/51chiguawang319/202609/main/20260927/GGpsm_ypipVJ.md
Ggtbh_byBQrF.md,主域名3000份,财经商业,300,https://github.com/51chiguawang319/202609/blob/main/20260927/Ggtbh_byBQrF.md,https://raw.githubusercontent.com/51chiguawang319/202609/main/20260927/Ggtbh_byBQrF.md
gGwpE_GdZqsZ.md,主域名3000份,科技数码,300,https://github.com/51chiguawang319/202609/blob/main/20260927/gGwpE_GdZqsZ.md,https://raw.githubusercontent.com/51chiguawang319/202609/main/20260927/gGwpE_GdZqsZ.md
gHDpg_mZeCYM.md,主域名3000份,天气环境,300,https://github.com/51chiguawang319/202609/blob/main/20260927/gHDpg_mZeCYM.md,https://raw.githubusercontent.com/51chiguawang319/202609/main/20260927/gHDpg_mZeCYM.md
GhkYC_tVgGrS.md,主域名3000份,文化娱乐,300,https://github.com/51chiguawang319/202609/blob/main/20260927/GhkYC_tVgGrS.md,https://raw.githubusercontent.com/51chiguawang319/202609/main/20260927/GhkYC_tVgGrS.md
gHRCJ_GrlvyR.md,主域名3000份,文化娱乐,300,https://github.com/51chiguawang319/202609/blob/main/20260927/gHRCJ_GrlvyR.md,https://raw.githubusercontent.com/51chiguawang319/202609/main/20260927/gHRCJ_GrlvyR.md
gIWkd_UGvlkd.md,泛二级1000份,天气环境,300,https://github.com/51chiguawang319/202609/blob/main/20260927/gIWkd_UGvlkd.md,https://raw.githubusercontent.com/51chiguawang319/202609/main/20260927/gIWkd_UGvlkd.md
giYcR_ZKTsdH.md,主域名3000份,健康医疗,300,https://github.com/51chiguawang319/202609/blob/main/20260927/giYcR_ZKTsdH.md,https://raw.githubusercontent.com/51chiguawang319/202609/main/20260927/giYcR_ZKTsdH.md
GJbXO_PUwtrC.md,主域名3000份,体育赛事,300,https://github.com/51chiguawang319/202609/blob/main/20260927/GJbXO_PUwtrC.md,https://raw.githubusercontent.com/51chiguawang319/202609/main/20260927/GJbXO_PUwtrC.md
Gjlaz_KbIRUV.md,泛二级1000份,文化娱乐,300,https://github.com/51chiguawang319/202609/blob/main/20260927/Gjlaz_KbIRUV.md,https://raw.githubusercontent.com/51chiguawang319/202609/main/20260927/Gjlaz_KbIRUV.md
GJqRL_gWsGDK.md,主域名3000份,健康医疗,300,https://github.com/51chiguawang319/202609/blob/main/20260927/GJqRL_gWsGDK.md,https://raw.githubusercontent.com/51chiguawang319/202609/main/20260927/GJqRL_gWsGDK.md
GJvaQ_ObhrCs.md,主域名3000份,文化娱乐,300,https://github.com/51chiguawang319/202609/blob/main/20260927/GJvaQ_ObhrCs.md,https://raw.githubusercontent.com/51chiguawang319/202609/main/20260927/GJvaQ_ObhrCs.md
gjVsO_KOLkHy.md,主域名3000份,文化娱乐,300,https://github.com/51chiguawang319/202609/blob/main/20260927/gjVsO_KOLkHy.md,https://raw.githubusercontent.com/51chiguawang319/202609/main/20260927/gjVsO_KOLkHy.md
gkAEf_pzDQQU.md,主域名3000份,天气环境,300,https://github.com/51chiguawang319/202609/blob/main/20260927/gkAEf_pzDQQU.md,https://raw.githubusercontent.com/51chiguawang319/202609/main/20260927/gkAEf_pzDQQU.md
gKHrn_KBVbcS.md,泛二级1000份,体育赛事,300,https://github.com/51chiguawang319/202609/blob/main/20260927/gKHrn_KBVbcS.md,https://raw.githubusercontent.com/51chiguawang319/202609/main/20260927/gKHrn_KBVbcS.md
gkMNd_nXBnCk.md,主域名3000份,体育赛事,300,https://github.com/51chiguawang319/202609/blob/main/20260927/gkMNd_nXBnCk.md,https://raw.githubusercontent.com/51chiguawang319/202609/main/20260927/gkMNd_nXBnCk.md
gknyQ_cXkOwJ.md,泛二级1000份,科技数码,300,https://github.com/51chiguawang319/202609/blob/main/20260927/gknyQ_cXkOwJ.md,https://raw.githubusercontent.com/51chiguawang319/202609/main/20260927/gknyQ_cXkOwJ.md
gkQyC_FulYMM.md,泛二级1000份,体育赛事,300,https://github.com/51chiguawang319/202609/blob/main/20260927/gkQyC_FulYMM.md,https://raw.githubusercontent.com/51chiguawang319/202609/main/20260927/gkQyC_FulYMM.md
GLCAc_SBtNIQ.md,主域名3000份,体育赛事,300,https://github.com/51chiguawang319/202609/blob/main/20260927/GLCAc_SBtNIQ.md,https://raw.githubusercontent.com/51chiguawang319/202609/main/20260927/GLCAc_SBtNIQ.md
Glgdq_TONkcL.md,主域名3000份,体育赛事,300,https://github.com/51chiguawang319/202609/blob/main/20260927/Glgdq_TONkcL.md,https://raw.githubusercontent.com/51chiguawang319/202609/main/20260927/Glgdq_TONkcL.md
gLJXZ_ocwPSF.md,主域名3000份,天气环境,300,https://github.com/51chiguawang319/202609/blob/main/20260927/gLJXZ_ocwPSF.md,https://raw.githubusercontent.com/51chiguawang319/202609/main/20260927/gLJXZ_ocwPSF.md
gLkHF_VMYnUJ.md,主域名3000份,科技数码,300,https://github.com/51chiguawang319/202609/blob/main/20260927/gLkHF_VMYnUJ.md,https://raw.githubusercontent.com/51chiguawang319/202609/main/20260927/gLkHF_VMYnUJ.md
gLlMG_doewHv.md,主域名3000份,财经商业,300,https://github.com/51chiguawang319/202609/blob/main/20260927/gLlMG_doewHv.md,https://raw.githubusercontent.com/51chiguawang319/202609/main/20260927/gLlMG_doewHv.md
glRyg_UEtYSb.md,主域名3000份,财经商业,300,https://github.com/51chiguawang319/202609/blob/main/20260927/glRyg_UEtYSb.md,https://raw.githubusercontent.com/51chiguawang319/202609/main/20260927/glRyg_UEtYSb.md
glRzl_prScbI.md,主域名3000份,体育赛事,300,https://github.com/51chiguawang319/202609/blob/main/20260927/glRzl_prScbI.md,https://raw.githubusercontent.com/51chiguawang319/202609/main/20260927/glRzl_prScbI.md
glSIV_XpOVax.md,主域名3000份,天气环境,300,https://github.com/51chiguawang319/202609/blob/main/20260927/glSIV_XpOVax.md,https://raw.githubusercontent.com/51chiguawang319/202609/main/20260927/glSIV_XpOVax.md
GlVAv_qpDkOW.md,主域名3000份,天气环境,300,https://github.com/51chiguawang319/202609/blob/main/20260927/GlVAv_qpDkOW.md,https://raw.githubusercontent.com/51chiguawang319/202609/main/20260927/GlVAv_qpDkOW.md
gMAaa_HCArwD.md,主域名3000份,财经商业,300,https://github.com/51chiguawang319/202609/blob/main/20260927/gMAaa_HCArwD.md,https://raw.githubusercontent.com/51chiguawang319/202609/main/20260927/gMAaa_HCArwD.md
GmBEW_TVgOGv.md,泛二级1000份,体育赛事,300,https://github.com/51chiguawang319/202609/blob/main/20260927/GmBEW_TVgOGv.md,https://raw.githubusercontent.com/51chiguawang319/202609/main/20260927/GmBEW_TVgOGv.md
GMBIa_lrkTDD.md,主域名3000份,财经商业,300,https://github.com/51chiguawang319/202609/blob/main/20260927/GMBIa_lrkTDD.md,https://raw.githubusercontent.com/51chiguawang319/202609/main/20260927/GMBIa_lrkTDD.md
gMDYv_XDMjVn.md,泛二级1000份,体育赛事,300,https://github.com/51chiguawang319/202609/blob/main/20260927/gMDYv_XDMjVn.md,https://raw.githubusercontent.com/51chiguawang319/202609/main/20260927/gMDYv_XDMjVn.md
gMhLf_CYeYUr.md,主域名3000份,科技数码,300,https://github.com/51chiguawang319/202609/blob/main/20260927/gMhLf_CYeYUr.md,https://raw.githubusercontent.com/51chiguawang319/202609/main/20260927/gMhLf_CYeYUr.md
GMjkX_tMyMPw.md,主域名3000份,文化娱乐,300,https://github.com/51chiguawang319/202609/blob/main/20260927/GMjkX_tMyMPw.md,https://raw.githubusercontent.com/51chiguawang319/202609/main/20260927/GMjkX_tMyMPw.md
gMpyO_NzFtpf.md,泛二级1000份,财经商业,300,https://github.com/51chiguawang319/202609/blob/main/20260927/gMpyO_NzFtpf.md,https://raw.githubusercontent.com/51chiguawang319/202609/main/20260927/gMpyO_NzFtpf.md
GmRCZ_TFMTBq.md,主域名3000份,天气环境,300,https://github.com/51chiguawang319/202609/blob/main/20260927/GmRCZ_TFMTBq.md,https://raw.githubusercontent.com/51chiguawang319/202609/main/20260927/GmRCZ_TFMTBq.md
gmSWg_teCkJB.md,主域名3000份,财经商业,300,https://github.com/51chiguawang319/202609/blob/main/20260927/gmSWg_teCkJB.md,https://raw.githubusercontent.com/51chiguawang319/202609/main/20260927/gmSWg_teCkJB.md
gmszB_GHobpp.md,主域名3000份,科技数码,300,https://github.com/51chiguawang319/202609/blob/main/20260927/gmszB_GHobpp.md,https://raw.githubusercontent.com/51chiguawang319/202609/main/20260927/gmszB_GHobpp.md
GMvYw_PmaBgq.md,泛二级1000份,财经商业,300,https://github.com/51chiguawang319/202609/blob/main/20260927/GMvYw_PmaBgq.md,https://raw.githubusercontent.com/51chiguawang319/202609/main/20260927/GMvYw_PmaBgq.md
gMYyJ_eItgbf.md,泛二级1000份,健康医疗,300,https://github.com/51chiguawang319/202609/blob/main/20260927/gMYyJ_eItgbf.md,https://raw.githubusercontent.com/51chiguawang319/202609/main/20260927/gMYyJ_eItgbf.md
gnDLu_jMsKfU.md,泛二级1000份,健康医疗,300,https://github.com/51chiguawang319/202609/blob/main/20260927/gnDLu_jMsKfU.md,https://raw.githubusercontent.com/51chiguawang319/202609/main/20260927/gnDLu_jMsKfU.md
GNObX_QGYwMy.md,主域名3000份,财经商业,300,https://github.com/51chiguawang319/202609/blob/main/20260927/GNObX_QGYwMy.md,https://raw.githubusercontent.com/51chiguawang319/202609/main/20260927/GNObX_QGYwMy.md
gNpLG_QkVYvq.md,主域名3000份,科技数码,300,https://github.com/51chiguawang319/202609/blob/main/20260927/gNpLG_QkVYvq.md,https://raw.githubusercontent.com/51chiguawang319/202609/main/20260927/gNpLG_QkVYvq.md
gNZbc_GKDtlK.md,主域名3000份,文化娱乐,300,https://github.com/51chiguawang319/202609/blob/main/20260927/gNZbc_GKDtlK.md,https://raw.githubusercontent.com/51chiguawang319/202609/main/20260927/gNZbc_GKDtlK.md
GOEck_wQoaSk.md,泛二级1000份,健康医疗,300,https://github.com/51chiguawang319/202609/blob/main/20260927/GOEck_wQoaSk.md,https://raw.githubusercontent.com/51chiguawang319/202609/main/20260927/GOEck_wQoaSk.md
goHue_wFrxHe.md,主域名3000份,天气环境,300,https://github.com/51chiguawang319/202609/blob/main/20260927/goHue_wFrxHe.md,https://raw.githubusercontent.com/51chiguawang319/202609/main/20260927/goHue_wFrxHe.md
gOJKy_XzDutL.md,主域名3000份,财经商业,300,https://github.com/51chiguawang319/202609/blob/main/20260927/gOJKy_XzDutL.md,https://raw.githubusercontent.com/51chiguawang319/202609/main/20260927/gOJKy_XzDutL.md
goOlo_zVFAwY.md,主域名3000份,健康医疗,300,https://github.com/51chiguawang319/202609/blob/main/20260927/goOlo_zVFAwY.md,https://raw.githubusercontent.com/51chiguawang319/202609/main/20260927/goOlo_zVFAwY.md
goqCh_MXcavE.md,主域名3000份,天气环境,300,https://github.com/51chiguawang319/202609/blob/main/20260927/goqCh_MXcavE.md,https://raw.githubusercontent.com/51chiguawang319/202609/main/20260927/goqCh_MXcavE.md
gpcfU_RlsidS.md,主域名3000份,健康医疗,300,https://github.com/51chiguawang319/202609/blob/main/20260927/gpcfU_RlsidS.md,https://raw.githubusercontent.com/51chiguawang319/202609/main/20260927/gpcfU_RlsidS.md
GpcOK_lKEuAG.md,主域名3000份,健康医疗,300,https://github.com/51chiguawang319/202609/blob/main/20260927/GpcOK_lKEuAG.md,https://raw.githubusercontent.com/51chiguawang319/202609/main/20260927/GpcOK_lKEuAG.md
gPDJG_sUhWVo.md,主域名3000份,健康医疗,300,https://github.com/51chiguawang319/202609/blob/main/20260927/gPDJG_sUhWVo.md,https://raw.githubusercontent.com/51chiguawang319/202609/main/20260927/gPDJG_sUhWVo.md
GPexW_DweNLw.md,主域名3000份,健康医疗,300,https://github.com/51chiguawang319/202609/blob/main/20260927/GPexW_DweNLw.md,https://raw.githubusercontent.com/51chiguawang319/202609/main/20260927/GPexW_DweNLw.md
gQeOt_keBQxo.md,主域名3000份,文化娱乐,300,https://github.com/51chiguawang319/202609/blob/main/20260927/gQeOt_keBQxo.md,https://raw.githubusercontent.com/51chiguawang319/202609/main/20260927/gQeOt_keBQxo.md
GQsBD_DwPHdO.md,主域名3000份,体育赛事,300,https://github.com/51chiguawang319/202609/blob/main/20260927/GQsBD_DwPHdO.md,https://raw.githubusercontent.com/51chiguawang319/202609/main/20260927/GQsBD_DwPHdO.md
Gqwam_cxUNtU.md,主域名3000份,文化娱乐,300,https://github.com/51chiguawang319/202609/blob/main/20260927/Gqwam_cxUNtU.md,https://raw.githubusercontent.com/51chiguawang319/202609/main/20260927/Gqwam_cxUNtU.md
GqWfA_jUoUzD.md,主域名3000份,财经商业,300,https://github.com/51chiguawang319/202609/blob/main/20260927/GqWfA_jUoUzD.md,https://raw.githubusercontent.com/51chiguawang319/202609/main/20260927/GqWfA_jUoUzD.md
gQYoA_tVjvBE.md,主域名3000份,财经商业,300,https://github.com/51chiguawang319/202609/blob/main/20260927/gQYoA_tVjvBE.md,https://raw.githubusercontent.com/51chiguawang319/202609/main/20260927/gQYoA_tVjvBE.md
gRACd_ahDxdB.md,主域名3000份,体育赛事,300,https://github.com/51chiguawang319/202609/blob/main/20260927/gRACd_ahDxdB.md,https://raw.githubusercontent.com/51chiguawang319/202609/main/20260927/gRACd_ahDxdB.md
gRGvr_LEZyqs.md,主域名3000份,体育赛事,300,https://github.com/51chiguawang319/202609/blob/main/20260927/gRGvr_LEZyqs.md,https://raw.githubusercontent.com/51chiguawang319/202609/main/20260927/gRGvr_LEZyqs.md
grjNN_CjkUeF.md,主域名3000份,文化娱乐,300,https://github.com/51chiguawang319/202609/blob/main/20260927/grjNN_CjkUeF.md,https://raw.githubusercontent.com/51chiguawang319/202609/main/20260927/grjNN_CjkUeF.md
gRMQo_epdFgF.md,泛二级1000份,文化娱乐,300,https://github.com/51chiguawang319/202609/blob/main/20260927/gRMQo_epdFgF.md,https://raw.githubusercontent.com/51chiguawang319/202609/main/20260927/gRMQo_epdFgF.md
GronL_eSnRcS.md,泛二级1000份,健康医疗,300,https://github.com/51chiguawang319/202609/blob/main/20260927/GronL_eSnRcS.md,https://raw.githubusercontent.com/51chiguawang319/202609/main/20260927/GronL_eSnRcS.md
GrOsR_AUXiuR.md,主域名3000份,科技数码,300,https://github.com/51chiguawang319/202609/blob/main/20260927/GrOsR_AUXiuR.md,https://raw.githubusercontent.com/51chiguawang319/202609/main/20260927/GrOsR_AUXiuR.md
gsrZL_pBXkyJ.md,主域名3000份,天气环境,300,https://github.com/51chiguawang319/202609/blob/main/20260927/gsrZL_pBXkyJ.md,https://raw.githubusercontent.com/51chiguawang319/202609/main/20260927/gsrZL_pBXkyJ.md
GsXHH_oyiMpC.md,主域名3000份,健康医疗,300,https://github.com/51chiguawang319/202609/blob/main/20260927/GsXHH_oyiMpC.md,https://raw.githubusercontent.com/51chiguawang319/202609/main/20260927/GsXHH_oyiMpC.md
gSxva_gqTebA.md,泛二级1000份,天气环境,300,https://github.com/51chiguawang319/202609/blob/main/20260927/gSxva_gqTebA.md,https://raw.githubusercontent.com/51chiguawang319/202609/main/20260927/gSxva_gqTebA.md
gtEzx_Jhpxnw.md,主域名3000份,体育赛事,300,https://github.com/51chiguawang319/202609/blob/main/20260927/gtEzx_Jhpxnw.md,https://raw.githubusercontent.com/51chiguawang319/202609/main/20260927/gtEzx_Jhpxnw.md
GTpoQ_UFQmTQ.md,主域名3000份,文化娱乐,300,https://github.com/51chiguawang319/202609/blob/main/20260927/GTpoQ_UFQmTQ.md,https://raw.githubusercontent.com/51chiguawang319/202609/main/20260927/GTpoQ_UFQmTQ.md
gTPPE_JUakOn.md,主域名3000份,文化娱乐,300,https://github.com/51chiguawang319/202609/blob/main/20260927/gTPPE_JUakOn.md,https://raw.githubusercontent.com/51chiguawang319/202609/main/20260927/gTPPE_JUakOn.md
gtqnQ_PZwpIK.md,泛二级1000份,天气环境,300,https://github.com/51chiguawang319/202609/blob/main/20260927/gtqnQ_PZwpIK.md,https://raw.githubusercontent.com/51chiguawang319/202609/main/20260927/gtqnQ_PZwpIK.md
GTqPZ_yUzMoH.md,泛二级1000份,财经商业,300,https://github.com/51chiguawang319/202609/blob/main/20260927/GTqPZ_yUzMoH.md,https://raw.githubusercontent.com/51chiguawang319/202609/main/20260927/GTqPZ_yUzMoH.md
gtxjT_GsqnUf.md,主域名3000份,健康医疗,300,https://github.com/51chiguawang319/202609/blob/main/20260927/gtxjT_GsqnUf.md,https://raw.githubusercontent.com/51chiguawang319/202609/main/20260927/gtxjT_GsqnUf.md
gTyFe_fAbboy.md,泛二级1000份,体育赛事,300,https://github.com/51chiguawang319/202609/blob/main/20260927/gTyFe_fAbboy.md,https://raw.githubusercontent.com/51chiguawang319/202609/main/20260927/gTyFe_fAbboy.md
gURfJ_ErXrfF.md,主域名3000份,文化娱乐,300,https://github.com/51chiguawang319/202609/blob/main/20260927/gURfJ_ErXrfF.md,https://raw.githubusercontent.com/51chiguawang319/202609/main/20260927/gURfJ_ErXrfF.md
gUroG_hqBYwk.md,主域名3000份,体育赛事,300,https://github.com/51chiguawang319/202609/blob/main/20260927/gUroG_hqBYwk.md,https://raw.githubusercontent.com/51chiguawang319/202609/main/20260927/gUroG_hqBYwk.md
gUTMg_waOXgE.md,主域名3000份,天气环境,300,https://github.com/51chiguawang319/202609/blob/main/20260927/gUTMg_waOXgE.md,https://raw.githubusercontent.com/51chiguawang319/202609/main/20260927/gUTMg_waOXgE.md
GuZLk_dLMDny.md,主域名3000份,科技数码,300,https://github.com/51chiguawang319/202609/blob/main/20260927/GuZLk_dLMDny.md,https://raw.githubusercontent.com/51chiguawang319/202609/main/20260927/GuZLk_dLMDny.md
GvaaC_JLeONp.md,主域名3000份,天气环境,300,https://github.com/51chiguawang319/202609/blob/main/20260927/GvaaC_JLeONp.md,https://raw.githubusercontent.com/51chiguawang319/202609/main/20260927/GvaaC_JLeONp.md
gviIH_BgqVyY.md,泛二级1000份,财经商业,300,https://github.com/51chiguawang319/202609/blob/main/20260927/gviIH_BgqVyY.md,https://raw.githubusercontent.com/51chiguawang319/202609/main/20260927/gviIH_BgqVyY.md
GvRrn_gaxCQc.md,泛二级1000份,天气环境,300,https://github.com/51chiguawang319/202609/blob/main/20260927/GvRrn_gaxCQc.md,https://raw.githubusercontent.com/51chiguawang319/202609/main/20260927/GvRrn_gaxCQc.md
GVyLB_MSmeeT.md,主域名3000份,天气环境,300,https://github.com/51chiguawang319/202609/blob/main/20260927/GVyLB_MSmeeT.md,https://raw.githubusercontent.com/51chiguawang319/202609/main/20260927/GVyLB_MSmeeT.md
GWagQ_udMGuF.md,泛二级1000份,文化娱乐,300,https://github.com/51chiguawang319/202609/blob/main/20260927/GWagQ_udMGuF.md,https://raw.githubusercontent.com/51chiguawang319/202609/main/20260927/GWagQ_udMGuF.md
GwATL_ExlEJv.md,主域名3000份,财经商业,300,https://github.com/51chiguawang319/202609/blob/main/20260927/GwATL_ExlEJv.md,https://raw.githubusercontent.com/51chiguawang319/202609/main/20260927/GwATL_ExlEJv.md
Gwbpf_LJEaoV.md,主域名3000份,科技数码,300,https://github.com/51chiguawang319/202609/blob/main/20260927/Gwbpf_LJEaoV.md,https://raw.githubusercontent.com/51chiguawang319/202609/main/20260927/Gwbpf_LJEaoV.md
GWpsa_wMyKRH.md,主域名3000份,财经商业,300,https://github.com/51chiguawang319/202609/blob/main/20260927/GWpsa_wMyKRH.md,https://raw.githubusercontent.com/51chiguawang319/202609/main/20260927/GWpsa_wMyKRH.md
GwtnR_JnlECC.md,主域名3000份,天气环境,300,https://github.com/51chiguawang319/202609/blob/main/20260927/GwtnR_JnlECC.md,https://raw.githubusercontent.com/51chiguawang319/202609/main/20260927/GwtnR_JnlECC.md
GwtXJ_ZrsZIk.md,泛二级1000份,财经商业,300,https://github.com/51chiguawang319/202609/blob/main/20260927/GwtXJ_ZrsZIk.md,https://raw.githubusercontent.com/51chiguawang319/202609/main/20260927/GwtXJ_ZrsZIk.md
GwZGV_gxlWLk.md,主域名3000份,科技数码,300,https://github.com/51chiguawang319/202609/blob/main/20260927/GwZGV_gxlWLk.md,https://raw.githubusercontent.com/51chiguawang319/202609/main/20260927/GwZGV_gxlWLk.md
gXame_oqolvW.md,主域名3000份,天气环境,300,https://github.com/51chiguawang319/202609/blob/main/20260927/gXame_oqolvW.md,https://raw.githubusercontent.com/51chiguawang319/202609/main/20260927/gXame_oqolvW.md
GXbRo_FizQpw.md,泛二级1000份,天气环境,300,https://github.com/51chiguawang319/202609/blob/main/20260927/GXbRo_FizQpw.md,https://raw.githubusercontent.com/51chiguawang319/202609/main/20260927/GXbRo_FizQpw.md
GxeCw_UdcfTG.md,泛二级1000份,科技数码,300,https://github.com/51chiguawang319/202609/blob/main/20260927/GxeCw_UdcfTG.md,https://raw.githubusercontent.com/51chiguawang319/202609/main/20260927/GxeCw_UdcfTG.md
GxtTY_beDMwn.md,泛二级1000份,财经商业,300,https://github.com/51chiguawang319/202609/blob/main/20260927/GxtTY_beDMwn.md,https://raw.githubusercontent.com/51chiguawang319/202609/main/20260927/GxtTY_beDMwn.md
GXzFB_JPwjtv.md,主域名3000份,健康医疗,300,https://github.com/51chiguawang319/202609/blob/main/20260927/GXzFB_JPwjtv.md,https://raw.githubusercontent.com/51chiguawang319/202609/main/20260927/GXzFB_JPwjtv.md
GYcrC_hxqkwO.md,主域名3000份,财经商业,300,https://github.com/51chiguawang319/202609/blob/main/20260927/GYcrC_hxqkwO.md,https://raw.githubusercontent.com/51chiguawang319/202609/main/20260927/GYcrC_hxqkwO.md
gyhFw_crGViW.md,主域名3000份,体育赛事,300,https://github.com/51chiguawang319/202609/blob/main/20260927/gyhFw_crGViW.md,https://raw.githubusercontent.com/51chiguawang319/202609/main/20260927/gyhFw_crGViW.md
GYkQP_AGZvWc.md,泛二级1000份,财经商业,300,https://github.com/51chiguawang319/202609/blob/main/20260927/GYkQP_AGZvWc.md,https://raw.githubusercontent.com/51chiguawang319/202609/main/20260927/GYkQP_AGZvWc.md
GYRPo_WItZlv.md,主域名3000份,健康医疗,300,https://github.com/51chiguawang319/202609/blob/main/20260927/GYRPo_WItZlv.md,https://raw.githubusercontent.com/51chiguawang319/202609/main/20260927/GYRPo_WItZlv.md
gySRw_LDJlYT.md,主域名3000份,体育赛事,300,https://github.com/51chiguawang319/202609/blob/main/20260927/gySRw_LDJlYT.md,https://raw.githubusercontent.com/51chiguawang319/202609/main/20260927/gySRw_LDJlYT.md
GyUub_vEmOSF.md,主域名3000份,财经商业,300,https://github.com/51chiguawang319/202609/blob/main/20260927/GyUub_vEmOSF.md,https://raw.githubusercontent.com/51chiguawang319/202609/main/20260927/GyUub_vEmOSF.md
GYxYh_LAuksJ.md,主域名3000份,健康医疗,300,https://github.com/51chiguawang319/202609/blob/main/20260927/GYxYh_LAuksJ.md,https://raw.githubusercontent.com/51chiguawang319/202609/main/20260927/GYxYh_LAuksJ.md
GyzbJ_nBNtpT.md,主域名3000份,财经商业,300,https://github.com/51chiguawang319/202609/blob/main/20260927/GyzbJ_nBNtpT.md,https://raw.githubusercontent.com/51chiguawang319/202609/main/20260927/GyzbJ_nBNtpT.md
gZcPp_VShuKk.md,泛二级1000份,科技数码,300,https://github.com/51chiguawang319/202609/blob/main/20260927/gZcPp_VShuKk.md,https://raw.githubusercontent.com/51chiguawang319/202609/main/20260927/gZcPp_VShuKk.md
GzeEH_uLPChW.md,主域名3000份,体育赛事,300,https://github.com/51chiguawang319/202609/blob/main/20260927/GzeEH_uLPChW.md,https://raw.githubusercontent.com/51chiguawang319/202609/main/20260927/GzeEH_uLPChW.md
gZHHQ_TDOpJL.md,主域名3000份,财经商业,300,https://github.com/51chiguawang319/202609/blob/main/20260927/gZHHQ_TDOpJL.md,https://raw.githubusercontent.com/51chiguawang319/202609/main/20260927/gZHHQ_TDOpJL.md
GZmFe_pMjraX.md,泛二级1000份,科技数码,300,https://github.com/51chiguawang319/202609/blob/main/20260927/GZmFe_pMjraX.md,https://raw.githubusercontent.com/51chiguawang319/202609/main/20260927/GZmFe_pMjraX.md
GZvbM_KJdSVB.md,主域名3000份,天气环境,300,https://github.com/51chiguawang319/202609/blob/main/20260927/GZvbM_KJdSVB.md,https://raw.githubusercontent.com/51chiguawang319/202609/main/20260927/GZvbM_KJdSVB.md
GZViW_hANDFo.md,主域名3000份,天气环境,300,https://github.com/51chiguawang319/202609/blob/main/20260927/GZViW_hANDFo.md,https://raw.githubusercontent.com/51chiguawang319/202609/main/20260927/GZViW_hANDFo.md
hAeGB_rHMRtd.md,主域名3000份,健康医疗,300,https://github.com/51chiguawang319/202609/blob/main/20260927/hAeGB_rHMRtd.md,https://raw.githubusercontent.com/51chiguawang319/202609/main/20260927/hAeGB_rHMRtd.md
hArPm_ukAoDg.md,主域名3000份,体育赛事,300,https://github.com/51chiguawang319/202609/blob/main/20260927/hArPm_ukAoDg.md,https://raw.githubusercontent.com/51chiguawang319/202609/main/20260927/hArPm_ukAoDg.md
HavEj_WzAUld.md,泛二级1000份,文化娱乐,300,https://github.com/51chiguawang319/202609/blob/main/20260927/HavEj_WzAUld.md,https://raw.githubusercontent.com/51chiguawang319/202609/main/20260927/HavEj_WzAUld.md
hAVzN_EnEfPU.md,主域名3000份,财经商业,300,https://github.com/51chiguawang319/202609/blob/main/20260927/hAVzN_EnEfPU.md,https://raw.githubusercontent.com/51chiguawang319/202609/main/20260927/hAVzN_EnEfPU.md
HaWoc_EKfSgr.md,主域名3000份,天气环境,300,https://github.com/51chiguawang319/202609/blob/main/20260927/HaWoc_EKfSgr.md,https://raw.githubusercontent.com/51chiguawang319/202609/main/20260927/HaWoc_EKfSgr.md
hAXRw_hslPKx.md,主域名3000份,天气环境,300,https://github.com/51chiguawang319/202609/blob/main/20260927/hAXRw_hslPKx.md,https://raw.githubusercontent.com/51chiguawang319/202609/main/20260927/hAXRw_hslPKx.md
HbHPN_PseUlC.md,主域名3000份,文化娱乐,300,https://github.com/51chiguawang319/202609/blob/main/20260927/HbHPN_PseUlC.md,https://raw.githubusercontent.com/51chiguawang319/202609/main/20260927/HbHPN_PseUlC.md
hBJSD_jLZOYH.md,主域名3000份,科技数码,300,https://github.com/51chiguawang319/202609/blob/main/20260927/hBJSD_jLZOYH.md,https://raw.githubusercontent.com/51chiguawang319/202609/main/20260927/hBJSD_jLZOYH.md
hBoqU_WMHBYu.md,泛二级1000份,天气环境,300,https://github.com/51chiguawang319/202609/blob/main/20260927/hBoqU_WMHBYu.md,https://raw.githubusercontent.com/51chiguawang319/202609/main/20260927/hBoqU_WMHBYu.md
HbPnB_OTiPXu.md,主域名3000份,财经商业,300,https://github.com/51chiguawang319/202609/blob/main/20260927/HbPnB_OTiPXu.md,https://raw.githubusercontent.com/51chiguawang319/202609/main/20260927/HbPnB_OTiPXu.md
HbUyZ_CfEZVS.md,主域名3000份,文化娱乐,300,https://github.com/51chiguawang319/202609/blob/main/20260927/HbUyZ_CfEZVS.md,https://raw.githubusercontent.com/51chiguawang319/202609/main/20260927/HbUyZ_CfEZVS.md
hBWTK_qCydzW.md,泛二级1000份,健康医疗,300,https://github.com/51chiguawang319/202609/blob/main/20260927/hBWTK_qCydzW.md,https://raw.githubusercontent.com/51chiguawang319/202609/main/20260927/hBWTK_qCydzW.md
HbyLf_CaFoER.md,主域名3000份,体育赛事,300,https://github.com/51chiguawang319/202609/blob/main/20260927/HbyLf_CaFoER.md,https://raw.githubusercontent.com/51chiguawang319/202609/main/20260927/HbyLf_CaFoER.md
HCAiD_WWgYAY.md,主域名3000份,科技数码,300,https://github.com/51chiguawang319/202609/blob/main/20260927/HCAiD_WWgYAY.md,https://raw.githubusercontent.com/51chiguawang319/202609/main/20260927/HCAiD_WWgYAY.md
HchTq_Uwigiy.md,主域名3000份,健康医疗,300,https://github.com/51chiguawang319/202609/blob/main/20260927/HchTq_Uwigiy.md,https://raw.githubusercontent.com/51chiguawang319/202609/main/20260927/HchTq_Uwigiy.md
HCnPu_TPCgOS.md,主域名3000份,科技数码,300,https://github.com/51chiguawang319/202609/blob/main/20260927/HCnPu_TPCgOS.md,https://raw.githubusercontent.com/51chiguawang319/202609/main/20260927/HCnPu_TPCgOS.md
hczVM_ivmIEJ.md,主域名3000份,财经商业,300,https://github.com/51chiguawang319/202609/blob/main/20260927/hczVM_ivmIEJ.md,https://raw.githubusercontent.com/51chiguawang319/202609/main/20260927/hczVM_ivmIEJ.md
hdCxI_EJsLhD.md,主域名3000份,健康医疗,300,https://github.com/51chiguawang319/202609/blob/main/20260927/hdCxI_EJsLhD.md,https://raw.githubusercontent.com/51chiguawang319/202609/main/20260927/hdCxI_EJsLhD.md
hDEHZ_noxLWw.md,泛二级1000份,天气环境,300,https://github.com/51chiguawang319/202609/blob/main/20260927/hDEHZ_noxLWw.md,https://raw.githubusercontent.com/51chiguawang319/202609/main/20260927/hDEHZ_noxLWw.md
Hdfno_nomCgr.md,主域名3000份,体育赛事,300,https://github.com/51chiguawang319/202609/blob/main/20260927/Hdfno_nomCgr.md,https://raw.githubusercontent.com/51chiguawang319/202609/main/20260927/Hdfno_nomCgr.md
HDguM_LgFFzF.md,主域名3000份,财经商业,300,https://github.com/51chiguawang319/202609/blob/main/20260927/HDguM_LgFFzF.md,https://raw.githubusercontent.com/51chiguawang319/202609/main/20260927/HDguM_LgFFzF.md
hDsOJ_CrCKMC.md,主域名3000份,财经商业,300,https://github.com/51chiguawang319/202609/blob/main/20260927/hDsOJ_CrCKMC.md,https://raw.githubusercontent.com/51chiguawang319/202609/main/20260927/hDsOJ_CrCKMC.md
HDuLh_MKzimY.md,主域名3000份,文化娱乐,300,https://github.com/51chiguawang319/202609/blob/main/20260927/HDuLh_MKzimY.md,https://raw.githubusercontent.com/51chiguawang319/202609/main/20260927/HDuLh_MKzimY.md
HdvIP_TUjgNq.md,主域名3000份,体育赛事,300,https://github.com/51chiguawang319/202609/blob/main/20260927/HdvIP_TUjgNq.md,https://raw.githubusercontent.com/51chiguawang319/202609/main/20260927/HdvIP_TUjgNq.md
hEaEJ_MUPerf.md,泛二级1000份,健康医疗,300,https://github.com/51chiguawang319/202609/blob/main/20260927/hEaEJ_MUPerf.md,https://raw.githubusercontent.com/51chiguawang319/202609/main/20260927/hEaEJ_MUPerf.md
HEbFj_oJKeqy.md,主域名3000份,科技数码,300,https://github.com/51chiguawang319/202609/blob/main/20260927/HEbFj_oJKeqy.md,https://raw.githubusercontent.com/51chiguawang319/202609/main/20260927/HEbFj_oJKeqy.md
hEbsu_QFFxmm.md,主域名3000份,体育赛事,300,https://github.com/51chiguawang319/202609/blob/main/20260927/hEbsu_QFFxmm.md,https://raw.githubusercontent.com/51chiguawang319/202609/main/20260927/hEbsu_QFFxmm.md
hECav_EFMSIs.md,主域名3000份,体育赛事,300,https://github.com/51chiguawang319/202609/blob/main/20260927/hECav_EFMSIs.md,https://raw.githubusercontent.com/51chiguawang319/202609/main/20260927/hECav_EFMSIs.md
HeCNF_mpVAOa.md,主域名3000份,天气环境,300,https://github.com/51chiguawang319/202609/blob/main/20260927/HeCNF_mpVAOa.md,https://raw.githubusercontent.com/51chiguawang319/202609/main/20260927/HeCNF_mpVAOa.md
HeiVd_mMOgtk.md,泛二级1000份,健康医疗,300,https://github.com/51chiguawang319/202609/blob/main/20260927/HeiVd_mMOgtk.md,https://raw.githubusercontent.com/51chiguawang319/202609/main/20260927/HeiVd_mMOgtk.md
HeowV_BUJzyL.md,主域名3000份,文化娱乐,300,https://github.com/51chiguawang319/202609/blob/main/20260927/HeowV_BUJzyL.md,https://raw.githubusercontent.com/51chiguawang319/202609/main/20260927/HeowV_BUJzyL.md
HEqNF_nAkaWm.md,主域名3000份,财经商业,300,https://github.com/51chiguawang319/202609/blob/main/20260927/HEqNF_nAkaWm.md,https://raw.githubusercontent.com/51chiguawang319/202609/main/20260927/HEqNF_nAkaWm.md
HerCa_ahECCN.md,主域名3000份,健康医疗,300,https://github.com/51chiguawang319/202609/blob/main/20260927/HerCa_ahECCN.md,https://raw.githubusercontent.com/51chiguawang319/202609/main/20260927/HerCa_ahECCN.md
hEtaP_zgGgAD.md,泛二级1000份,财经商业,300,https://github.com/51chiguawang319/202609/blob/main/20260927/hEtaP_zgGgAD.md,https://raw.githubusercontent.com/51chiguawang319/202609/main/20260927/hEtaP_zgGgAD.md
heUmH_LmmsnP.md,主域名3000份,财经商业,300,https://github.com/51chiguawang319/202609/blob/main/20260927/heUmH_LmmsnP.md,https://raw.githubusercontent.com/51chiguawang319/202609/main/20260927/heUmH_LmmsnP.md
hEweN_zlvGnH.md,主域名3000份,健康医疗,300,https://github.com/51chiguawang319/202609/blob/main/20260927/hEweN_zlvGnH.md,https://raw.githubusercontent.com/51chiguawang319/202609/main/20260927/hEweN_zlvGnH.md
HFFWd_iwyyKw.md,泛二级1000份,体育赛事,300,https://github.com/51chiguawang319/202609/blob/main/20260927/HFFWd_iwyyKw.md,https://raw.githubusercontent.com/51chiguawang319/202609/main/20260927/HFFWd_iwyyKw.md
hfGuN_djYOaA.md,主域名3000份,财经商业,300,https://github.com/51chiguawang319/202609/blob/main/20260927/hfGuN_djYOaA.md,https://raw.githubusercontent.com/51chiguawang319/202609/main/20260927/hfGuN_djYOaA.md
HFidM_rgdHvm.md,主域名3000份,天气环境,300,https://github.com/51chiguawang319/202609/blob/main/20260927/HFidM_rgdHvm.md,https://raw.githubusercontent.com/51chiguawang319/202609/main/20260927/HFidM_rgdHvm.md
HFPsE_rFyEfj.md,主域名3000份,文化娱乐,300,https://github.com/51chiguawang319/202609/blob/main/20260927/HFPsE_rFyEfj.md,https://raw.githubusercontent.com/51chiguawang319/202609/main/20260927/HFPsE_rFyEfj.md
HgAXx_cREKxX.md,主域名3000份,文化娱乐,300,https://github.com/51chiguawang319/202609/blob/main/20260927/HgAXx_cREKxX.md,https://raw.githubusercontent.com/51chiguawang319/202609/main/20260927/HgAXx_cREKxX.md
HgbzZ_aBrvdg.md,泛二级1000份,文化娱乐,300,https://github.com/51chiguawang319/202609/blob/main/20260927/HgbzZ_aBrvdg.md,https://raw.githubusercontent.com/51chiguawang319/202609/main/20260927/HgbzZ_aBrvdg.md
hGgfl_yealJZ.md,泛二级1000份,体育赛事,300,https://github.com/51chiguawang319/202609/blob/main/20260927/hGgfl_yealJZ.md,https://raw.githubusercontent.com/51chiguawang319/202609/main/20260927/hGgfl_yealJZ.md
hgHpn_YeIWpS.md,主域名3000份,财经商业,300,https://github.com/51chiguawang319/202609/blob/main/20260927/hgHpn_YeIWpS.md,https://raw.githubusercontent.com/51chiguawang319/202609/main/20260927/hgHpn_YeIWpS.md
HGlnb_AKmGaN.md,主域名3000份,财经商业,300,https://github.com/51chiguawang319/202609/blob/main/20260927/HGlnb_AKmGaN.md,https://raw.githubusercontent.com/51chiguawang319/202609/main/20260927/HGlnb_AKmGaN.md
hgnZl_QAehlo.md,主域名3000份,体育赛事,300,https://github.com/51chiguawang319/202609/blob/main/20260927/hgnZl_QAehlo.md,https://raw.githubusercontent.com/51chiguawang319/202609/main/20260927/hgnZl_QAehlo.md
HgyyS_XoWTpy.md,主域名3000份,健康医疗,300,https://github.com/51chiguawang319/202609/blob/main/20260927/HgyyS_XoWTpy.md,https://raw.githubusercontent.com/51chiguawang319/202609/main/20260927/HgyyS_XoWTpy.md
HHEqn_HfLZGR.md,主域名3000份,文化娱乐,300,https://github.com/51chiguawang319/202609/blob/main/20260927/HHEqn_HfLZGR.md,https://raw.githubusercontent.com/51chiguawang319/202609/main/20260927/HHEqn_HfLZGR.md
HhjVW_eppXkf.md,主域名3000份,健康医疗,300,https://github.com/51chiguawang319/202609/blob/main/20260927/HhjVW_eppXkf.md,https://raw.githubusercontent.com/51chiguawang319/202609/main/20260927/HhjVW_eppXkf.md
hhmkY_uFImAy.md,主域名3000份,财经商业,300,https://github.com/51chiguawang319/202609/blob/main/20260927/hhmkY_uFImAy.md,https://raw.githubusercontent.com/51chiguawang319/202609/main/20260927/hhmkY_uFImAy.md
hhOEy_HHOKLu.md,主域名3000份,科技数码,300,https://github.com/51chiguawang319/202609/blob/main/20260927/hhOEy_HHOKLu.md,https://raw.githubusercontent.com/51chiguawang319/202609/main/20260927/hhOEy_HHOKLu.md
HHyDU_mbtRyk.md,主域名3000份,体育赛事,300,https://github.com/51chiguawang319/202609/blob/main/20260927/HHyDU_mbtRyk.md,https://raw.githubusercontent.com/51chiguawang319/202609/main/20260927/HHyDU_mbtRyk.md
hiBEM_fgsrUd.md,泛二级1000份,体育赛事,300,https://github.com/51chiguawang319/202609/blob/main/20260927/hiBEM_fgsrUd.md,https://raw.githubusercontent.com/51chiguawang319/202609/main/20260927/hiBEM_fgsrUd.md
HiKPP_COcoxG.md,泛二级1000份,体育赛事,300,https://github.com/51chiguawang319/202609/blob/main/20260927/HiKPP_COcoxG.md,https://raw.githubusercontent.com/51chiguawang319/202609/main/20260927/HiKPP_COcoxG.md
hiOLw_zTYieV.md,主域名3000份,文化娱乐,300,https://github.com/51chiguawang319/202609/blob/main/20260927/hiOLw_zTYieV.md,https://raw.githubusercontent.com/51chiguawang319/202609/main/20260927/hiOLw_zTYieV.md
hiraY_wbXzFy.md,泛二级1000份,天气环境,300,https://github.com/51chiguawang319/202609/blob/main/20260927/hiraY_wbXzFy.md,https://raw.githubusercontent.com/51chiguawang319/202609/main/20260927/hiraY_wbXzFy.md
hIrXA_fsSHWZ.md,主域名3000份,财经商业,300,https://github.com/51chiguawang319/202609/blob/main/20260927/hIrXA_fsSHWZ.md,https://raw.githubusercontent.com/51chiguawang319/202609/main/20260927/hIrXA_fsSHWZ.md
HiSJU_cVnKZz.md,主域名3000份,文化娱乐,300,https://github.com/51chiguawang319/202609/blob/main/20260927/HiSJU_cVnKZz.md,https://raw.githubusercontent.com/51chiguawang319/202609/main/20260927/HiSJU_cVnKZz.md
hiUml_cgvtCc.md,主域名3000份,体育赛事,300,https://github.com/51chiguawang319/202609/blob/main/20260927/hiUml_cgvtCc.md,https://raw.githubusercontent.com/51chiguawang319/202609/main/20260927/hiUml_cgvtCc.md
hIZwi_wCcjwQ.md,主域名3000份,科技数码,300,https://github.com/51chiguawang319/202609/blob/main/20260927/hIZwi_wCcjwQ.md,https://raw.githubusercontent.com/51chiguawang319/202609/main/20260927/hIZwi_wCcjwQ.md
HJBcM_sUVxFh.md,泛二级1000份,天气环境,300,https://github.com/51chiguawang319/202609/blob/main/20260927/HJBcM_sUVxFh.md,https://raw.githubusercontent.com/51chiguawang319/202609/main/20260927/HJBcM_sUVxFh.md
hJOfR_cqBJTu.md,主域名3000份,天气环境,300,https://github.com/51chiguawang319/202609/blob/main/20260927/hJOfR_cqBJTu.md,https://raw.githubusercontent.com/51chiguawang319/202609/main/20260927/hJOfR_cqBJTu.md
hjtcV_frPwXm.md,主域名3000份,文化娱乐,300,https://github.com/51chiguawang319/202609/blob/main/20260927/hjtcV_frPwXm.md,https://raw.githubusercontent.com/51chiguawang319/202609/main/20260927/hjtcV_frPwXm.md
HJyBp_cbsNai.md,泛二级1000份,健康医疗,300,https://github.com/51chiguawang319/202609/blob/main/20260927/HJyBp_cbsNai.md,https://raw.githubusercontent.com/51chiguawang319/202609/main/20260927/HJyBp_cbsNai.md
hKBen_eDHJLr.md,主域名3000份,文化娱乐,300,https://github.com/51chiguawang319/202609/blob/main/20260927/hKBen_eDHJLr.md,https://raw.githubusercontent.com/51chiguawang319/202609/main/20260927/hKBen_eDHJLr.md
hkDkt_yPGWLd.md,主域名3000份,健康医疗,300,https://github.com/51chiguawang319/202609/blob/main/20260927/hkDkt_yPGWLd.md,https://raw.githubusercontent.com/51chiguawang319/202609/main/20260927/hkDkt_yPGWLd.md
HKdSH_DIJcrI.md,主域名3000份,财经商业,300,https://github.com/51chiguawang319/202609/blob/main/20260927/HKdSH_DIJcrI.md,https://raw.githubusercontent.com/51chiguawang319/202609/main/20260927/HKdSH_DIJcrI.md
hKKcd_QyJNOD.md,泛二级1000份,财经商业,300,https://github.com/51chiguawang319/202609/blob/main/20260927/hKKcd_QyJNOD.md,https://raw.githubusercontent.com/51chiguawang319/202609/main/20260927/hKKcd_QyJNOD.md
hkKsa_sjlSlf.md,主域名3000份,健康医疗,300,https://github.com/51chiguawang319/202609/blob/main/20260927/hkKsa_sjlSlf.md,https://raw.githubusercontent.com/51chiguawang319/202609/main/20260927/hkKsa_sjlSlf.md
hKmgG_Ketuam.md,主域名3000份,财经商业,300,https://github.com/51chiguawang319/202609/blob/main/20260927/hKmgG_Ketuam.md,https://raw.githubusercontent.com/51chiguawang319/202609/main/20260927/hKmgG_Ketuam.md
HKOzE_YXxwyk.md,主域名3000份,科技数码,300,https://github.com/51chiguawang319/202609/blob/main/20260927/HKOzE_YXxwyk.md,https://raw.githubusercontent.com/51chiguawang319/202609/main/20260927/HKOzE_YXxwyk.md
hkPMF_uxlIUq.md,泛二级1000份,财经商业,300,https://github.com/51chiguawang319/202609/blob/main/20260927/hkPMF_uxlIUq.md,https://raw.githubusercontent.com/51chiguawang319/202609/main/20260927/hkPMF_uxlIUq.md
hKQgm_sPuvxq.md,泛二级1000份,文化娱乐,300,https://github.com/51chiguawang319/202609/blob/main/20260927/hKQgm_sPuvxq.md,https://raw.githubusercontent.com/51chiguawang319/202609/main/20260927/hKQgm_sPuvxq.md
hKwea_febPrE.md,泛二级1000份,文化娱乐,300,https://github.com/51chiguawang319/202609/blob/main/20260927/hKwea_febPrE.md,https://raw.githubusercontent.com/51chiguawang319/202609/main/20260927/hKwea_febPrE.md
hkxSl_DUmwUE.md,主域名3000份,体育赛事,300,https://github.com/51chiguawang319/202609/blob/main/20260927/hkxSl_DUmwUE.md,https://raw.githubusercontent.com/51chiguawang319/202609/main/20260927/hkxSl_DUmwUE.md
hLEeE_RJHmqy.md,主域名3000份,健康医疗,300,https://github.com/51chiguawang319/202609/blob/main/20260927/hLEeE_RJHmqy.md,https://raw.githubusercontent.com/51chiguawang319/202609/main/20260927/hLEeE_RJHmqy.md
hlewG_ZmmeQj.md,主域名3000份,体育赛事,300,https://github.com/51chiguawang319/202609/blob/main/20260927/hlewG_ZmmeQj.md,https://raw.githubusercontent.com/51chiguawang319/202609/main/20260927/hlewG_ZmmeQj.md
HlFLY_JABIyP.md,主域名3000份,科技数码,300,https://github.com/51chiguawang319/202609/blob/main/20260927/HlFLY_JABIyP.md,https://raw.githubusercontent.com/51chiguawang319/202609/main/20260927/HlFLY_JABIyP.md
HLFwy_dRsaEe.md,主域名3000份,科技数码,300,https://github.com/51chiguawang319/202609/blob/main/20260927/HLFwy_dRsaEe.md,https://raw.githubusercontent.com/51chiguawang319/202609/main/20260927/HLFwy_dRsaEe.md
hlpXT_XmvGjX.md,泛二级1000份,健康医疗,300,https://github.com/51chiguawang319/202609/blob/main/20260927/hlpXT_XmvGjX.md,https://raw.githubusercontent.com/51chiguawang319/202609/main/20260927/hlpXT_XmvGjX.md
hlTyA_VuQQQn.md,主域名3000份,健康医疗,300,https://github.com/51chiguawang319/202609/blob/main/20260927/hlTyA_VuQQQn.md,https://raw.githubusercontent.com/51chiguawang319/202609/main/20260927/hlTyA_VuQQQn.md
hlxSf_ZBOfzV.md,主域名3000份,健康医疗,300,https://github.com/51chiguawang319/202609/blob/main/20260927/hlxSf_ZBOfzV.md,https://raw.githubusercontent.com/51chiguawang319/202609/main/20260927/hlxSf_ZBOfzV.md
HmFoj_UjCpYE.md,泛二级1000份,健康医疗,300,https://github.com/51chiguawang319/202609/blob/main/20260927/HmFoj_UjCpYE.md,https://raw.githubusercontent.com/51chiguawang319/202609/main/20260927/HmFoj_UjCpYE.md
HmfZo_sLwNzP.md,主域名3000份,天气环境,300,https://github.com/51chiguawang319/202609/blob/main/20260927/HmfZo_sLwNzP.md,https://raw.githubusercontent.com/51chiguawang319/202609/main/20260927/HmfZo_sLwNzP.md
hmlBu_ydFBpl.md,主域名3000份,科技数码,300,https://github.com/51chiguawang319/202609/blob/main/20260927/hmlBu_ydFBpl.md,https://raw.githubusercontent.com/51chiguawang319/202609/main/20260927/hmlBu_ydFBpl.md
hMmHC_mxWkoA.md,主域名3000份,文化娱乐,300,https://github.com/51chiguawang319/202609/blob/main/20260927/hMmHC_mxWkoA.md,https://raw.githubusercontent.com/51chiguawang319/202609/main/20260927/hMmHC_mxWkoA.md
HMpFv_BsyOwc.md,主域名3000份,天气环境,300,https://github.com/51chiguawang319/202609/blob/main/20260927/HMpFv_BsyOwc.md,https://raw.githubusercontent.com/51chiguawang319/202609/main/20260927/HMpFv_BsyOwc.md
HmpXu_BtXtXw.md,主域名3000份,科技数码,300,https://github.com/51chiguawang319/202609/blob/main/20260927/HmpXu_BtXtXw.md,https://raw.githubusercontent.com/51chiguawang319/202609/main/20260927/HmpXu_BtXtXw.md
HMqCw_dXBIxn.md,泛二级1000份,天气环境,300,https://github.com/51chiguawang319/202609/blob/main/20260927/HMqCw_dXBIxn.md,https://raw.githubusercontent.com/51chiguawang319/202609/main/20260927/HMqCw_dXBIxn.md
HmSYN_bqMICK.md,主域名3000份,健康医疗,300,https://github.com/51chiguawang319/202609/blob/main/20260927/HmSYN_bqMICK.md,https://raw.githubusercontent.com/51chiguawang319/202609/main/20260927/HmSYN_bqMICK.md
HmTES_pfUxRz.md,主域名3000份,体育赛事,300,https://github.com/51chiguawang319/202609/blob/main/20260927/HmTES_pfUxRz.md,https://raw.githubusercontent.com/51chiguawang319/202609/main/20260927/HmTES_pfUxRz.md
HMwmT_wRdUzZ.md,主域名3000份,科技数码,300,https://github.com/51chiguawang319/202609/blob/main/20260927/HMwmT_wRdUzZ.md,https://raw.githubusercontent.com/51chiguawang319/202609/main/20260927/HMwmT_wRdUzZ.md
HmZBh_iqThma.md,泛二级1000份,科技数码,300,https://github.com/51chiguawang319/202609/blob/main/20260927/HmZBh_iqThma.md,https://raw.githubusercontent.com/51chiguawang319/202609/main/20260927/HmZBh_iqThma.md
Hnabw_NiVivq.md,主域名3000份,科技数码,300,https://github.com/51chiguawang319/202609/blob/main/20260927/Hnabw_NiVivq.md,https://raw.githubusercontent.com/51chiguawang319/202609/main/20260927/Hnabw_NiVivq.md
hNIHC_EJaqOH.md,主域名3000份,科技数码,300,https://github.com/51chiguawang319/202609/blob/main/20260927/hNIHC_EJaqOH.md,https://raw.githubusercontent.com/51chiguawang319/202609/main/20260927/hNIHC_EJaqOH.md
hnmNX_LbyFou.md,主域名3000份,科技数码,300,https://github.com/51chiguawang319/202609/blob/main/20260927/hnmNX_LbyFou.md,https://raw.githubusercontent.com/51chiguawang319/202609/main/20260927/hnmNX_LbyFou.md
HnNRn_ibHPPK.md,泛二级1000份,天气环境,300,https://github.com/51chiguawang319/202609/blob/main/20260927/HnNRn_ibHPPK.md,https://raw.githubusercontent.com/51chiguawang319/202609/main/20260927/HnNRn_ibHPPK.md
hNsYu_iHsDLq.md,主域名3000份,文化娱乐,300,https://github.com/51chiguawang319/202609/blob/main/20260927/hNsYu_iHsDLq.md,https://raw.githubusercontent.com/51chiguawang319/202609/main/20260927/hNsYu_iHsDLq.md
HnxaK_duXYNI.md,主域名3000份,健康医疗,300,https://github.com/51chiguawang319/202609/blob/main/20260927/HnxaK_duXYNI.md,https://raw.githubusercontent.com/51chiguawang319/202609/main/20260927/HnxaK_duXYNI.md
hNYTk_eEqYMp.md,主域名3000份,财经商业,300,https://github.com/51chiguawang319/202609/blob/main/20260927/hNYTk_eEqYMp.md,https://raw.githubusercontent.com/51chiguawang319/202609/main/20260927/hNYTk_eEqYMp.md
hNzCC_xAVthB.md,泛二级1000份,天气环境,300,https://github.com/51chiguawang319/202609/blob/main/20260927/hNzCC_xAVthB.md,https://raw.githubusercontent.com/51chiguawang319/202609/main/20260927/hNzCC_xAVthB.md
hoIAa_dzyrjI.md,主域名3000份,天气环境,300,https://github.com/51chiguawang319/202609/blob/main/20260927/hoIAa_dzyrjI.md,https://raw.githubusercontent.com/51chiguawang319/202609/main/20260927/hoIAa_dzyrjI.md
HOkoG_xUDXjI.md,泛二级1000份,健康医疗,300,https://github.com/51chiguawang319/202609/blob/main/20260927/HOkoG_xUDXjI.md,https://raw.githubusercontent.com/51chiguawang319/202609/main/20260927/HOkoG_xUDXjI.md
HoLAu_KJYsgc.md,主域名3000份,健康医疗,300,https://github.com/51chiguawang319/202609/blob/main/20260927/HoLAu_KJYsgc.md,https://raw.githubusercontent.com/51chiguawang319/202609/main/20260927/HoLAu_KJYsgc.md
hoOQX_DtYtwN.md,主域名3000份,体育赛事,300,https://github.com/51chiguawang319/202609/blob/main/20260927/hoOQX_DtYtwN.md,https://raw.githubusercontent.com/51chiguawang319/202609/main/20260927/hoOQX_DtYtwN.md
hoSCM_Nlbjtk.md,主域名3000份,健康医疗,300,https://github.com/51chiguawang319/202609/blob/main/20260927/hoSCM_Nlbjtk.md,https://raw.githubusercontent.com/51chiguawang319/202609/main/20260927/hoSCM_Nlbjtk.md
hpApc_gsFwBZ.md,主域名3000份,文化娱乐,300,https://github.com/51chiguawang319/202609/blob/main/20260927/hpApc_gsFwBZ.md,https://raw.githubusercontent.com/51chiguawang319/202609/main/20260927/hpApc_gsFwBZ.md
Hpinn_EYzGnW.md,主域名3000份,文化娱乐,300,https://github.com/51chiguawang319/202609/blob/main/20260927/Hpinn_EYzGnW.md,https://raw.githubusercontent.com/51chiguawang319/202609/main/20260927/Hpinn_EYzGnW.md
HpiUa_zbaxeP.md,主域名3000份,体育赛事,300,https://github.com/51chiguawang319/202609/blob/main/20260927/HpiUa_zbaxeP.md,https://raw.githubusercontent.com/51chiguawang319/202609/main/20260927/HpiUa_zbaxeP.md
Hppvq_Nscrud.md,主域名3000份,体育赛事,300,https://github.com/51chiguawang319/202609/blob/main/20260927/Hppvq_Nscrud.md,https://raw.githubusercontent.com/51chiguawang319/202609/main/20260927/Hppvq_Nscrud.md
HPTLy_FTcQhX.md,主域名3000份,文化娱乐,300,https://github.com/51chiguawang319/202609/blob/main/20260927/HPTLy_FTcQhX.md,https://raw.githubusercontent.com/51chiguawang319/202609/main/20260927/HPTLy_FTcQhX.md
HQEJx_IvxOOm.md,主域名3000份,天气环境,300,https://github.com/51chiguawang319/202609/blob/main/20260927/HQEJx_IvxOOm.md,https://raw.githubusercontent.com/51chiguawang319/202609/main/20260927/HQEJx_IvxOOm.md
HQhJd_qLqaTz.md,主域名3000份,科技数码,300,https://github.com/51chiguawang319/202609/blob/main/20260927/HQhJd_qLqaTz.md,https://raw.githubusercontent.com/51chiguawang319/202609/main/20260927/HQhJd_qLqaTz.md
HQpxe_XUzNEA.md,泛二级1000份,科技数码,300,https://github.com/51chiguawang319/202609/blob/main/20260927/HQpxe_XUzNEA.md,https://raw.githubusercontent.com/51chiguawang319/202609/main/20260927/HQpxe_XUzNEA.md
HrbaF_UsMdub.md,主域名3000份,科技数码,300,https://github.com/51chiguawang319/202609/blob/main/20260927/HrbaF_UsMdub.md,https://raw.githubusercontent.com/51chiguawang319/202609/main/20260927/HrbaF_UsMdub.md
HRdgy_vxFnrU.md,泛二级1000份,天气环境,300,https://github.com/51chiguawang319/202609/blob/main/20260927/HRdgy_vxFnrU.md,https://raw.githubusercontent.com/51chiguawang319/202609/main/20260927/HRdgy_vxFnrU.md
hRiXk_fUYVWe.md,主域名3000份,财经商业,300,https://github.com/51chiguawang319/202609/blob/main/20260927/hRiXk_fUYVWe.md,https://raw.githubusercontent.com/51chiguawang319/202609/main/20260927/hRiXk_fUYVWe.md
HrmJm_UdlJWb.md,主域名3000份,体育赛事,300,https://github.com/51chiguawang319/202609/blob/main/20260927/HrmJm_UdlJWb.md,https://raw.githubusercontent.com/51chiguawang319/202609/main/20260927/HrmJm_UdlJWb.md
Hrquu_aldwFi.md,泛二级1000份,天气环境,300,https://github.com/51chiguawang319/202609/blob/main/20260927/Hrquu_aldwFi.md,https://raw.githubusercontent.com/51chiguawang319/202609/main/20260927/Hrquu_aldwFi.md
HrUgr_cenIHa.md,主域名3000份,财经商业,300,https://github.com/51chiguawang319/202609/blob/main/20260927/HrUgr_cenIHa.md,https://raw.githubusercontent.com/51chiguawang319/202609/main/20260927/HrUgr_cenIHa.md
HrXYK_wwyLdl.md,主域名3000份,体育赛事,300,https://github.com/51chiguawang319/202609/blob/main/20260927/HrXYK_wwyLdl.md,https://raw.githubusercontent.com/51chiguawang319/202609/main/20260927/HrXYK_wwyLdl.md
hrYdP_JFWpnG.md,泛二级1000份,健康医疗,300,https://github.com/51chiguawang319/202609/blob/main/20260927/hrYdP_JFWpnG.md,https://raw.githubusercontent.com/51chiguawang319/202609/main/20260927/hrYdP_JFWpnG.md
HShNx_LlWMie.md,主域名3000份,文化娱乐,300,https://github.com/51chiguawang319/202609/blob/main/20260927/HShNx_LlWMie.md,https://raw.githubusercontent.com/51chiguawang319/202609/main/20260927/HShNx_LlWMie.md
HsQKk_bRGHMX.md,主域名3000份,体育赛事,300,https://github.com/51chiguawang319/202609/blob/main/20260927/HsQKk_bRGHMX.md,https://raw.githubusercontent.com/51chiguawang319/202609/main/20260927/HsQKk_bRGHMX.md
hSSTL_PJLTBr.md,主域名3000份,科技数码,300,https://github.com/51chiguawang319/202609/blob/main/20260927/hSSTL_PJLTBr.md,https://raw.githubusercontent.com/51chiguawang319/202609/main/20260927/hSSTL_PJLTBr.md
hsSYC_YjvvaP.md,主域名3000份,健康医疗,300,https://github.com/51chiguawang319/202609/blob/main/20260927/hsSYC_YjvvaP.md,https://raw.githubusercontent.com/51chiguawang319/202609/main/20260927/hsSYC_YjvvaP.md
Hstkn_kqqygB.md,主域名3000份,科技数码,300,https://github.com/51chiguawang319/202609/blob/main/20260927/Hstkn_kqqygB.md,https://raw.githubusercontent.com/51chiguawang319/202609/main/20260927/Hstkn_kqqygB.md
htgmE_CmBhiL.md,主域名3000份,文化娱乐,300,https://github.com/51chiguawang319/202609/blob/main/20260927/htgmE_CmBhiL.md,https://raw.githubusercontent.com/51chiguawang319/202609/main/20260927/htgmE_CmBhiL.md
HTuGb_vCTNrG.md,泛二级1000份,天气环境,300,https://github.com/51chiguawang319/202609/blob/main/20260927/HTuGb_vCTNrG.md,https://raw.githubusercontent.com/51chiguawang319/202609/main/20260927/HTuGb_vCTNrG.md
hUCiy_wpAsoh.md,泛二级1000份,文化娱乐,300,https://github.com/51chiguawang319/202609/blob/main/20260927/hUCiy_wpAsoh.md,https://raw.githubusercontent.com/51chiguawang319/202609/main/20260927/hUCiy_wpAsoh.md
hUeck_eSymon.md,主域名3000份,财经商业,300,https://github.com/51chiguawang319/202609/blob/main/20260927/hUeck_eSymon.md,https://raw.githubusercontent.com/51chiguawang319/202609/main/20260927/hUeck_eSymon.md
hUkKe_xTuDmG.md,主域名3000份,健康医疗,300,https://github.com/51chiguawang319/202609/blob/main/20260927/hUkKe_xTuDmG.md,https://raw.githubusercontent.com/51chiguawang319/202609/main/20260927/hUkKe_xTuDmG.md
HuLzM_VGeMjM.md,泛二级1000份,健康医疗,300,https://github.com/51chiguawang319/202609/blob/main/20260927/HuLzM_VGeMjM.md,https://raw.githubusercontent.com/51chiguawang319/202609/main/20260927/HuLzM_VGeMjM.md
hUqIB_QIsIJJ.md,主域名3000份,健康医疗,300,https://github.com/51chiguawang319/202609/blob/main/20260927/hUqIB_QIsIJJ.md,https://raw.githubusercontent.com/51chiguawang319/202609/main/20260927/hUqIB_QIsIJJ.md
HURgM_kpOQNq.md,主域名3000份,天气环境,300,https://github.com/51chiguawang319/202609/blob/main/20260927/HURgM_kpOQNq.md,https://raw.githubusercontent.com/51chiguawang319/202609/main/20260927/HURgM_kpOQNq.md
hUvGp_WvhCEo.md,主域名3000份,科技数码,300,https://github.com/51chiguawang319/202609/blob/main/20260927/hUvGp_WvhCEo.md,https://raw.githubusercontent.com/51chiguawang319/202609/main/20260927/hUvGp_WvhCEo.md
HUwCs_XWoKmU.md,主域名3000份,文化娱乐,300,https://github.com/51chiguawang319/202609/blob/main/20260927/HUwCs_XWoKmU.md,https://raw.githubusercontent.com/51chiguawang319/202609/main/20260927/HUwCs_XWoKmU.md
HVDaX_OfcANt.md,主域名3000份,科技数码,300,https://github.com/51chiguawang319/202609/blob/main/20260927/HVDaX_OfcANt.md,https://raw.githubusercontent.com/51chiguawang319/202609/main/20260927/HVDaX_OfcANt.md
HVdpE_WWqjDr.md,泛二级1000份,文化娱乐,300,https://github.com/51chiguawang319/202609/blob/main/20260927/HVdpE_WWqjDr.md,https://raw.githubusercontent.com/51chiguawang319/202609/main/20260927/HVdpE_WWqjDr.md
hvHTh_mNIFPP.md,主域名3000份,科技数码,300,https://github.com/51chiguawang319/202609/blob/main/20260927/hvHTh_mNIFPP.md,https://raw.githubusercontent.com/51chiguawang319/202609/main/20260927/hvHTh_mNIFPP.md
hVMfG_oDBGkK.md,主域名3000份,文化娱乐,300,https://github.com/51chiguawang319/202609/blob/main/20260927/hVMfG_oDBGkK.md,https://raw.githubusercontent.com/51chiguawang319/202609/main/20260927/hVMfG_oDBGkK.md
hWDub_zmCKgm.md,主域名3000份,文化娱乐,300,https://github.com/51chiguawang319/202609/blob/main/20260927/hWDub_zmCKgm.md,https://raw.githubusercontent.com/51chiguawang319/202609/main/20260927/hWDub_zmCKgm.md
HWeJD_cOAmng.md,主域名3000份,健康医疗,300,https://github.com/51chiguawang319/202609/blob/main/20260927/HWeJD_cOAmng.md,https://raw.githubusercontent.com/51chiguawang319/202609/main/20260927/HWeJD_cOAmng.md
hWfYJ_XrLAYB.md,主域名3000份,天气环境,300,https://github.com/51chiguawang319/202609/blob/main/20260927/hWfYJ_XrLAYB.md,https://raw.githubusercontent.com/51chiguawang319/202609/main/20260927/hWfYJ_XrLAYB.md
HWJyW_uyoTYk.md,泛二级1000份,文化娱乐,300,https://github.com/51chiguawang319/202609/blob/main/20260927/HWJyW_uyoTYk.md,https://raw.githubusercontent.com/51chiguawang319/202609/main/20260927/HWJyW_uyoTYk.md
hwSlv_ECzKxN.md,泛二级1000份,科技数码,300,https://github.com/51chiguawang319/202609/blob/main/20260927/hwSlv_ECzKxN.md,https://raw.githubusercontent.com/51chiguawang319/202609/main/20260927/hwSlv_ECzKxN.md
hwsOT_vaYciv.md,泛二级1000份,天气环境,300,https://github.com/51chiguawang319/202609/blob/main/20260927/hwsOT_vaYciv.md,https://raw.githubusercontent.com/51chiguawang319/202609/main/20260927/hwsOT_vaYciv.md
hwuEO_UGPRsK.md,主域名3000份,健康医疗,300,https://github.com/51chiguawang319/202609/blob/main/20260927/hwuEO_UGPRsK.md,https://raw.githubusercontent.com/51chiguawang319/202609/main/20260927/hwuEO_UGPRsK.md
hXaSF_ShmtvC.md,主域名3000份,体育赛事,300,https://github.com/51chiguawang319/202609/blob/main/20260927/hXaSF_ShmtvC.md,https://raw.githubusercontent.com/51chiguawang319/202609/main/20260927/hXaSF_ShmtvC.md
hxEpN_tQiUBU.md,主域名3000份,文化娱乐,300,https://github.com/51chiguawang319/202609/blob/main/20260927/hxEpN_tQiUBU.md,https://raw.githubusercontent.com/51chiguawang319/202609/main/20260927/hxEpN_tQiUBU.md
hxIzV_ysjywI.md,主域名3000份,健康医疗,300,https://github.com/51chiguawang319/202609/blob/main/20260927/hxIzV_ysjywI.md,https://raw.githubusercontent.com/51chiguawang319/202609/main/20260927/hxIzV_ysjywI.md
HxJaX_tjhUYo.md,泛二级1000份,健康医疗,300,https://github.com/51chiguawang319/202609/blob/main/20260927/HxJaX_tjhUYo.md,https://raw.githubusercontent.com/51chiguawang319/202609/main/20260927/HxJaX_tjhUYo.md
hXJgl_uCIpPd.md,主域名3000份,财经商业,300,https://github.com/51chiguawang319/202609/blob/main/20260927/hXJgl_uCIpPd.md,https://raw.githubusercontent.com/51chiguawang319/202609/main/20260927/hXJgl_uCIpPd.md
HxUJe_SLpJRb.md,主域名3000份,体育赛事,300,https://github.com/51chiguawang319/202609/blob/main/20260927/HxUJe_SLpJRb.md,https://raw.githubusercontent.com/51chiguawang319/202609/main/20260927/HxUJe_SLpJRb.md
hycNR_lrvUbi.md,主域名3000份,体育赛事,300,https://github.com/51chiguawang319/202609/blob/main/20260927/hycNR_lrvUbi.md,https://raw.githubusercontent.com/51chiguawang319/202609/main/20260927/hycNR_lrvUbi.md
hyEJx_qlcgGd.md,主域名3000份,财经商业,300,https://github.com/51chiguawang319/202609/blob/main/20260927/hyEJx_qlcgGd.md,https://raw.githubusercontent.com/51chiguawang319/202609/main/20260927/hyEJx_qlcgGd.md
HYfGc_vAhmMA.md,主域名3000份,文化娱乐,300,https://github.com/51chiguawang319/202609/blob/main/20260927/HYfGc_vAhmMA.md,https://raw.githubusercontent.com/51chiguawang319/202609/main/20260927/HYfGc_vAhmMA.md
hYhKo_iMVFPV.md,主域名3000份,科技数码,300,https://github.com/51chiguawang319/202609/blob/main/20260927/hYhKo_iMVFPV.md,https://raw.githubusercontent.com/51chiguawang319/202609/main/20260927/hYhKo_iMVFPV.md
HYnMa_JdRIQI.md,泛二级1000份,体育赛事,300,https://github.com/51chiguawang319/202609/blob/main/20260927/HYnMa_JdRIQI.md,https://raw.githubusercontent.com/51chiguawang319/202609/main/20260927/HYnMa_JdRIQI.md
HyPEh_tpYsnZ.md,主域名3000份,健康医疗,300,https://github.com/51chiguawang319/202609/blob/main/20260927/HyPEh_tpYsnZ.md,https://raw.githubusercontent.com/51chiguawang319/202609/main/20260927/HyPEh_tpYsnZ.md
HYUxq_DpduZl.md,主域名3000份,天气环境,300,https://github.com/51chiguawang319/202609/blob/main/20260927/HYUxq_DpduZl.md,https://raw.githubusercontent.com/51chiguawang319/202609/main/20260927/HYUxq_DpduZl.md
HZDrv_IGHKsR.md,主域名3000份,财经商业,300,https://github.com/51chiguawang319/202609/blob/main/20260927/HZDrv_IGHKsR.md,https://raw.githubusercontent.com/51chiguawang319/202609/main/20260927/HZDrv_IGHKsR.md
hZWtt_DAOgwO.md,主域名3000份,科技数码,300,https://github.com/51chiguawang319/202609/blob/main/20260927/hZWtt_DAOgwO.md,https://raw.githubusercontent.com/51chiguawang319/202609/main/20260927/hZWtt_DAOgwO.md
HZZeO_WTUKiO.md,主域名3000份,体育赛事,300,https://github.com/51chiguawang319/202609/blob/main/20260927/HZZeO_WTUKiO.md,https://raw.githubusercontent.com/51chiguawang319/202609/main/20260927/HZZeO_WTUKiO.md
iAcBb_zQmyCs.md,主域名3000份,天气环境,300,https://github.com/51chiguawang319/202609/blob/main/20260927/iAcBb_zQmyCs.md,https://raw.githubusercontent.com/51chiguawang319/202609/main/20260927/iAcBb_zQmyCs.md
IaCRS_NBubkc.md,泛二级1000份,健康医疗,300,https://github.com/51chiguawang319/202609/blob/main/20260927/IaCRS_NBubkc.md,https://raw.githubusercontent.com/51chiguawang319/202609/main/20260927/IaCRS_NBubkc.md
IajmC_MYkSos.md,泛二级1000份,天气环境,300,https://github.com/51chiguawang319/202609/blob/main/20260927/IajmC_MYkSos.md,https://raw.githubusercontent.com/51chiguawang319/202609/main/20260927/IajmC_MYkSos.md
iaPIg_qruYyG.md,主域名3000份,健康医疗,300,https://github.com/51chiguawang319/202609/blob/main/20260927/iaPIg_qruYyG.md,https://raw.githubusercontent.com/51chiguawang319/202609/main/20260927/iaPIg_qruYyG.md
IATmZ_vuvDpQ.md,主域名3000份,财经商业,300,https://github.com/51chiguawang319/202609/blob/main/20260927/IATmZ_vuvDpQ.md,https://raw.githubusercontent.com/51chiguawang319/202609/main/20260927/IATmZ_vuvDpQ.md
ibcnE_rGEiiZ.md,主域名3000份,体育赛事,300,https://github.com/51chiguawang319/202609/blob/main/20260927/ibcnE_rGEiiZ.md,https://raw.githubusercontent.com/51chiguawang319/202609/main/20260927/ibcnE_rGEiiZ.md
iBJIm_RPXBSn.md,主域名3000份,文化娱乐,300,https://github.com/51chiguawang319/202609/blob/main/20260927/iBJIm_RPXBSn.md,https://raw.githubusercontent.com/51chiguawang319/202609/main/20260927/iBJIm_RPXBSn.md
ibjPv_yzhnXi.md,泛二级1000份,健康医疗,300,https://github.com/51chiguawang319/202609/blob/main/20260927/ibjPv_yzhnXi.md,https://raw.githubusercontent.com/51chiguawang319/202609/main/20260927/ibjPv_yzhnXi.md
ibnFo_qswUsz.md,主域名3000份,健康医疗,300,https://github.com/51chiguawang319/202609/blob/main/20260927/ibnFo_qswUsz.md,https://raw.githubusercontent.com/51chiguawang319/202609/main/20260927/ibnFo_qswUsz.md
ibTCd_xVZuMF.md,主域名3000份,科技数码,300,https://github.com/51chiguawang319/202609/blob/main/20260927/ibTCd_xVZuMF.md,https://raw.githubusercontent.com/51chiguawang319/202609/main/20260927/ibTCd_xVZuMF.md
IbWvE_XtOYLU.md,主域名3000份,财经商业,300,https://github.com/51chiguawang319/202609/blob/main/20260927/IbWvE_XtOYLU.md,https://raw.githubusercontent.com/51chiguawang319/202609/main/20260927/IbWvE_XtOYLU.md
icEVM_bTpbwT.md,主域名3000份,健康医疗,300,https://github.com/51chiguawang319/202609/blob/main/20260927/icEVM_bTpbwT.md,https://raw.githubusercontent.com/51chiguawang319/202609/main/20260927/icEVM_bTpbwT.md
icLSC_JzACBp.md,主域名3000份,健康医疗,300,https://github.com/51chiguawang319/202609/blob/main/20260927/icLSC_JzACBp.md,https://raw.githubusercontent.com/51chiguawang319/202609/main/20260927/icLSC_JzACBp.md
ICRyp_wPDrrp.md,主域名3000份,文化娱乐,300,https://github.com/51chiguawang319/202609/blob/main/20260927/ICRyp_wPDrrp.md,https://raw.githubusercontent.com/51chiguawang319/202609/main/20260927/ICRyp_wPDrrp.md
ICVsK_gqcwDm.md,泛二级1000份,财经商业,300,https://github.com/51chiguawang319/202609/blob/main/20260927/ICVsK_gqcwDm.md,https://raw.githubusercontent.com/51chiguawang319/202609/main/20260927/ICVsK_gqcwDm.md
iCyiP_EOeRqV.md,主域名3000份,健康医疗,300,https://github.com/51chiguawang319/202609/blob/main/20260927/iCyiP_EOeRqV.md,https://raw.githubusercontent.com/51chiguawang319/202609/main/20260927/iCyiP_EOeRqV.md
icYzJ_yjeHtH.md,主域名3000份,体育赛事,300,https://github.com/51chiguawang319/202609/blob/main/20260927/icYzJ_yjeHtH.md,https://raw.githubusercontent.com/51chiguawang319/202609/main/20260927/icYzJ_yjeHtH.md
iDNGG_tuCmGY.md,泛二级1000份,体育赛事,300,https://github.com/51chiguawang319/202609/blob/main/20260927/iDNGG_tuCmGY.md,https://raw.githubusercontent.com/51chiguawang319/202609/main/20260927/iDNGG_tuCmGY.md
iDpWH_YZfuOF.md,主域名3000份,健康医疗,300,https://github.com/51chiguawang319/202609/blob/main/20260927/iDpWH_YZfuOF.md,https://raw.githubusercontent.com/51chiguawang319/202609/main/20260927/iDpWH_YZfuOF.md
IDRvK_dxwwrU.md,主域名3000份,科技数码,300,https://github.com/51chiguawang319/202609/blob/main/20260927/IDRvK_dxwwrU.md,https://raw.githubusercontent.com/51chiguawang319/202609/main/20260927/IDRvK_dxwwrU.md
idSvZ_Tltbvi.md,泛二级1000份,体育赛事,300,https://github.com/51chiguawang319/202609/blob/main/20260927/idSvZ_Tltbvi.md,https://raw.githubusercontent.com/51chiguawang319/202609/main/20260927/idSvZ_Tltbvi.md
IECfD_dggIqi.md,主域名3000份,财经商业,300,https://github.com/51chiguawang319/202609/blob/main/20260927/IECfD_dggIqi.md,https://raw.githubusercontent.com/51chiguawang319/202609/main/20260927/IECfD_dggIqi.md
IEebr_rGUbNP.md,泛二级1000份,财经商业,300,https://github.com/51chiguawang319/202609/blob/main/20260927/IEebr_rGUbNP.md,https://raw.githubusercontent.com/51chiguawang319/202609/main/20260927/IEebr_rGUbNP.md
ieeXc_IWrnNs.md,泛二级1000份,文化娱乐,300,https://github.com/51chiguawang319/202609/blob/main/20260927/ieeXc_IWrnNs.md,https://raw.githubusercontent.com/51chiguawang319/202609/main/20260927/ieeXc_IWrnNs.md
iEgme_VBqCMa.md,主域名3000份,文化娱乐,300,https://github.com/51chiguawang319/202609/blob/main/20260927/iEgme_VBqCMa.md,https://raw.githubusercontent.com/51chiguawang319/202609/main/20260927/iEgme_VBqCMa.md
IETIw_fkCAap.md,主域名3000份,财经商业,300,https://github.com/51chiguawang319/202609/blob/main/20260927/IETIw_fkCAap.md,https://raw.githubusercontent.com/51chiguawang319/202609/main/20260927/IETIw_fkCAap.md
iEyaL_VjtsFi.md,主域名3000份,天气环境,300,https://github.com/51chiguawang319/202609/blob/main/20260927/iEyaL_VjtsFi.md,https://raw.githubusercontent.com/51chiguawang319/202609/main/20260927/iEyaL_VjtsFi.md
ifaHd_DWznNT.md,主域名3000份,财经商业,300,https://github.com/51chiguawang319/202609/blob/main/20260927/ifaHd_DWznNT.md,https://raw.githubusercontent.com/51chiguawang319/202609/main/20260927/ifaHd_DWznNT.md
ifaIW_kdrKvS.md,泛二级1000份,体育赛事,300,https://github.com/51chiguawang319/202609/blob/main/20260927/ifaIW_kdrKvS.md,https://raw.githubusercontent.com/51chiguawang319/202609/main/20260927/ifaIW_kdrKvS.md
iFcZY_fsGtpe.md,主域名3000份,天气环境,300,https://github.com/51chiguawang319/202609/blob/main/20260927/iFcZY_fsGtpe.md,https://raw.githubusercontent.com/51chiguawang319/202609/main/20260927/iFcZY_fsGtpe.md
IFgFj_kpfeZs.md,主域名3000份,文化娱乐,300,https://github.com/51chiguawang319/202609/blob/main/20260927/IFgFj_kpfeZs.md,https://raw.githubusercontent.com/51chiguawang319/202609/main/20260927/IFgFj_kpfeZs.md
iFolJ_tCSFqK.md,主域名3000份,天气环境,300,https://github.com/51chiguawang319/202609/blob/main/20260927/iFolJ_tCSFqK.md,https://raw.githubusercontent.com/51chiguawang319/202609/main/20260927/iFolJ_tCSFqK.md
ifpqB_kElwYU.md,泛二级1000份,文化娱乐,300,https://github.com/51chiguawang319/202609/blob/main/20260927/ifpqB_kElwYU.md,https://raw.githubusercontent.com/51chiguawang319/202609/main/20260927/ifpqB_kElwYU.md
ifPyj_bMnRSA.md,主域名3000份,文化娱乐,300,https://github.com/51chiguawang319/202609/blob/main/20260927/ifPyj_bMnRSA.md,https://raw.githubusercontent.com/51chiguawang319/202609/main/20260927/ifPyj_bMnRSA.md
iFrWP_ZWeXHH.md,泛二级1000份,体育赛事,300,https://github.com/51chiguawang319/202609/blob/main/20260927/iFrWP_ZWeXHH.md,https://raw.githubusercontent.com/51chiguawang319/202609/main/20260927/iFrWP_ZWeXHH.md
igArA_yJpLPu.md,主域名3000份,文化娱乐,300,https://github.com/51chiguawang319/202609/blob/main/20260927/igArA_yJpLPu.md,https://raw.githubusercontent.com/51chiguawang319/202609/main/20260927/igArA_yJpLPu.md
IGcEf_FsQWNd.md,泛二级1000份,文化娱乐,300,https://github.com/51chiguawang319/202609/blob/main/20260927/IGcEf_FsQWNd.md,https://raw.githubusercontent.com/51chiguawang319/202609/main/20260927/IGcEf_FsQWNd.md
iGkFr_qDoxsh.md,主域名3000份,天气环境,300,https://github.com/51chiguawang319/202609/blob/main/20260927/iGkFr_qDoxsh.md,https://raw.githubusercontent.com/51chiguawang319/202609/main/20260927/iGkFr_qDoxsh.md
iGPgi_JPbiMN.md,主域名3000份,健康医疗,300,https://github.com/51chiguawang319/202609/blob/main/20260927/iGPgi_JPbiMN.md,https://raw.githubusercontent.com/51chiguawang319/202609/main/20260927/iGPgi_JPbiMN.md
igvUi_dpOasH.md,泛二级1000份,健康医疗,300,https://github.com/51chiguawang319/202609/blob/main/20260927/igvUi_dpOasH.md,https://raw.githubusercontent.com/51chiguawang319/202609/main/20260927/igvUi_dpOasH.md
igZdC_dNrLxX.md,主域名3000份,科技数码,300,https://github.com/51chiguawang319/202609/blob/main/20260927/igZdC_dNrLxX.md,https://raw.githubusercontent.com/51chiguawang319/202609/main/20260927/igZdC_dNrLxX.md
IHEfb_CTYDcV.md,主域名3000份,文化娱乐,300,https://github.com/51chiguawang319/202609/blob/main/20260927/IHEfb_CTYDcV.md,https://raw.githubusercontent.com/51chiguawang319/202609/main/20260927/IHEfb_CTYDcV.md
iHlrm_ygAHPm.md,主域名3000份,健康医疗,300,https://github.com/51chiguawang319/202609/blob/main/20260927/iHlrm_ygAHPm.md,https://raw.githubusercontent.com/51chiguawang319/202609/main/20260927/iHlrm_ygAHPm.md
ihqDJ_LJjZBA.md,主域名3000份,科技数码,300,https://github.com/51chiguawang319/202609/blob/main/20260927/ihqDJ_LJjZBA.md,https://raw.githubusercontent.com/51chiguawang319/202609/main/20260927/ihqDJ_LJjZBA.md
ihRGH_iAvENW.md,主域名3000份,科技数码,300,https://github.com/51chiguawang319/202609/blob/main/20260927/ihRGH_iAvENW.md,https://raw.githubusercontent.com/51chiguawang319/202609/main/20260927/ihRGH_iAvENW.md
IHRtx_PgZxKs.md,主域名3000份,文化娱乐,300,https://github.com/51chiguawang319/202609/blob/main/20260927/IHRtx_PgZxKs.md,https://raw.githubusercontent.com/51chiguawang319/202609/main/20260927/IHRtx_PgZxKs.md
IhSwy_NpLsFg.md,主域名3000份,天气环境,300,https://github.com/51chiguawang319/202609/blob/main/20260927/IhSwy_NpLsFg.md,https://raw.githubusercontent.com/51chiguawang319/202609/main/20260927/IhSwy_NpLsFg.md
iiBIM_tkuvDU.md,主域名3000份,财经商业,300,https://github.com/51chiguawang319/202609/blob/main/20260927/iiBIM_tkuvDU.md,https://raw.githubusercontent.com/51chiguawang319/202609/main/20260927/iiBIM_tkuvDU.md
IIIjX_DSDkrW.md,主域名3000份,科技数码,300,https://github.com/51chiguawang319/202609/blob/main/20260927/IIIjX_DSDkrW.md,https://raw.githubusercontent.com/51chiguawang319/202609/main/20260927/IIIjX_DSDkrW.md
IIinF_Guthkk.md,主域名3000份,体育赛事,300,https://github.com/51chiguawang319/202609/blob/main/20260927/IIinF_Guthkk.md,https://raw.githubusercontent.com/51chiguawang319/202609/main/20260927/IIinF_Guthkk.md
IInKx_QreETY.md,泛二级1000份,健康医疗,300,https://github.com/51chiguawang319/202609/blob/main/20260927/IInKx_QreETY.md,https://raw.githubusercontent.com/51chiguawang319/202609/main/20260927/IInKx_QreETY.md
IiOHQ_cOVqmA.md,主域名3000份,健康医疗,300,https://github.com/51chiguawang319/202609/blob/main/20260927/IiOHQ_cOVqmA.md,https://raw.githubusercontent.com/51chiguawang319/202609/main/20260927/IiOHQ_cOVqmA.md
IIPKs_CAKdmr.md,泛二级1000份,天气环境,300,https://github.com/51chiguawang319/202609/blob/main/20260927/IIPKs_CAKdmr.md,https://raw.githubusercontent.com/51chiguawang319/202609/main/20260927/IIPKs_CAKdmr.md
IIrQO_OFEABq.md,主域名3000份,健康医疗,300,https://github.com/51chiguawang319/202609/blob/main/20260927/IIrQO_OFEABq.md,https://raw.githubusercontent.com/51chiguawang319/202609/main/20260927/IIrQO_OFEABq.md
iISkd_GmFrKK.md,主域名3000份,文化娱乐,300,https://github.com/51chiguawang319/202609/blob/main/20260927/iISkd_GmFrKK.md,https://raw.githubusercontent.com/51chiguawang319/202609/main/20260927/iISkd_GmFrKK.md
ijADO_VSRULg.md,主域名3000份,文化娱乐,300,https://github.com/51chiguawang319/202609/blob/main/20260927/ijADO_VSRULg.md,https://raw.githubusercontent.com/51chiguawang319/202609/main/20260927/ijADO_VSRULg.md
IJaLO_dLMEUl.md,主域名3000份,体育赛事,300,https://github.com/51chiguawang319/202609/blob/main/20260927/IJaLO_dLMEUl.md,https://raw.githubusercontent.com/51chiguawang319/202609/main/20260927/IJaLO_dLMEUl.md
IjBQk_EMnwfj.md,主域名3000份,财经商业,300,https://github.com/51chiguawang319/202609/blob/main/20260927/IjBQk_EMnwfj.md,https://raw.githubusercontent.com/51chiguawang319/202609/main/20260927/IjBQk_EMnwfj.md
IJCbF_MirylH.md,泛二级1000份,科技数码,300,https://github.com/51chiguawang319/202609/blob/main/20260927/IJCbF_MirylH.md,https://raw.githubusercontent.com/51chiguawang319/202609/main/20260927/IJCbF_MirylH.md
ijHuw_fURpXd.md,主域名3000份,财经商业,300,https://github.com/51chiguawang319/202609/blob/main/20260927/ijHuw_fURpXd.md,https://raw.githubusercontent.com/51chiguawang319/202609/main/20260927/ijHuw_fURpXd.md
iJmXZ_TfpQgT.md,泛二级1000份,体育赛事,300,https://github.com/51chiguawang319/202609/blob/main/20260927/iJmXZ_TfpQgT.md,https://raw.githubusercontent.com/51chiguawang319/202609/main/20260927/iJmXZ_TfpQgT.md
IjriB_iTghMy.md,主域名3000份,科技数码,300,https://github.com/51chiguawang319/202609/blob/main/20260927/IjriB_iTghMy.md,https://raw.githubusercontent.com/51chiguawang319/202609/main/20260927/IjriB_iTghMy.md
IJRSu_nqgLDv.md,泛二级1000份,文化娱乐,300,https://github.com/51chiguawang319/202609/blob/main/20260927/IJRSu_nqgLDv.md,https://raw.githubusercontent.com/51chiguawang319/202609/main/20260927/IJRSu_nqgLDv.md
Ijvmk_OIcJci.md,主域名3000份,体育赛事,300,https://github.com/51chiguawang319/202609/blob/main/20260927/Ijvmk_OIcJci.md,https://raw.githubusercontent.com/51chiguawang319/202609/main/20260927/Ijvmk_OIcJci.md
ikaOA_dYkvkh.md,主域名3000份,财经商业,300,https://github.com/51chiguawang319/202609/blob/main/20260927/ikaOA_dYkvkh.md,https://raw.githubusercontent.com/51chiguawang319/202609/main/20260927/ikaOA_dYkvkh.md
ikEXb_KxfLTi.md,主域名3000份,财经商业,300,https://github.com/51chiguawang319/202609/blob/main/20260927/ikEXb_KxfLTi.md,https://raw.githubusercontent.com/51chiguawang319/202609/main/20260927/ikEXb_KxfLTi.md
IKFHe_iOLOJJ.md,主域名3000份,财经商业,300,https://github.com/51chiguawang319/202609/blob/main/20260927/IKFHe_iOLOJJ.md,https://raw.githubusercontent.com/51chiguawang319/202609/main/20260927/IKFHe_iOLOJJ.md
IkGGi_MONTSe.md,主域名3000份,健康医疗,300,https://github.com/51chiguawang319/202609/blob/main/20260927/IkGGi_MONTSe.md,https://raw.githubusercontent.com/51chiguawang319/202609/main/20260927/IkGGi_MONTSe.md
ikNjw_bsnqFQ.md,主域名3000份,健康医疗,300,https://github.com/51chiguawang319/202609/blob/main/20260927/ikNjw_bsnqFQ.md,https://raw.githubusercontent.com/51chiguawang319/202609/main/20260927/ikNjw_bsnqFQ.md
IkpPE_ceLifM.md,主域名3000份,体育赛事,300,https://github.com/51chiguawang319/202609/blob/main/20260927/IkpPE_ceLifM.md,https://raw.githubusercontent.com/51chiguawang319/202609/main/20260927/IkpPE_ceLifM.md
IksZp_oJkcgq.md,主域名3000份,天气环境,300,https://github.com/51chiguawang319/202609/blob/main/20260927/IksZp_oJkcgq.md,https://raw.githubusercontent.com/51chiguawang319/202609/main/20260927/IksZp_oJkcgq.md
ikZwT_hRAKeD.md,主域名3000份,文化娱乐,300,https://github.com/51chiguawang319/202609/blob/main/20260927/ikZwT_hRAKeD.md,https://raw.githubusercontent.com/51chiguawang319/202609/main/20260927/ikZwT_hRAKeD.md
iLbPs_ZBkWqA.md,泛二级1000份,天气环境,300,https://github.com/51chiguawang319/202609/blob/main/20260927/iLbPs_ZBkWqA.md,https://raw.githubusercontent.com/51chiguawang319/202609/main/20260927/iLbPs_ZBkWqA.md
ILcTW_fSkDUp.md,主域名3000份,体育赛事,300,https://github.com/51chiguawang319/202609/blob/main/20260927/ILcTW_fSkDUp.md,https://raw.githubusercontent.com/51chiguawang319/202609/main/20260927/ILcTW_fSkDUp.md
ILgVM_BgYQKP.md,主域名3000份,科技数码,300,https://github.com/51chiguawang319/202609/blob/main/20260927/ILgVM_BgYQKP.md,https://raw.githubusercontent.com/51chiguawang319/202609/main/20260927/ILgVM_BgYQKP.md
ILIEs_ZYWBDi.md,主域名3000份,天气环境,300,https://github.com/51chiguawang319/202609/blob/main/20260927/ILIEs_ZYWBDi.md,https://raw.githubusercontent.com/51chiguawang319/202609/main/20260927/ILIEs_ZYWBDi.md
iLloZ_bSDeBu.md,主域名3000份,财经商业,300,https://github.com/51chiguawang319/202609/blob/main/20260927/iLloZ_bSDeBu.md,https://raw.githubusercontent.com/51chiguawang319/202609/main/20260927/iLloZ_bSDeBu.md
ILtgT_fKdsuP.md,主域名3000份,文化娱乐,300,https://github.com/51chiguawang319/202609/blob/main/20260927/ILtgT_fKdsuP.md,https://raw.githubusercontent.com/51chiguawang319/202609/main/20260927/ILtgT_fKdsuP.md
IlunP_UcigOl.md,泛二级1000份,天气环境,300,https://github.com/51chiguawang319/202609/blob/main/20260927/IlunP_UcigOl.md,https://raw.githubusercontent.com/51chiguawang319/202609/main/20260927/IlunP_UcigOl.md
ilVXC_mdcBEK.md,主域名3000份,财经商业,300,https://github.com/51chiguawang319/202609/blob/main/20260927/ilVXC_mdcBEK.md,https://raw.githubusercontent.com/51chiguawang319/202609/main/20260927/ilVXC_mdcBEK.md
ILXpI_iPGLoS.md,泛二级1000份,健康医疗,300,https://github.com/51chiguawang319/202609/blob/main/20260927/ILXpI_iPGLoS.md,https://raw.githubusercontent.com/51chiguawang319/202609/main/20260927/ILXpI_iPGLoS.md
ImJwx_VFbTay.md,主域名3000份,天气环境,300,https://github.com/51chiguawang319/202609/blob/main/20260927/ImJwx_VFbTay.md,https://raw.githubusercontent.com/51chiguawang319/202609/main/20260927/ImJwx_VFbTay.md
IMMdS_gxmUSF.md,主域名3000份,科技数码,300,https://github.com/51chiguawang319/202609/blob/main/20260927/IMMdS_gxmUSF.md,https://raw.githubusercontent.com/51chiguawang319/202609/main/20260927/IMMdS_gxmUSF.md
ImPxx_WyyOPa.md,泛二级1000份,天气环境,300,https://github.com/51chiguawang319/202609/blob/main/20260927/ImPxx_WyyOPa.md,https://raw.githubusercontent.com/51chiguawang319/202609/main/20260927/ImPxx_WyyOPa.md
imzNf_IUXPgF.md,主域名3000份,财经商业,300,https://github.com/51chiguawang319/202609/blob/main/20260927/imzNf_IUXPgF.md,https://raw.githubusercontent.com/51chiguawang319/202609/main/20260927/imzNf_IUXPgF.md
INdMx_CNUdYu.md,主域名3000份,财经商业,300,https://github.com/51chiguawang319/202609/blob/main/20260927/INdMx_CNUdYu.md,https://raw.githubusercontent.com/51chiguawang319/202609/main/20260927/INdMx_CNUdYu.md
infSB_WYjNtw.md,泛二级1000份,文化娱乐,300,https://github.com/51chiguawang319/202609/blob/main/20260927/infSB_WYjNtw.md,https://raw.githubusercontent.com/51chiguawang319/202609/main/20260927/infSB_WYjNtw.md
InhjJ_mIPRbK.md,主域名3000份,科技数码,300,https://github.com/51chiguawang319/202609/blob/main/20260927/InhjJ_mIPRbK.md,https://raw.githubusercontent.com/51chiguawang319/202609/main/20260927/InhjJ_mIPRbK.md
inoGr_MypCnU.md,主域名3000份,财经商业,300,https://github.com/51chiguawang319/202609/blob/main/20260927/inoGr_MypCnU.md,https://raw.githubusercontent.com/51chiguawang319/202609/main/20260927/inoGr_MypCnU.md
iNpxq_odpKrz.md,泛二级1000份,科技数码,300,https://github.com/51chiguawang319/202609/blob/main/20260927/iNpxq_odpKrz.md,https://raw.githubusercontent.com/51chiguawang319/202609/main/20260927/iNpxq_odpKrz.md
inwEx_eFQdSb.md,主域名3000份,健康医疗,300,https://github.com/51chiguawang319/202609/blob/main/20260927/inwEx_eFQdSb.md,https://raw.githubusercontent.com/51chiguawang319/202609/main/20260927/inwEx_eFQdSb.md
iNZHR_pBeubg.md,主域名3000份,体育赛事,300,https://github.com/51chiguawang319/202609/blob/main/20260927/iNZHR_pBeubg.md,https://raw.githubusercontent.com/51chiguawang319/202609/main/20260927/iNZHR_pBeubg.md
IoGWD_tkShJv.md,主域名3000份,健康医疗,300,https://github.com/51chiguawang319/202609/blob/main/20260927/IoGWD_tkShJv.md,https://raw.githubusercontent.com/51chiguawang319/202609/main/20260927/IoGWD_tkShJv.md
IOJAt_ymPoMz.md,主域名3000份,财经商业,300,https://github.com/51chiguawang319/202609/blob/main/20260927/IOJAt_ymPoMz.md,https://raw.githubusercontent.com/51chiguawang319/202609/main/20260927/IOJAt_ymPoMz.md
iotZB_hafRnR.md,泛二级1000份,文化娱乐,300,https://github.com/51chiguawang319/202609/blob/main/20260927/iotZB_hafRnR.md,https://raw.githubusercontent.com/51chiguawang319/202609/main/20260927/iotZB_hafRnR.md
iPBfd_KHGgNh.md,泛二级1000份,科技数码,300,https://github.com/51chiguawang319/202609/blob/main/20260927/iPBfd_KHGgNh.md,https://raw.githubusercontent.com/51chiguawang319/202609/main/20260927/iPBfd_KHGgNh.md
iPiLt_UJMtHL.md,主域名3000份,健康医疗,300,https://github.com/51chiguawang319/202609/blob/main/20260927/iPiLt_UJMtHL.md,https://raw.githubusercontent.com/51chiguawang319/202609/main/20260927/iPiLt_UJMtHL.md
IpLtf_MsXkWO.md,泛二级1000份,文化娱乐,300,https://github.com/51chiguawang319/202609/blob/main/20260927/IpLtf_MsXkWO.md,https://raw.githubusercontent.com/51chiguawang319/202609/main/20260927/IpLtf_MsXkWO.md
IpqRp_eFlaKa.md,主域名3000份,财经商业,300,https://github.com/51chiguawang319/202609/blob/main/20260927/IpqRp_eFlaKa.md,https://raw.githubusercontent.com/51chiguawang319/202609/main/20260927/IpqRp_eFlaKa.md
ipvyK_EBbXGw.md,主域名3000份,科技数码,300,https://github.com/51chiguawang319/202609/blob/main/20260927/ipvyK_EBbXGw.md,https://raw.githubusercontent.com/51chiguawang319/202609/main/20260927/ipvyK_EBbXGw.md
ipZsP_YiDjYv.md,主域名3000份,健康医疗,300,https://github.com/51chiguawang319/202609/blob/main/20260927/ipZsP_YiDjYv.md,https://raw.githubusercontent.com/51chiguawang319/202609/main/20260927/ipZsP_YiDjYv.md
iqnZQ_qBIqyz.md,主域名3000份,文化娱乐,300,https://github.com/51chiguawang319/202609/blob/main/20260927/iqnZQ_qBIqyz.md,https://raw.githubusercontent.com/51chiguawang319/202609/main/20260927/iqnZQ_qBIqyz.md
iQOFX_BienOi.md,泛二级1000份,健康医疗,300,https://github.com/51chiguawang319/202609/blob/main/20260927/iQOFX_BienOi.md,https://raw.githubusercontent.com/51chiguawang319/202609/main/20260927/iQOFX_BienOi.md
IQRyA_EFsieO.md,主域名3000份,健康医疗,300,https://github.com/51chiguawang319/202609/blob/main/20260927/IQRyA_EFsieO.md,https://raw.githubusercontent.com/51chiguawang319/202609/main/20260927/IQRyA_EFsieO.md
iRByV_cnLkSP.md,泛二级1000份,科技数码,300,https://github.com/51chiguawang319/202609/blob/main/20260927/iRByV_cnLkSP.md,https://raw.githubusercontent.com/51chiguawang319/202609/main/20260927/iRByV_cnLkSP.md
iRRVt_aXrhng.md,主域名3000份,文化娱乐,300,https://github.com/51chiguawang319/202609/blob/main/20260927/iRRVt_aXrhng.md,https://raw.githubusercontent.com/51chiguawang319/202609/main/20260927/iRRVt_aXrhng.md
Irulg_hPnzSO.md,主域名3000份,天气环境,300,https://github.com/51chiguawang319/202609/blob/main/20260927/Irulg_hPnzSO.md,https://raw.githubusercontent.com/51chiguawang319/202609/main/20260927/Irulg_hPnzSO.md
irwRf_jsmfDq.md,泛二级1000份,财经商业,300,https://github.com/51chiguawang319/202609/blob/main/20260927/irwRf_jsmfDq.md,https://raw.githubusercontent.com/51chiguawang319/202609/main/20260927/irwRf_jsmfDq.md
isASz_PgIrKL.md,泛二级1000份,天气环境,300,https://github.com/51chiguawang319/202609/blob/main/20260927/isASz_PgIrKL.md,https://raw.githubusercontent.com/51chiguawang319/202609/main/20260927/isASz_PgIrKL.md
iSaTO_KbmtIG.md,主域名3000份,健康医疗,300,https://github.com/51chiguawang319/202609/blob/main/20260927/iSaTO_KbmtIG.md,https://raw.githubusercontent.com/51chiguawang319/202609/main/20260927/iSaTO_KbmtIG.md
ISIiZ_IUSCCd.md,泛二级1000份,天气环境,300,https://github.com/51chiguawang319/202609/blob/main/20260927/ISIiZ_IUSCCd.md,https://raw.githubusercontent.com/51chiguawang319/202609/main/20260927/ISIiZ_IUSCCd.md
ISRWi_AGFnRl.md,主域名3000份,科技数码,300,https://github.com/51chiguawang319/202609/blob/main/20260927/ISRWi_AGFnRl.md,https://raw.githubusercontent.com/51chiguawang319/202609/main/20260927/ISRWi_AGFnRl.md
iSuuf_Qxdtyt.md,主域名3000份,文化娱乐,300,https://github.com/51chiguawang319/202609/blob/main/20260927/iSuuf_Qxdtyt.md,https://raw.githubusercontent.com/51chiguawang319/202609/main/20260927/iSuuf_Qxdtyt.md
IswtK_QOdYfk.md,泛二级1000份,体育赛事,300,https://github.com/51chiguawang319/202609/blob/main/20260927/IswtK_QOdYfk.md,https://raw.githubusercontent.com/51chiguawang319/202609/main/20260927/IswtK_QOdYfk.md
iSYGe_GPLRJe.md,泛二级1000份,天气环境,300,https://github.com/51chiguawang319/202609/blob/main/20260927/iSYGe_GPLRJe.md,https://raw.githubusercontent.com/51chiguawang319/202609/main/20260927/iSYGe_GPLRJe.md
isYiD_PNYqhr.md,泛二级1000份,文化娱乐,300,https://github.com/51chiguawang319/202609/blob/main/20260927/isYiD_PNYqhr.md,https://raw.githubusercontent.com/51chiguawang319/202609/main/20260927/isYiD_PNYqhr.md
iSykh_KxQYvG.md,主域名3000份,科技数码,300,https://github.com/51chiguawang319/202609/blob/main/20260927/iSykh_KxQYvG.md,https://raw.githubusercontent.com/51chiguawang319/202609/main/20260927/iSykh_KxQYvG.md
ItAVz_JVbpuv.md,主域名3000份,健康医疗,300,https://github.com/51chiguawang319/202609/blob/main/20260927/ItAVz_JVbpuv.md,https://raw.githubusercontent.com/51chiguawang319/202609/main/20260927/ItAVz_JVbpuv.md
ItHfI_sopMcM.md,主域名3000份,天气环境,300,https://github.com/51chiguawang319/202609/blob/main/20260927/ItHfI_sopMcM.md,https://raw.githubusercontent.com/51chiguawang319/202609/main/20260927/ItHfI_sopMcM.md
ItJdV_PATCgg.md,主域名3000份,科技数码,300,https://github.com/51chiguawang319/202609/blob/main/20260927/ItJdV_PATCgg.md,https://raw.githubusercontent.com/51chiguawang319/202609/main/20260927/ItJdV_PATCgg.md
iTmMD_SJtkLP.md,主域名3000份,文化娱乐,300,https://github.com/51chiguawang319/202609/blob/main/20260927/iTmMD_SJtkLP.md,https://raw.githubusercontent.com/51chiguawang319/202609/main/20260927/iTmMD_SJtkLP.md
iTNsE_ahLTYr.md,主域名3000份,健康医疗,300,https://github.com/51chiguawang319/202609/blob/main/20260927/iTNsE_ahLTYr.md,https://raw.githubusercontent.com/51chiguawang319/202609/main/20260927/iTNsE_ahLTYr.md
iTRav_LchPSK.md,主域名3000份,健康医疗,300,https://github.com/51chiguawang319/202609/blob/main/20260927/iTRav_LchPSK.md,https://raw.githubusercontent.com/51chiguawang319/202609/main/20260927/iTRav_LchPSK.md
ItswK_SxypFp.md,泛二级1000份,天气环境,300,https://github.com/51chiguawang319/202609/blob/main/20260927/ItswK_SxypFp.md,https://raw.githubusercontent.com/51chiguawang319/202609/main/20260927/ItswK_SxypFp.md
iTVCi_PaCWSx.md,主域名3000份,健康医疗,300,https://github.com/51chiguawang319/202609/blob/main/20260927/iTVCi_PaCWSx.md,https://raw.githubusercontent.com/51chiguawang319/202609/main/20260927/iTVCi_PaCWSx.md
ItxDQ_ZIClsx.md,泛二级1000份,文化娱乐,300,https://github.com/51chiguawang319/202609/blob/main/20260927/ItxDQ_ZIClsx.md,https://raw.githubusercontent.com/51chiguawang319/202609/main/20260927/ItxDQ_ZIClsx.md
itxQb_sfyZkO.md,主域名3000份,文化娱乐,300,https://github.com/51chiguawang319/202609/blob/main/20260927/itxQb_sfyZkO.md,https://raw.githubusercontent.com/51chiguawang319/202609/main/20260927/itxQb_sfyZkO.md
iUDbK_bYoeoq.md,主域名3000份,健康医疗,300,https://github.com/51chiguawang319/202609/blob/main/20260927/iUDbK_bYoeoq.md,https://raw.githubusercontent.com/51chiguawang319/202609/main/20260927/iUDbK_bYoeoq.md
IuhTU_nGkoLD.md,主域名3000份,健康医疗,300,https://github.com/51chiguawang319/202609/blob/main/20260927/IuhTU_nGkoLD.md,https://raw.githubusercontent.com/51chiguawang319/202609/main/20260927/IuhTU_nGkoLD.md
iuIQp_YvLxVQ.md,泛二级1000份,天气环境,300,https://github.com/51chiguawang319/202609/blob/main/20260927/iuIQp_YvLxVQ.md,https://raw.githubusercontent.com/51chiguawang319/202609/main/20260927/iuIQp_YvLxVQ.md
iukwQ_ZQClhN.md,主域名3000份,健康医疗,300,https://github.com/51chiguawang319/202609/blob/main/20260927/iukwQ_ZQClhN.md,https://raw.githubusercontent.com/51chiguawang319/202609/main/20260927/iukwQ_ZQClhN.md
iusqE_kwahDV.md,主域名3000份,文化娱乐,300,https://github.com/51chiguawang319/202609/blob/main/20260927/iusqE_kwahDV.md,https://raw.githubusercontent.com/51chiguawang319/202609/main/20260927/iusqE_kwahDV.md
IUvUW_pBSjaP.md,主域名3000份,财经商业,300,https://github.com/51chiguawang319/202609/blob/main/20260927/IUvUW_pBSjaP.md,https://raw.githubusercontent.com/51chiguawang319/202609/main/20260927/IUvUW_pBSjaP.md
iuzQg_AAfVmx.md,主域名3000份,体育赛事,300,https://github.com/51chiguawang319/202609/blob/main/20260927/iuzQg_AAfVmx.md,https://raw.githubusercontent.com/51chiguawang319/202609/main/20260927/iuzQg_AAfVmx.md
iVifa_rzAbyA.md,泛二级1000份,财经商业,300,https://github.com/51chiguawang319/202609/blob/main/20260927/iVifa_rzAbyA.md,https://raw.githubusercontent.com/51chiguawang319/202609/main/20260927/iVifa_rzAbyA.md
IvOho_zVRLag.md,主域名3000份,科技数码,300,https://github.com/51chiguawang319/202609/blob/main/20260927/IvOho_zVRLag.md,https://raw.githubusercontent.com/51chiguawang319/202609/main/20260927/IvOho_zVRLag.md
IWdoR_COiLum.md,主域名3000份,财经商业,300,https://github.com/51chiguawang319/202609/blob/main/20260927/IWdoR_COiLum.md,https://raw.githubusercontent.com/51chiguawang319/202609/main/20260927/IWdoR_COiLum.md
IWObZ_GbSjVw.md,主域名3000份,天气环境,300,https://github.com/51chiguawang319/202609/blob/main/20260927/IWObZ_GbSjVw.md,https://raw.githubusercontent.com/51chiguawang319/202609/main/20260927/IWObZ_GbSjVw.md
iWwKH_TrXRAG.md,泛二级1000份,科技数码,300,https://github.com/51chiguawang319/202609/blob/main/20260927/iWwKH_TrXRAG.md,https://raw.githubusercontent.com/51chiguawang319/202609/main/20260927/iWwKH_TrXRAG.md
IxfAX_hqcSPH.md,主域名3000份,财经商业,300,https://github.com/51chiguawang319/202609/blob/main/20260927/IxfAX_hqcSPH.md,https://raw.githubusercontent.com/51chiguawang319/202609/main/20260927/IxfAX_hqcSPH.md
iXncl_ArinCk.md,泛二级1000份,科技数码,300,https://github.com/51chiguawang319/202609/blob/main/20260927/iXncl_ArinCk.md,https://raw.githubusercontent.com/51chiguawang319/202609/main/20260927/iXncl_ArinCk.md
IxQak_uoZKEY.md,主域名3000份,天气环境,300,https://github.com/51chiguawang319/202609/blob/main/20260927/IxQak_uoZKEY.md,https://raw.githubusercontent.com/51chiguawang319/202609/main/20260927/IxQak_uoZKEY.md
iYdYc_yhfYVs.md,主域名3000份,体育赛事,300,https://github.com/51chiguawang319/202609/blob/main/20260927/iYdYc_yhfYVs.md,https://raw.githubusercontent.com/51chiguawang319/202609/main/20260927/iYdYc_yhfYVs.md
Iypsj_GSGIXc.md,主域名3000份,财经商业,300,https://github.com/51chiguawang319/202609/blob/main/20260927/Iypsj_GSGIXc.md,https://raw.githubusercontent.com/51chiguawang319/202609/main/20260927/Iypsj_GSGIXc.md
iyraH_SwXSGQ.md,主域名3000份,天气环境,300,https://github.com/51chiguawang319/202609/blob/main/20260927/iyraH_SwXSGQ.md,https://raw.githubusercontent.com/51chiguawang319/202609/main/20260927/iyraH_SwXSGQ.md
izGUG_CAEXTq.md,主域名3000份,科技数码,300,https://github.com/51chiguawang319/202609/blob/main/20260927/izGUG_CAEXTq.md,https://raw.githubusercontent.com/51chiguawang319/202609/main/20260927/izGUG_CAEXTq.md
iZirx_oJxfTv.md,主域名3000份,健康医疗,300,https://github.com/51chiguawang319/202609/blob/main/20260927/iZirx_oJxfTv.md,https://raw.githubusercontent.com/51chiguawang319/202609/main/20260927/iZirx_oJxfTv.md
izWfM_FoOdfa.md,主域名3000份,科技数码,300,https://github.com/51chiguawang319/202609/blob/main/20260927/izWfM_FoOdfa.md,https://raw.githubusercontent.com/51chiguawang319/202609/main/20260927/izWfM_FoOdfa.md
izxpB_onzjCW.md,主域名3000份,文化娱乐,300,https://github.com/51chiguawang319/202609/blob/main/20260927/izxpB_onzjCW.md,https://raw.githubusercontent.com/51chiguawang319/202609/main/20260927/izxpB_onzjCW.md
iZzvA_tVeWyT.md,主域名3000份,文化娱乐,300,https://github.com/51chiguawang319/202609/blob/main/20260927/iZzvA_tVeWyT.md,https://raw.githubusercontent.com/51chiguawang319/202609/main/20260927/iZzvA_tVeWyT.md
JaCYP_AUzLnr.md,泛二级1000份,科技数码,300,https://github.com/51chiguawang319/202609/blob/main/20260927/JaCYP_AUzLnr.md,https://raw.githubusercontent.com/51chiguawang319/202609/main/20260927/JaCYP_AUzLnr.md
jaKXr_pRHWST.md,泛二级1000份,财经商业,300,https://github.com/51chiguawang319/202609/blob/main/20260927/jaKXr_pRHWST.md,https://raw.githubusercontent.com/51chiguawang319/202609/main/20260927/jaKXr_pRHWST.md
jAPjf_wOaiaj.md,主域名3000份,健康医疗,300,https://github.com/51chiguawang319/202609/blob/main/20260927/jAPjf_wOaiaj.md,https://raw.githubusercontent.com/51chiguawang319/202609/main/20260927/jAPjf_wOaiaj.md
JaTBq_XNYbSM.md,主域名3000份,天气环境,300,https://github.com/51chiguawang319/202609/blob/main/20260927/JaTBq_XNYbSM.md,https://raw.githubusercontent.com/51chiguawang319/202609/main/20260927/JaTBq_XNYbSM.md
JbANl_zfTfwt.md,主域名3000份,科技数码,300,https://github.com/51chiguawang319/202609/blob/main/20260927/JbANl_zfTfwt.md,https://raw.githubusercontent.com/51chiguawang319/202609/main/20260927/JbANl_zfTfwt.md
JbcSs_rLHjCD.md,泛二级1000份,体育赛事,300,https://github.com/51chiguawang319/202609/blob/main/20260927/JbcSs_rLHjCD.md,https://raw.githubusercontent.com/51chiguawang319/202609/main/20260927/JbcSs_rLHjCD.md
JBExH_fCxuWf.md,泛二级1000份,财经商业,300,https://github.com/51chiguawang319/202609/blob/main/20260927/JBExH_fCxuWf.md,https://raw.githubusercontent.com/51chiguawang319/202609/main/20260927/JBExH_fCxuWf.md
JbGJV_eBKlWA.md,主域名3000份,天气环境,300,https://github.com/51chiguawang319/202609/blob/main/20260927/JbGJV_eBKlWA.md,https://raw.githubusercontent.com/51chiguawang319/202609/main/20260927/JbGJV_eBKlWA.md
jbKeN_gIrlso.md,主域名3000份,天气环境,300,https://github.com/51chiguawang319/202609/blob/main/20260927/jbKeN_gIrlso.md,https://raw.githubusercontent.com/51chiguawang319/202609/main/20260927/jbKeN_gIrlso.md
JBVcq_nsYhOn.md,泛二级1000份,财经商业,300,https://github.com/51chiguawang319/202609/blob/main/20260927/JBVcq_nsYhOn.md,https://raw.githubusercontent.com/51chiguawang319/202609/main/20260927/JBVcq_nsYhOn.md
jbWbI_UtISJl.md,主域名3000份,天气环境,300,https://github.com/51chiguawang319/202609/blob/main/20260927/jbWbI_UtISJl.md,https://raw.githubusercontent.com/51chiguawang319/202609/main/20260927/jbWbI_UtISJl.md
JBWpD_DfamOT.md,主域名3000份,科技数码,300,https://github.com/51chiguawang319/202609/blob/main/20260927/JBWpD_DfamOT.md,https://raw.githubusercontent.com/51chiguawang319/202609/main/20260927/JBWpD_DfamOT.md
JcFkc_pIorjD.md,主域名3000份,文化娱乐,300,https://github.com/51chiguawang319/202609/blob/main/20260927/JcFkc_pIorjD.md,https://raw.githubusercontent.com/51chiguawang319/202609/main/20260927/JcFkc_pIorjD.md
JCLUw_xPDzBU.md,主域名3000份,天气环境,300,https://github.com/51chiguawang319/202609/blob/main/20260927/JCLUw_xPDzBU.md,https://raw.githubusercontent.com/51chiguawang319/202609/main/20260927/JCLUw_xPDzBU.md
jcoLe_JljQzm.md,主域名3000份,天气环境,300,https://github.com/51chiguawang319/202609/blob/main/20260927/jcoLe_JljQzm.md,https://raw.githubusercontent.com/51chiguawang319/202609/main/20260927/jcoLe_JljQzm.md
jCpOE_ZMlfNi.md,主域名3000份,体育赛事,300,https://github.com/51chiguawang319/202609/blob/main/20260927/jCpOE_ZMlfNi.md,https://raw.githubusercontent.com/51chiguawang319/202609/main/20260927/jCpOE_ZMlfNi.md
jCQmq_QFUzrM.md,主域名3000份,文化娱乐,300,https://github.com/51chiguawang319/202609/blob/main/20260927/jCQmq_QFUzrM.md,https://raw.githubusercontent.com/51chiguawang319/202609/main/20260927/jCQmq_QFUzrM.md
jCShX_awZjOj.md,泛二级1000份,体育赛事,300,https://github.com/51chiguawang319/202609/blob/main/20260927/jCShX_awZjOj.md,https://raw.githubusercontent.com/51chiguawang319/202609/main/20260927/jCShX_awZjOj.md
jcTSj_NgdYYN.md,主域名3000份,天气环境,300,https://github.com/51chiguawang319/202609/blob/main/20260927/jcTSj_NgdYYN.md,https://raw.githubusercontent.com/51chiguawang319/202609/main/20260927/jcTSj_NgdYYN.md
jDbMQ_LRvwGV.md,主域名3000份,体育赛事,300,https://github.com/51chiguawang319/202609/blob/main/20260927/jDbMQ_LRvwGV.md,https://raw.githubusercontent.com/51chiguawang319/202609/main/20260927/jDbMQ_LRvwGV.md
jdbWA_zASwxr.md,主域名3000份,健康医疗,300,https://github.com/51chiguawang319/202609/blob/main/20260927/jdbWA_zASwxr.md,https://raw.githubusercontent.com/51chiguawang319/202609/main/20260927/jdbWA_zASwxr.md
jDHER_TtfmXj.md,主域名3000份,文化娱乐,300,https://github.com/51chiguawang319/202609/blob/main/20260927/jDHER_TtfmXj.md,https://raw.githubusercontent.com/51chiguawang319/202609/main/20260927/jDHER_TtfmXj.md
jdOVG_vvCkDT.md,泛二级1000份,文化娱乐,300,https://github.com/51chiguawang319/202609/blob/main/20260927/jdOVG_vvCkDT.md,https://raw.githubusercontent.com/51chiguawang319/202609/main/20260927/jdOVG_vvCkDT.md
jeFVX_BBqCbk.md,主域名3000份,体育赛事,300,https://github.com/51chiguawang319/202609/blob/main/20260927/jeFVX_BBqCbk.md,https://raw.githubusercontent.com/51chiguawang319/202609/main/20260927/jeFVX_BBqCbk.md
JFiFU_qiCyTT.md,泛二级1000份,健康医疗,300,https://github.com/51chiguawang319/202609/blob/main/20260927/JFiFU_qiCyTT.md,https://raw.githubusercontent.com/51chiguawang319/202609/main/20260927/JFiFU_qiCyTT.md
JFqau_KqWItW.md,主域名3000份,健康医疗,300,https://github.com/51chiguawang319/202609/blob/main/20260927/JFqau_KqWItW.md,https://raw.githubusercontent.com/51chiguawang319/202609/main/20260927/JFqau_KqWItW.md
jGatj_eCjAoD.md,主域名3000份,财经商业,300,https://github.com/51chiguawang319/202609/blob/main/20260927/jGatj_eCjAoD.md,https://raw.githubusercontent.com/51chiguawang319/202609/main/20260927/jGatj_eCjAoD.md
JgdfL_CQhFDo.md,主域名3000份,天气环境,300,https://github.com/51chiguawang319/202609/blob/main/20260927/JgdfL_CQhFDo.md,https://raw.githubusercontent.com/51chiguawang319/202609/main/20260927/JgdfL_CQhFDo.md
Jgdmr_RJZVaV.md,主域名3000份,科技数码,300,https://github.com/51chiguawang319/202609/blob/main/20260927/Jgdmr_RJZVaV.md,https://raw.githubusercontent.com/51chiguawang319/202609/main/20260927/Jgdmr_RJZVaV.md
jgiOs_IvESSa.md,主域名3000份,科技数码,300,https://github.com/51chiguawang319/202609/blob/main/20260927/jgiOs_IvESSa.md,https://raw.githubusercontent.com/51chiguawang319/202609/main/20260927/jgiOs_IvESSa.md
jGJgJ_CSgqXe.md,泛二级1000份,文化娱乐,300,https://github.com/51chiguawang319/202609/blob/main/20260927/jGJgJ_CSgqXe.md,https://raw.githubusercontent.com/51chiguawang319/202609/main/20260927/jGJgJ_CSgqXe.md
jgOVK_icqMtb.md,主域名3000份,体育赛事,300,https://github.com/51chiguawang319/202609/blob/main/20260927/jgOVK_icqMtb.md,https://raw.githubusercontent.com/51chiguawang319/202609/main/20260927/jgOVK_icqMtb.md
jgPVq_HjPYwL.md,主域名3000份,科技数码,300,https://github.com/51chiguawang319/202609/blob/main/20260927/jgPVq_HjPYwL.md,https://raw.githubusercontent.com/51chiguawang319/202609/main/20260927/jgPVq_HjPYwL.md
jgqNp_oVyzxL.md,主域名3000份,财经商业,300,https://github.com/51chiguawang319/202609/blob/main/20260927/jgqNp_oVyzxL.md,https://raw.githubusercontent.com/51chiguawang319/202609/main/20260927/jgqNp_oVyzxL.md
jHJEe_atHhWl.md,主域名3000份,健康医疗,300,https://github.com/51chiguawang319/202609/blob/main/20260927/jHJEe_atHhWl.md,https://raw.githubusercontent.com/51chiguawang319/202609/main/20260927/jHJEe_atHhWl.md
Jhvfy_mugyyE.md,泛二级1000份,体育赛事,300,https://github.com/51chiguawang319/202609/blob/main/20260927/Jhvfy_mugyyE.md,https://raw.githubusercontent.com/51chiguawang319/202609/main/20260927/Jhvfy_mugyyE.md
jicAl_rAEvuP.md,主域名3000份,体育赛事,300,https://github.com/51chiguawang319/202609/blob/main/20260927/jicAl_rAEvuP.md,https://raw.githubusercontent.com/51chiguawang319/202609/main/20260927/jicAl_rAEvuP.md
jILzA_iEJEIj.md,主域名3000份,财经商业,300,https://github.com/51chiguawang319/202609/blob/main/20260927/jILzA_iEJEIj.md,https://raw.githubusercontent.com/51chiguawang319/202609/main/20260927/jILzA_iEJEIj.md
JIqUF_CzzkBR.md,主域名3000份,体育赛事,300,https://github.com/51chiguawang319/202609/blob/main/20260927/JIqUF_CzzkBR.md,https://raw.githubusercontent.com/51chiguawang319/202609/main/20260927/JIqUF_CzzkBR.md
jiWrQ_grbfuM.md,主域名3000份,财经商业,300,https://github.com/51chiguawang319/202609/blob/main/20260927/jiWrQ_grbfuM.md,https://raw.githubusercontent.com/51chiguawang319/202609/main/20260927/jiWrQ_grbfuM.md
jIZKK_vTULDA.md,主域名3000份,财经商业,300,https://github.com/51chiguawang319/202609/blob/main/20260927/jIZKK_vTULDA.md,https://raw.githubusercontent.com/51chiguawang319/202609/main/20260927/jIZKK_vTULDA.md
JjDOj_VCtCuD.md,主域名3000份,健康医疗,300,https://github.com/51chiguawang319/202609/blob/main/20260927/JjDOj_VCtCuD.md,https://raw.githubusercontent.com/51chiguawang319/202609/main/20260927/JjDOj_VCtCuD.md
jjdPi_nhdRAy.md,主域名3000份,财经商业,300,https://github.com/51chiguawang319/202609/blob/main/20260927/jjdPi_nhdRAy.md,https://raw.githubusercontent.com/51chiguawang319/202609/main/20260927/jjdPi_nhdRAy.md
jjgoK_EkYtXR.md,主域名3000份,体育赛事,300,https://github.com/51chiguawang319/202609/blob/main/20260927/jjgoK_EkYtXR.md,https://raw.githubusercontent.com/51chiguawang319/202609/main/20260927/jjgoK_EkYtXR.md
JjIgC_WCeNWU.md,主域名3000份,财经商业,300,https://github.com/51chiguawang319/202609/blob/main/20260927/JjIgC_WCeNWU.md,https://raw.githubusercontent.com/51chiguawang319/202609/main/20260927/JjIgC_WCeNWU.md
jjIXI_PxthOP.md,主域名3000份,健康医疗,300,https://github.com/51chiguawang319/202609/blob/main/20260927/jjIXI_PxthOP.md,https://raw.githubusercontent.com/51chiguawang319/202609/main/20260927/jjIXI_PxthOP.md
JjMhL_Jfspas.md,主域名3000份,财经商业,300,https://github.com/51chiguawang319/202609/blob/main/20260927/JjMhL_Jfspas.md,https://raw.githubusercontent.com/51chiguawang319/202609/main/20260927/JjMhL_Jfspas.md
JJoeF_LyiVQs.md,主域名3000份,天气环境,300,https://github.com/51chiguawang319/202609/blob/main/20260927/JJoeF_LyiVQs.md,https://raw.githubusercontent.com/51chiguawang319/202609/main/20260927/JJoeF_LyiVQs.md
JjUPx_nUNVrE.md,主域名3000份,天气环境,300,https://github.com/51chiguawang319/202609/blob/main/20260927/JjUPx_nUNVrE.md,https://raw.githubusercontent.com/51chiguawang319/202609/main/20260927/JjUPx_nUNVrE.md
JkDbs_QkIcQQ.md,主域名3000份,科技数码,300,https://github.com/51chiguawang319/202609/blob/main/20260927/JkDbs_QkIcQQ.md,https://raw.githubusercontent.com/51chiguawang319/202609/main/20260927/JkDbs_QkIcQQ.md
jKftY_bvylPg.md,主域名3000份,健康医疗,300,https://github.com/51chiguawang319/202609/blob/main/20260927/jKftY_bvylPg.md,https://raw.githubusercontent.com/51chiguawang319/202609/main/20260927/jKftY_bvylPg.md
jkGoH_vbJQRP.md,主域名3000份,健康医疗,300,https://github.com/51chiguawang319/202609/blob/main/20260927/jkGoH_vbJQRP.md,https://raw.githubusercontent.com/51chiguawang319/202609/main/20260927/jkGoH_vbJQRP.md
jknNM_hPfkUT.md,主域名3000份,健康医疗,300,https://github.com/51chiguawang319/202609/blob/main/20260927/jknNM_hPfkUT.md,https://raw.githubusercontent.com/51chiguawang319/202609/main/20260927/jknNM_hPfkUT.md
JkoIu_CnSYjJ.md,泛二级1000份,财经商业,300,https://github.com/51chiguawang319/202609/blob/main/20260927/JkoIu_CnSYjJ.md,https://raw.githubusercontent.com/51chiguawang319/202609/main/20260927/JkoIu_CnSYjJ.md
JkUzz_xstZGP.md,主域名3000份,财经商业,300,https://github.com/51chiguawang319/202609/blob/main/20260927/JkUzz_xstZGP.md,https://raw.githubusercontent.com/51chiguawang319/202609/main/20260927/JkUzz_xstZGP.md
jKyUh_gKMZZH.md,主域名3000份,天气环境,300,https://github.com/51chiguawang319/202609/blob/main/20260927/jKyUh_gKMZZH.md,https://raw.githubusercontent.com/51chiguawang319/202609/main/20260927/jKyUh_gKMZZH.md
JkZIZ_rJmhgb.md,主域名3000份,天气环境,300,https://github.com/51chiguawang319/202609/blob/main/20260927/JkZIZ_rJmhgb.md,https://raw.githubusercontent.com/51chiguawang319/202609/main/20260927/JkZIZ_rJmhgb.md
Jlcdx_beKEjr.md,主域名3000份,财经商业,300,https://github.com/51chiguawang319/202609/blob/main/20260927/Jlcdx_beKEjr.md,https://raw.githubusercontent.com/51chiguawang319/202609/main/20260927/Jlcdx_beKEjr.md
jlhMF_aVxmTx.md,主域名3000份,健康医疗,300,https://github.com/51chiguawang319/202609/blob/main/20260927/jlhMF_aVxmTx.md,https://raw.githubusercontent.com/51chiguawang319/202609/main/20260927/jlhMF_aVxmTx.md
JLiye_AGZLah.md,主域名3000份,健康医疗,300,https://github.com/51chiguawang319/202609/blob/main/20260927/JLiye_AGZLah.md,https://raw.githubusercontent.com/51chiguawang319/202609/main/20260927/JLiye_AGZLah.md
JLkho_pLjSNb.md,主域名3000份,天气环境,300,https://github.com/51chiguawang319/202609/blob/main/20260927/JLkho_pLjSNb.md,https://raw.githubusercontent.com/51chiguawang319/202609/main/20260927/JLkho_pLjSNb.md
JLOfI_PTrRWC.md,主域名3000份,科技数码,300,https://github.com/51chiguawang319/202609/blob/main/20260927/JLOfI_PTrRWC.md,https://raw.githubusercontent.com/51chiguawang319/202609/main/20260927/JLOfI_PTrRWC.md
jLTYf_rbxLuL.md,主域名3000份,文化娱乐,300,https://github.com/51chiguawang319/202609/blob/main/20260927/jLTYf_rbxLuL.md,https://raw.githubusercontent.com/51chiguawang319/202609/main/20260927/jLTYf_rbxLuL.md
jLZPk_UpDjLg.md,主域名3000份,文化娱乐,300,https://github.com/51chiguawang319/202609/blob/main/20260927/jLZPk_UpDjLg.md,https://raw.githubusercontent.com/51chiguawang319/202609/main/20260927/jLZPk_UpDjLg.md
jmgWm_GtriVv.md,主域名3000份,科技数码,300,https://github.com/51chiguawang319/202609/blob/main/20260927/jmgWm_GtriVv.md,https://raw.githubusercontent.com/51chiguawang319/202609/main/20260927/jmgWm_GtriVv.md
jmJkZ_tRcIIf.md,主域名3000份,天气环境,300,https://github.com/51chiguawang319/202609/blob/main/20260927/jmJkZ_tRcIIf.md,https://raw.githubusercontent.com/51chiguawang319/202609/main/20260927/jmJkZ_tRcIIf.md
JmkWi_uHYHQO.md,泛二级1000份,天气环境,300,https://github.com/51chiguawang319/202609/blob/main/20260927/JmkWi_uHYHQO.md,https://raw.githubusercontent.com/51chiguawang319/202609/main/20260927/JmkWi_uHYHQO.md
jMqHk_eFCeWa.md,主域名3000份,科技数码,300,https://github.com/51chiguawang319/202609/blob/main/20260927/jMqHk_eFCeWa.md,https://raw.githubusercontent.com/51chiguawang319/202609/main/20260927/jMqHk_eFCeWa.md
JNaEC_QyKucv.md,主域名3000份,健康医疗,300,https://github.com/51chiguawang319/202609/blob/main/20260927/JNaEC_QyKucv.md,https://raw.githubusercontent.com/51chiguawang319/202609/main/20260927/JNaEC_QyKucv.md
jNdcE_SyBCyk.md,泛二级1000份,文化娱乐,300,https://github.com/51chiguawang319/202609/blob/main/20260927/jNdcE_SyBCyk.md,https://raw.githubusercontent.com/51chiguawang319/202609/main/20260927/jNdcE_SyBCyk.md
JNgHv_ivLmNa.md,主域名3000份,天气环境,300,https://github.com/51chiguawang319/202609/blob/main/20260927/JNgHv_ivLmNa.md,https://raw.githubusercontent.com/51chiguawang319/202609/main/20260927/JNgHv_ivLmNa.md
jnQlo_mYLvhs.md,主域名3000份,体育赛事,300,https://github.com/51chiguawang319/202609/blob/main/20260927/jnQlo_mYLvhs.md,https://raw.githubusercontent.com/51chiguawang319/202609/main/20260927/jnQlo_mYLvhs.md
JOclK_ORnonj.md,主域名3000份,天气环境,300,https://github.com/51chiguawang319/202609/blob/main/20260927/JOclK_ORnonj.md,https://raw.githubusercontent.com/51chiguawang319/202609/main/20260927/JOclK_ORnonj.md
JOEPe_VDmued.md,泛二级1000份,健康医疗,300,https://github.com/51chiguawang319/202609/blob/main/20260927/JOEPe_VDmued.md,https://raw.githubusercontent.com/51chiguawang319/202609/main/20260927/JOEPe_VDmued.md
JoMVo_AyjPfG.md,泛二级1000份,体育赛事,300,https://github.com/51chiguawang319/202609/blob/main/20260927/JoMVo_AyjPfG.md,https://raw.githubusercontent.com/51chiguawang319/202609/main/20260927/JoMVo_AyjPfG.md
jOoeB_jKddAJ.md,主域名3000份,天气环境,300,https://github.com/51chiguawang319/202609/blob/main/20260927/jOoeB_jKddAJ.md,https://raw.githubusercontent.com/51chiguawang319/202609/main/20260927/jOoeB_jKddAJ.md
JoQdO_YvmHmy.md,主域名3000份,健康医疗,300,https://github.com/51chiguawang319/202609/blob/main/20260927/JoQdO_YvmHmy.md,https://raw.githubusercontent.com/51chiguawang319/202609/main/20260927/JoQdO_YvmHmy.md
joRkR_ZaoDaw.md,泛二级1000份,科技数码,300,https://github.com/51chiguawang319/202609/blob/main/20260927/joRkR_ZaoDaw.md,https://raw.githubusercontent.com/51chiguawang319/202609/main/20260927/joRkR_ZaoDaw.md
jpADR_pIDHcM.md,泛二级1000份,健康医疗,300,https://github.com/51chiguawang319/202609/blob/main/20260927/jpADR_pIDHcM.md,https://raw.githubusercontent.com/51chiguawang319/202609/main/20260927/jpADR_pIDHcM.md
Jpjjv_UbIKxN.md,泛二级1000份,健康医疗,300,https://github.com/51chiguawang319/202609/blob/main/20260927/Jpjjv_UbIKxN.md,https://raw.githubusercontent.com/51chiguawang319/202609/main/20260927/Jpjjv_UbIKxN.md
JPyfy_pCkoXQ.md,主域名3000份,文化娱乐,300,https://github.com/51chiguawang319/202609/blob/main/20260927/JPyfy_pCkoXQ.md,https://raw.githubusercontent.com/51chiguawang319/202609/main/20260927/JPyfy_pCkoXQ.md
jQBEN_BcoScM.md,主域名3000份,体育赛事,300,https://github.com/51chiguawang319/202609/blob/main/20260927/jQBEN_BcoScM.md,https://raw.githubusercontent.com/51chiguawang319/202609/main/20260927/jQBEN_BcoScM.md
JQcxE_awCSSR.md,主域名3000份,科技数码,300,https://github.com/51chiguawang319/202609/blob/main/20260927/JQcxE_awCSSR.md,https://raw.githubusercontent.com/51chiguawang319/202609/main/20260927/JQcxE_awCSSR.md
JQMPi_MEUUJs.md,主域名3000份,健康医疗,300,https://github.com/51chiguawang319/202609/blob/main/20260927/JQMPi_MEUUJs.md,https://raw.githubusercontent.com/51chiguawang319/202609/main/20260927/JQMPi_MEUUJs.md
JQrph_tsNzEp.md,主域名3000份,科技数码,300,https://github.com/51chiguawang319/202609/blob/main/20260927/JQrph_tsNzEp.md,https://raw.githubusercontent.com/51chiguawang319/202609/main/20260927/JQrph_tsNzEp.md
jqTlG_qzEvPk.md,泛二级1000份,科技数码,300,https://github.com/51chiguawang319/202609/blob/main/20260927/jqTlG_qzEvPk.md,https://raw.githubusercontent.com/51chiguawang319/202609/main/20260927/jqTlG_qzEvPk.md
jRFxQ_LCPepZ.md,主域名3000份,健康医疗,300,https://github.com/51chiguawang319/202609/blob/main/20260927/jRFxQ_LCPepZ.md,https://raw.githubusercontent.com/51chiguawang319/202609/main/20260927/jRFxQ_LCPepZ.md
jrSkj_KfnMyD.md,泛二级1000份,健康医疗,300,https://github.com/51chiguawang319/202609/blob/main/20260927/jrSkj_KfnMyD.md,https://raw.githubusercontent.com/51chiguawang319/202609/main/20260927/jrSkj_KfnMyD.md
jrSUW_bTxxsa.md,主域名3000份,健康医疗,300,https://github.com/51chiguawang319/202609/blob/main/20260927/jrSUW_bTxxsa.md,https://raw.githubusercontent.com/51chiguawang319/202609/main/20260927/jrSUW_bTxxsa.md
Jrxxw_xDDPpx.md,主域名3000份,文化娱乐,300,https://github.com/51chiguawang319/202609/blob/main/20260927/Jrxxw_xDDPpx.md,https://raw.githubusercontent.com/51chiguawang319/202609/main/20260927/Jrxxw_xDDPpx.md
jSCkV_ayUrdz.md,泛二级1000份,体育赛事,300,https://github.com/51chiguawang319/202609/blob/main/20260927/jSCkV_ayUrdz.md,https://raw.githubusercontent.com/51chiguawang319/202609/main/20260927/jSCkV_ayUrdz.md
JsGtV_JstvEq.md,主域名3000份,财经商业,300,https://github.com/51chiguawang319/202609/blob/main/20260927/JsGtV_JstvEq.md,https://raw.githubusercontent.com/51chiguawang319/202609/main/20260927/JsGtV_JstvEq.md
JsJEe_KrNXYL.md,主域名3000份,财经商业,300,https://github.com/51chiguawang319/202609/blob/main/20260927/JsJEe_KrNXYL.md,https://raw.githubusercontent.com/51chiguawang319/202609/main/20260927/JsJEe_KrNXYL.md
jsOdK_rkVGKM.md,主域名3000份,文化娱乐,300,https://github.com/51chiguawang319/202609/blob/main/20260927/jsOdK_rkVGKM.md,https://raw.githubusercontent.com/51chiguawang319/202609/main/20260927/jsOdK_rkVGKM.md
JspIA_HfvXub.md,主域名3000份,体育赛事,300,https://github.com/51chiguawang319/202609/blob/main/20260927/JspIA_HfvXub.md,https://raw.githubusercontent.com/51chiguawang319/202609/main/20260927/JspIA_HfvXub.md
JSqoX_SPiEUU.md,主域名3000份,体育赛事,300,https://github.com/51chiguawang319/202609/blob/main/20260927/JSqoX_SPiEUU.md,https://raw.githubusercontent.com/51chiguawang319/202609/main/20260927/JSqoX_SPiEUU.md
jstVq_rZsPLh.md,主域名3000份,文化娱乐,300,https://github.com/51chiguawang319/202609/blob/main/20260927/jstVq_rZsPLh.md,https://raw.githubusercontent.com/51chiguawang319/202609/main/20260927/jstVq_rZsPLh.md
JtAUM_gRKYyi.md,泛二级1000份,科技数码,300,https://github.com/51chiguawang319/202609/blob/main/20260927/JtAUM_gRKYyi.md,https://raw.githubusercontent.com/51chiguawang319/202609/main/20260927/JtAUM_gRKYyi.md
jtAVL_MzXbjU.md,泛二级1000份,文化娱乐,300,https://github.com/51chiguawang319/202609/blob/main/20260927/jtAVL_MzXbjU.md,https://raw.githubusercontent.com/51chiguawang319/202609/main/20260927/jtAVL_MzXbjU.md
jTBQS_rfFztW.md,主域名3000份,财经商业,300,https://github.com/51chiguawang319/202609/blob/main/20260927/jTBQS_rfFztW.md,https://raw.githubusercontent.com/51chiguawang319/202609/main/20260927/jTBQS_rfFztW.md
Jtdgr_AjsqFe.md,泛二级1000份,财经商业,300,https://github.com/51chiguawang319/202609/blob/main/20260927/Jtdgr_AjsqFe.md,https://raw.githubusercontent.com/51chiguawang319/202609/main/20260927/Jtdgr_AjsqFe.md
jtDUx_ZpDAAR.md,泛二级1000份,健康医疗,300,https://github.com/51chiguawang319/202609/blob/main/20260927/jtDUx_ZpDAAR.md,https://raw.githubusercontent.com/51chiguawang319/202609/main/20260927/jtDUx_ZpDAAR.md
jTeUx_cpItCw.md,主域名3000份,财经商业,300,https://github.com/51chiguawang319/202609/blob/main/20260927/jTeUx_cpItCw.md,https://raw.githubusercontent.com/51chiguawang319/202609/main/20260927/jTeUx_cpItCw.md
JtGDj_QhSWpk.md,泛二级1000份,天气环境,300,https://github.com/51chiguawang319/202609/blob/main/20260927/JtGDj_QhSWpk.md,https://raw.githubusercontent.com/51chiguawang319/202609/main/20260927/JtGDj_QhSWpk.md
Jtirg_YEYdWq.md,泛二级1000份,科技数码,300,https://github.com/51chiguawang319/202609/blob/main/20260927/Jtirg_YEYdWq.md,https://raw.githubusercontent.com/51chiguawang319/202609/main/20260927/Jtirg_YEYdWq.md
JTjIJ_LggZhm.md,泛二级1000份,体育赛事,300,https://github.com/51chiguawang319/202609/blob/main/20260927/JTjIJ_LggZhm.md,https://raw.githubusercontent.com/51chiguawang319/202609/main/20260927/JTjIJ_LggZhm.md
jTopo_xufPJL.md,主域名3000份,体育赛事,300,https://github.com/51chiguawang319/202609/blob/main/20260927/jTopo_xufPJL.md,https://raw.githubusercontent.com/51chiguawang319/202609/main/20260927/jTopo_xufPJL.md
JTrzK_zeNtCE.md,主域名3000份,文化娱乐,300,https://github.com/51chiguawang319/202609/blob/main/20260927/JTrzK_zeNtCE.md,https://raw.githubusercontent.com/51chiguawang319/202609/main/20260927/JTrzK_zeNtCE.md
jtTYO_WZSfxq.md,主域名3000份,科技数码,300,https://github.com/51chiguawang319/202609/blob/main/20260927/jtTYO_WZSfxq.md,https://raw.githubusercontent.com/51chiguawang319/202609/main/20260927/jtTYO_WZSfxq.md
JtVHz_dCaYvk.md,主域名3000份,财经商业,300,https://github.com/51chiguawang319/202609/blob/main/20260927/JtVHz_dCaYvk.md,https://raw.githubusercontent.com/51chiguawang319/202609/main/20260927/JtVHz_dCaYvk.md
jTYwr_NkpSjz.md,泛二级1000份,科技数码,300,https://github.com/51chiguawang319/202609/blob/main/20260927/jTYwr_NkpSjz.md,https://raw.githubusercontent.com/51chiguawang319/202609/main/20260927/jTYwr_NkpSjz.md
jUKZj_VOrAHh.md,主域名3000份,财经商业,300,https://github.com/51chiguawang319/202609/blob/main/20260927/jUKZj_VOrAHh.md,https://raw.githubusercontent.com/51chiguawang319/202609/main/20260927/jUKZj_VOrAHh.md
JUOgf_FEYeJM.md,主域名3000份,天气环境,300,https://github.com/51chiguawang319/202609/blob/main/20260927/JUOgf_FEYeJM.md,https://raw.githubusercontent.com/51chiguawang319/202609/main/20260927/JUOgf_FEYeJM.md
JuoZV_rwwiiF.md,主域名3000份,体育赛事,300,https://github.com/51chiguawang319/202609/blob/main/20260927/JuoZV_rwwiiF.md,https://raw.githubusercontent.com/51chiguawang319/202609/main/20260927/JuoZV_rwwiiF.md
jUPxs_kObIMO.md,主域名3000份,天气环境,300,https://github.com/51chiguawang319/202609/blob/main/20260927/jUPxs_kObIMO.md,https://raw.githubusercontent.com/51chiguawang319/202609/main/20260927/jUPxs_kObIMO.md
JuuKZ_xqhSsq.md,主域名3000份,科技数码,300,https://github.com/51chiguawang319/202609/blob/main/20260927/JuuKZ_xqhSsq.md,https://raw.githubusercontent.com/51chiguawang319/202609/main/20260927/JuuKZ_xqhSsq.md
JVDtd_gLMMip.md,主域名3000份,天气环境,300,https://github.com/51chiguawang319/202609/blob/main/20260927/JVDtd_gLMMip.md,https://raw.githubusercontent.com/51chiguawang319/202609/main/20260927/JVDtd_gLMMip.md
Jvgya_YCKpNs.md,泛二级1000份,健康医疗,300,https://github.com/51chiguawang319/202609/blob/main/20260927/Jvgya_YCKpNs.md,https://raw.githubusercontent.com/51chiguawang319/202609/main/20260927/Jvgya_YCKpNs.md
JVvxo_zIgoes.md,主域名3000份,科技数码,300,https://github.com/51chiguawang319/202609/blob/main/20260927/JVvxo_zIgoes.md,https://raw.githubusercontent.com/51chiguawang319/202609/main/20260927/JVvxo_zIgoes.md
jvwJj_VOncVf.md,主域名3000份,文化娱乐,300,https://github.com/51chiguawang319/202609/blob/main/20260927/jvwJj_VOncVf.md,https://raw.githubusercontent.com/51chiguawang319/202609/main/20260927/jvwJj_VOncVf.md
JWOmo_jrTqWW.md,主域名3000份,科技数码,300,https://github.com/51chiguawang319/202609/blob/main/20260927/JWOmo_jrTqWW.md,https://raw.githubusercontent.com/51chiguawang319/202609/main/20260927/JWOmo_jrTqWW.md
jwSjF_VcBjyL.md,主域名3000份,体育赛事,300,https://github.com/51chiguawang319/202609/blob/main/20260927/jwSjF_VcBjyL.md,https://raw.githubusercontent.com/51chiguawang319/202609/main/20260927/jwSjF_VcBjyL.md
jXdWh_oAKeks.md,主域名3000份,体育赛事,300,https://github.com/51chiguawang319/202609/blob/main/20260927/jXdWh_oAKeks.md,https://raw.githubusercontent.com/51chiguawang319/202609/main/20260927/jXdWh_oAKeks.md
jXFMt_BAviMV.md,主域名3000份,体育赛事,300,https://github.com/51chiguawang319/202609/blob/main/20260927/jXFMt_BAviMV.md,https://raw.githubusercontent.com/51chiguawang319/202609/main/20260927/jXFMt_BAviMV.md
JxKAg_YUyhDC.md,泛二级1000份,健康医疗,300,https://github.com/51chiguawang319/202609/blob/main/20260927/JxKAg_YUyhDC.md,https://raw.githubusercontent.com/51chiguawang319/202609/main/20260927/JxKAg_YUyhDC.md
JXoqc_IbIhSK.md,泛二级1000份,科技数码,300,https://github.com/51chiguawang319/202609/blob/main/20260927/JXoqc_IbIhSK.md,https://raw.githubusercontent.com/51chiguawang319/202609/main/20260927/JXoqc_IbIhSK.md
jxOZn_ZRItAs.md,主域名3000份,科技数码,300,https://github.com/51chiguawang319/202609/blob/main/20260927/jxOZn_ZRItAs.md,https://raw.githubusercontent.com/51chiguawang319/202609/main/20260927/jxOZn_ZRItAs.md
jxWDW_OuujjD.md,主域名3000份,天气环境,300,https://github.com/51chiguawang319/202609/blob/main/20260927/jxWDW_OuujjD.md,https://raw.githubusercontent.com/51chiguawang319/202609/main/20260927/jxWDW_OuujjD.md
JxXlw_cMFSCW.md,主域名3000份,体育赛事,300,https://github.com/51chiguawang319/202609/blob/main/20260927/JxXlw_cMFSCW.md,https://raw.githubusercontent.com/51chiguawang319/202609/main/20260927/JxXlw_cMFSCW.md
jxYvZ_xcrYLu.md,泛二级1000份,科技数码,300,https://github.com/51chiguawang319/202609/blob/main/20260927/jxYvZ_xcrYLu.md,https://raw.githubusercontent.com/51chiguawang319/202609/main/20260927/jxYvZ_xcrYLu.md
JyaoI_qjoeJm.md,主域名3000份,财经商业,300,https://github.com/51chiguawang319/202609/blob/main/20260927/JyaoI_qjoeJm.md,https://raw.githubusercontent.com/51chiguawang319/202609/main/20260927/JyaoI_qjoeJm.md
JYmDv_wvQuXW.md,主域名3000份,健康医疗,300,https://github.com/51chiguawang319/202609/blob/main/20260927/JYmDv_wvQuXW.md,https://raw.githubusercontent.com/51chiguawang319/202609/main/20260927/JYmDv_wvQuXW.md
JYoHT_jZuYNl.md,主域名3000份,天气环境,300,https://github.com/51chiguawang319/202609/blob/main/20260927/JYoHT_jZuYNl.md,https://raw.githubusercontent.com/51chiguawang319/202609/main/20260927/JYoHT_jZuYNl.md
JyQef_glACaK.md,主域名3000份,文化娱乐,300,https://github.com/51chiguawang319/202609/blob/main/20260927/JyQef_glACaK.md,https://raw.githubusercontent.com/51chiguawang319/202609/main/20260927/JyQef_glACaK.md
JyUay_hLaGyR.md,主域名3000份,财经商业,300,https://github.com/51chiguawang319/202609/blob/main/20260927/JyUay_hLaGyR.md,https://raw.githubusercontent.com/51chiguawang319/202609/main/20260927/JyUay_hLaGyR.md
JyXaS_iqOtsZ.md,泛二级1000份,财经商业,300,https://github.com/51chiguawang319/202609/blob/main/20260927/JyXaS_iqOtsZ.md,https://raw.githubusercontent.com/51chiguawang319/202609/main/20260927/JyXaS_iqOtsZ.md
JYYom_tOJmvq.md,主域名3000份,健康医疗,300,https://github.com/51chiguawang319/202609/blob/main/20260927/JYYom_tOJmvq.md,https://raw.githubusercontent.com/51chiguawang319/202609/main/20260927/JYYom_tOJmvq.md
jyYYm_WgAFcp.md,主域名3000份,科技数码,300,https://github.com/51chiguawang319/202609/blob/main/20260927/jyYYm_WgAFcp.md,https://raw.githubusercontent.com/51chiguawang319/202609/main/20260927/jyYYm_WgAFcp.md
JZEhO_uUvAJF.md,主域名3000份,健康医疗,300,https://github.com/51chiguawang319/202609/blob/main/20260927/JZEhO_uUvAJF.md,https://raw.githubusercontent.com/51chiguawang319/202609/main/20260927/JZEhO_uUvAJF.md
jzFxv_LQoVDC.md,主域名3000份,健康医疗,300,https://github.com/51chiguawang319/202609/blob/main/20260927/jzFxv_LQoVDC.md,https://raw.githubusercontent.com/51chiguawang319/202609/main/20260927/jzFxv_LQoVDC.md
JZGoI_eBffze.md,泛二级1000份,文化娱乐,300,https://github.com/51chiguawang319/202609/blob/main/20260927/JZGoI_eBffze.md,https://raw.githubusercontent.com/51chiguawang319/202609/main/20260927/JZGoI_eBffze.md
jzjPJ_MnEEez.md,主域名3000份,文化娱乐,300,https://github.com/51chiguawang319/202609/blob/main/20260927/jzjPJ_MnEEez.md,https://raw.githubusercontent.com/51chiguawang319/202609/main/20260927/jzjPJ_MnEEez.md
JzNEz_xmrWIC.md,主域名3000份,科技数码,300,https://github.com/51chiguawang319/202609/blob/main/20260927/JzNEz_xmrWIC.md,https://raw.githubusercontent.com/51chiguawang319/202609/main/20260927/JzNEz_xmrWIC.md
JZsMW_oRJHwP.md,主域名3000份,科技数码,300,https://github.com/51chiguawang319/202609/blob/main/20260927/JZsMW_oRJHwP.md,https://raw.githubusercontent.com/51chiguawang319/202609/main/20260927/JZsMW_oRJHwP.md
jZVMl_JYKSjX.md,主域名3000份,健康医疗,300,https://github.com/51chiguawang319/202609/blob/main/20260927/jZVMl_JYKSjX.md,https://raw.githubusercontent.com/51chiguawang319/202609/main/20260927/jZVMl_JYKSjX.md
JZWpf_ShxvUL.md,主域名3000份,财经商业,300,https://github.com/51chiguawang319/202609/blob/main/20260927/JZWpf_ShxvUL.md,https://raw.githubusercontent.com/51chiguawang319/202609/main/20260927/JZWpf_ShxvUL.md
JZyHT_lUkjVT.md,主域名3000份,健康医疗,300,https://github.com/51chiguawang319/202609/blob/main/20260927/JZyHT_lUkjVT.md,https://raw.githubusercontent.com/51chiguawang319/202609/main/20260927/JZyHT_lUkjVT.md
jzZRW_vKADSJ.md,主域名3000份,健康医疗,300,https://github.com/51chiguawang319/202609/blob/main/20260927/jzZRW_vKADSJ.md,https://raw.githubusercontent.com/51chiguawang319/202609/main/20260927/jzZRW_vKADSJ.md
KAcUA_wJYWRS.md,主域名3000份,文化娱乐,300,https://github.com/51chiguawang319/202609/blob/main/20260927/KAcUA_wJYWRS.md,https://raw.githubusercontent.com/51chiguawang319/202609/main/20260927/KAcUA_wJYWRS.md
Kagal_CkDaGJ.md,主域名3000份,天气环境,300,https://github.com/51chiguawang319/202609/blob/main/20260927/Kagal_CkDaGJ.md,https://raw.githubusercontent.com/51chiguawang319/202609/main/20260927/Kagal_CkDaGJ.md
kAsFb_bcVwHc.md,主域名3000份,体育赛事,300,https://github.com/51chiguawang319/202609/blob/main/20260927/kAsFb_bcVwHc.md,https://raw.githubusercontent.com/51chiguawang319/202609/main/20260927/kAsFb_bcVwHc.md
Kavkb_ICaXqq.md,主域名3000份,文化娱乐,300,https://github.com/51chiguawang319/202609/blob/main/20260927/Kavkb_ICaXqq.md,https://raw.githubusercontent.com/51chiguawang319/202609/main/20260927/Kavkb_ICaXqq.md
kaweU_NZMiZu.md,主域名3000份,健康医疗,300,https://github.com/51chiguawang319/202609/blob/main/20260927/kaweU_NZMiZu.md,https://raw.githubusercontent.com/51chiguawang319/202609/main/20260927/kaweU_NZMiZu.md
KbaAx_tBnkOF.md,主域名3000份,健康医疗,300,https://github.com/51chiguawang319/202609/blob/main/20260927/KbaAx_tBnkOF.md,https://raw.githubusercontent.com/51chiguawang319/202609/main/20260927/KbaAx_tBnkOF.md
kBJWE_PfLaAw.md,主域名3000份,文化娱乐,300,https://github.com/51chiguawang319/202609/blob/main/20260927/kBJWE_PfLaAw.md,https://raw.githubusercontent.com/51chiguawang319/202609/main/20260927/kBJWE_PfLaAw.md
kbsIk_OsjCNa.md,主域名3000份,科技数码,300,https://github.com/51chiguawang319/202609/blob/main/20260927/kbsIk_OsjCNa.md,https://raw.githubusercontent.com/51chiguawang319/202609/main/20260927/kbsIk_OsjCNa.md
kBtoV_AeYWOw.md,主域名3000份,体育赛事,300,https://github.com/51chiguawang319/202609/blob/main/20260927/kBtoV_AeYWOw.md,https://raw.githubusercontent.com/51chiguawang319/202609/main/20260927/kBtoV_AeYWOw.md
kByxr_PgVtjA.md,主域名3000份,健康医疗,300,https://github.com/51chiguawang319/202609/blob/main/20260927/kByxr_PgVtjA.md,https://raw.githubusercontent.com/51chiguawang319/202609/main/20260927/kByxr_PgVtjA.md
kCMmd_SoUrXK.md,主域名3000份,文化娱乐,300,https://github.com/51chiguawang319/202609/blob/main/20260927/kCMmd_SoUrXK.md,https://raw.githubusercontent.com/51chiguawang319/202609/main/20260927/kCMmd_SoUrXK.md
kcsZZ_WvHRlQ.md,主域名3000份,天气环境,300,https://github.com/51chiguawang319/202609/blob/main/20260927/kcsZZ_WvHRlQ.md,https://raw.githubusercontent.com/51chiguawang319/202609/main/20260927/kcsZZ_WvHRlQ.md
kcTnM_QIePHX.md,泛二级1000份,健康医疗,300,https://github.com/51chiguawang319/202609/blob/main/20260927/kcTnM_QIePHX.md,https://raw.githubusercontent.com/51chiguawang319/202609/main/20260927/kcTnM_QIePHX.md
KCvJg_TztLtL.md,主域名3000份,体育赛事,300,https://github.com/51chiguawang319/202609/blob/main/20260927/KCvJg_TztLtL.md,https://raw.githubusercontent.com/51chiguawang319/202609/main/20260927/KCvJg_TztLtL.md
KCXAn_PhkAJf.md,泛二级1000份,体育赛事,300,https://github.com/51chiguawang319/202609/blob/main/20260927/KCXAn_PhkAJf.md,https://raw.githubusercontent.com/51chiguawang319/202609/main/20260927/KCXAn_PhkAJf.md
kcyUu_lScvyD.md,主域名3000份,财经商业,300,https://github.com/51chiguawang319/202609/blob/main/20260927/kcyUu_lScvyD.md,https://raw.githubusercontent.com/51chiguawang319/202609/main/20260927/kcyUu_lScvyD.md
KCzKj_pwJEPx.md,主域名3000份,文化娱乐,300,https://github.com/51chiguawang319/202609/blob/main/20260927/KCzKj_pwJEPx.md,https://raw.githubusercontent.com/51chiguawang319/202609/main/20260927/KCzKj_pwJEPx.md
KdBIo_dTRgFe.md,泛二级1000份,财经商业,300,https://github.com/51chiguawang319/202609/blob/main/20260927/KdBIo_dTRgFe.md,https://raw.githubusercontent.com/51chiguawang319/202609/main/20260927/KdBIo_dTRgFe.md
KDFzn_UmPOKi.md,主域名3000份,科技数码,300,https://github.com/51chiguawang319/202609/blob/main/20260927/KDFzn_UmPOKi.md,https://raw.githubusercontent.com/51chiguawang319/202609/main/20260927/KDFzn_UmPOKi.md
kDJMQ_XTDduH.md,泛二级1000份,健康医疗,300,https://github.com/51chiguawang319/202609/blob/main/20260927/kDJMQ_XTDduH.md,https://raw.githubusercontent.com/51chiguawang319/202609/main/20260927/kDJMQ_XTDduH.md
KdrFq_qMBzNL.md,主域名3000份,天气环境,300,https://github.com/51chiguawang319/202609/blob/main/20260927/KdrFq_qMBzNL.md,https://raw.githubusercontent.com/51chiguawang319/202609/main/20260927/KdrFq_qMBzNL.md
KDVbb_trGLjm.md,主域名3000份,体育赛事,300,https://github.com/51chiguawang319/202609/blob/main/20260927/KDVbb_trGLjm.md,https://raw.githubusercontent.com/51chiguawang319/202609/main/20260927/KDVbb_trGLjm.md
kDYLK_RaNrqP.md,泛二级1000份,财经商业,300,https://github.com/51chiguawang319/202609/blob/main/20260927/kDYLK_RaNrqP.md,https://raw.githubusercontent.com/51chiguawang319/202609/main/20260927/kDYLK_RaNrqP.md
kdYoN_pWUCyn.md,主域名3000份,科技数码,300,https://github.com/51chiguawang319/202609/blob/main/20260927/kdYoN_pWUCyn.md,https://raw.githubusercontent.com/51chiguawang319/202609/main/20260927/kdYoN_pWUCyn.md
kEPnI_HAOCul.md,泛二级1000份,财经商业,300,https://github.com/51chiguawang319/202609/blob/main/20260927/kEPnI_HAOCul.md,https://raw.githubusercontent.com/51chiguawang319/202609/main/20260927/kEPnI_HAOCul.md
KEvHU_FHeZYI.md,主域名3000份,体育赛事,300,https://github.com/51chiguawang319/202609/blob/main/20260927/KEvHU_FHeZYI.md,https://raw.githubusercontent.com/51chiguawang319/202609/main/20260927/KEvHU_FHeZYI.md
kFAUL_qXWeuR.md,泛二级1000份,科技数码,300,https://github.com/51chiguawang319/202609/blob/main/20260927/kFAUL_qXWeuR.md,https://raw.githubusercontent.com/51chiguawang319/202609/main/20260927/kFAUL_qXWeuR.md
kfciJ_ztZeEn.md,主域名3000份,健康医疗,300,https://github.com/51chiguawang319/202609/blob/main/20260927/kfciJ_ztZeEn.md,https://raw.githubusercontent.com/51chiguawang319/202609/main/20260927/kfciJ_ztZeEn.md
kfedM_HFvDKY.md,主域名3000份,天气环境,300,https://github.com/51chiguawang319/202609/blob/main/20260927/kfedM_HFvDKY.md,https://raw.githubusercontent.com/51chiguawang319/202609/main/20260927/kfedM_HFvDKY.md
kFiSm_ZOnOtU.md,主域名3000份,财经商业,300,https://github.com/51chiguawang319/202609/blob/main/20260927/kFiSm_ZOnOtU.md,https://raw.githubusercontent.com/51chiguawang319/202609/main/20260927/kFiSm_ZOnOtU.md
KfPcm_POtHZz.md,主域名3000份,科技数码,300,https://github.com/51chiguawang319/202609/blob/main/20260927/KfPcm_POtHZz.md,https://raw.githubusercontent.com/51chiguawang319/202609/main/20260927/KfPcm_POtHZz.md
KfpWd_hpfUzz.md,主域名3000份,健康医疗,300,https://github.com/51chiguawang319/202609/blob/main/20260927/KfpWd_hpfUzz.md,https://raw.githubusercontent.com/51chiguawang319/202609/main/20260927/KfpWd_hpfUzz.md
Kfrxa_CvSNef.md,主域名3000份,天气环境,300,https://github.com/51chiguawang319/202609/blob/main/20260927/Kfrxa_CvSNef.md,https://raw.githubusercontent.com/51chiguawang319/202609/main/20260927/Kfrxa_CvSNef.md
kfVDv_RWaZBR.md,主域名3000份,体育赛事,300,https://github.com/51chiguawang319/202609/blob/main/20260927/kfVDv_RWaZBR.md,https://raw.githubusercontent.com/51chiguawang319/202609/main/20260927/kfVDv_RWaZBR.md
kgFpR_JVkxYo.md,主域名3000份,文化娱乐,300,https://github.com/51chiguawang319/202609/blob/main/20260927/kgFpR_JVkxYo.md,https://raw.githubusercontent.com/51chiguawang319/202609/main/20260927/kgFpR_JVkxYo.md
KghgW_pOnhPH.md,泛二级1000份,科技数码,300,https://github.com/51chiguawang319/202609/blob/main/20260927/KghgW_pOnhPH.md,https://raw.githubusercontent.com/51chiguawang319/202609/main/20260927/KghgW_pOnhPH.md
KGOnB_LwdREO.md,主域名3000份,科技数码,300,https://github.com/51chiguawang319/202609/blob/main/20260927/KGOnB_LwdREO.md,https://raw.githubusercontent.com/51chiguawang319/202609/main/20260927/KGOnB_LwdREO.md
kGVwG_eCbnTe.md,主域名3000份,体育赛事,300,https://github.com/51chiguawang319/202609/blob/main/20260927/kGVwG_eCbnTe.md,https://raw.githubusercontent.com/51chiguawang319/202609/main/20260927/kGVwG_eCbnTe.md
kGZUI_EDgTMS.md,主域名3000份,科技数码,300,https://github.com/51chiguawang319/202609/blob/main/20260927/kGZUI_EDgTMS.md,https://raw.githubusercontent.com/51chiguawang319/202609/main/20260927/kGZUI_EDgTMS.md
kHdBO_WjeFeF.md,主域名3000份,财经商业,300,https://github.com/51chiguawang319/202609/blob/main/20260927/kHdBO_WjeFeF.md,https://raw.githubusercontent.com/51chiguawang319/202609/main/20260927/kHdBO_WjeFeF.md
kHEpS_LrpmLA.md,主域名3000份,财经商业,300,https://github.com/51chiguawang319/202609/blob/main/20260927/kHEpS_LrpmLA.md,https://raw.githubusercontent.com/51chiguawang319/202609/main/20260927/kHEpS_LrpmLA.md
kHQUe_JVZAps.md,主域名3000份,文化娱乐,300,https://github.com/51chiguawang319/202609/blob/main/20260927/kHQUe_JVZAps.md,https://raw.githubusercontent.com/51chiguawang319/202609/main/20260927/kHQUe_JVZAps.md
KhTIv_oZyUQp.md,主域名3000份,科技数码,300,https://github.com/51chiguawang319/202609/blob/main/20260927/KhTIv_oZyUQp.md,https://raw.githubusercontent.com/51chiguawang319/202609/main/20260927/KhTIv_oZyUQp.md
khULT_rmULwZ.md,主域名3000份,健康医疗,300,https://github.com/51chiguawang319/202609/blob/main/20260927/khULT_rmULwZ.md,https://raw.githubusercontent.com/51chiguawang319/202609/main/20260927/khULT_rmULwZ.md
KHuTv_gYrrjj.md,主域名3000份,财经商业,300,https://github.com/51chiguawang319/202609/blob/main/20260927/KHuTv_gYrrjj.md,https://raw.githubusercontent.com/51chiguawang319/202609/main/20260927/KHuTv_gYrrjj.md
khWgs_fBsyCR.md,泛二级1000份,文化娱乐,300,https://github.com/51chiguawang319/202609/blob/main/20260927/khWgs_fBsyCR.md,https://raw.githubusercontent.com/51chiguawang319/202609/main/20260927/khWgs_fBsyCR.md
kIaxx_zqEtYZ.md,主域名3000份,体育赛事,300,https://github.com/51chiguawang319/202609/blob/main/20260927/kIaxx_zqEtYZ.md,https://raw.githubusercontent.com/51chiguawang319/202609/main/20260927/kIaxx_zqEtYZ.md
kicEI_EmZSGa.md,主域名3000份,体育赛事,300,https://github.com/51chiguawang319/202609/blob/main/20260927/kicEI_EmZSGa.md,https://raw.githubusercontent.com/51chiguawang319/202609/main/20260927/kicEI_EmZSGa.md
kIHrH_uWpipH.md,主域名3000份,科技数码,300,https://github.com/51chiguawang319/202609/blob/main/20260927/kIHrH_uWpipH.md,https://raw.githubusercontent.com/51chiguawang319/202609/main/20260927/kIHrH_uWpipH.md
KItGO_ahOJGZ.md,主域名3000份,健康医疗,300,https://github.com/51chiguawang319/202609/blob/main/20260927/KItGO_ahOJGZ.md,https://raw.githubusercontent.com/51chiguawang319/202609/main/20260927/KItGO_ahOJGZ.md
kivRN_OmPiRk.md,主域名3000份,体育赛事,300,https://github.com/51chiguawang319/202609/blob/main/20260927/kivRN_OmPiRk.md,https://raw.githubusercontent.com/51chiguawang319/202609/main/20260927/kivRN_OmPiRk.md
kiXvB_UmVchW.md,主域名3000份,文化娱乐,300,https://github.com/51chiguawang319/202609/blob/main/20260927/kiXvB_UmVchW.md,https://raw.githubusercontent.com/51chiguawang319/202609/main/20260927/kiXvB_UmVchW.md
KjcOh_rncRAe.md,主域名3000份,健康医疗,300,https://github.com/51chiguawang319/202609/blob/main/20260927/KjcOh_rncRAe.md,https://raw.githubusercontent.com/51chiguawang319/202609/main/20260927/KjcOh_rncRAe.md
kJgGF_UJsRKs.md,主域名3000份,科技数码,300,https://github.com/51chiguawang319/202609/blob/main/20260927/kJgGF_UJsRKs.md,https://raw.githubusercontent.com/51chiguawang319/202609/main/20260927/kJgGF_UJsRKs.md
KjGmx_xQuAUP.md,主域名3000份,财经商业,300,https://github.com/51chiguawang319/202609/blob/main/20260927/KjGmx_xQuAUP.md,https://raw.githubusercontent.com/51chiguawang319/202609/main/20260927/KjGmx_xQuAUP.md
KJHLk_uGCMtu.md,泛二级1000份,健康医疗,300,https://github.com/51chiguawang319/202609/blob/main/20260927/KJHLk_uGCMtu.md,https://raw.githubusercontent.com/51chiguawang319/202609/main/20260927/KJHLk_uGCMtu.md
KJjdQ_ygVUVp.md,主域名3000份,文化娱乐,300,https://github.com/51chiguawang319/202609/blob/main/20260927/KJjdQ_ygVUVp.md,https://raw.githubusercontent.com/51chiguawang319/202609/main/20260927/KJjdQ_ygVUVp.md
KjleU_IZUkly.md,主域名3000份,科技数码,300,https://github.com/51chiguawang319/202609/blob/main/20260927/KjleU_IZUkly.md,https://raw.githubusercontent.com/51chiguawang319/202609/main/20260927/KjleU_IZUkly.md
kjOVG_zZdujE.md,主域名3000份,文化娱乐,300,https://github.com/51chiguawang319/202609/blob/main/20260927/kjOVG_zZdujE.md,https://raw.githubusercontent.com/51chiguawang319/202609/main/20260927/kjOVG_zZdujE.md
Kjxgm_LaDGbF.md,主域名3000份,文化娱乐,300,https://github.com/51chiguawang319/202609/blob/main/20260927/Kjxgm_LaDGbF.md,https://raw.githubusercontent.com/51chiguawang319/202609/main/20260927/Kjxgm_LaDGbF.md
KJzfO_OspcuK.md,主域名3000份,文化娱乐,300,https://github.com/51chiguawang319/202609/blob/main/20260927/KJzfO_OspcuK.md,https://raw.githubusercontent.com/51chiguawang319/202609/main/20260927/KJzfO_OspcuK.md
kKCfq_jKYrRq.md,主域名3000份,财经商业,300,https://github.com/51chiguawang319/202609/blob/main/20260927/kKCfq_jKYrRq.md,https://raw.githubusercontent.com/51chiguawang319/202609/main/20260927/kKCfq_jKYrRq.md
kkEEv_fZtVqC.md,主域名3000份,文化娱乐,300,https://github.com/51chiguawang319/202609/blob/main/20260927/kkEEv_fZtVqC.md,https://raw.githubusercontent.com/51chiguawang319/202609/main/20260927/kkEEv_fZtVqC.md
KKHhJ_lHSwfy.md,泛二级1000份,体育赛事,300,https://github.com/51chiguawang319/202609/blob/main/20260927/KKHhJ_lHSwfy.md,https://raw.githubusercontent.com/51chiguawang319/202609/main/20260927/KKHhJ_lHSwfy.md
KKHxo_jewFzR.md,主域名3000份,科技数码,300,https://github.com/51chiguawang319/202609/blob/main/20260927/KKHxo_jewFzR.md,https://raw.githubusercontent.com/51chiguawang319/202609/main/20260927/KKHxo_jewFzR.md
kKNjv_MBaakS.md,主域名3000份,文化娱乐,300,https://github.com/51chiguawang319/202609/blob/main/20260927/kKNjv_MBaakS.md,https://raw.githubusercontent.com/51chiguawang319/202609/main/20260927/kKNjv_MBaakS.md
kKwvr_LyqNFj.md,泛二级1000份,文化娱乐,300,https://github.com/51chiguawang319/202609/blob/main/20260927/kKwvr_LyqNFj.md,https://raw.githubusercontent.com/51chiguawang319/202609/main/20260927/kKwvr_LyqNFj.md
kKyaw_YzAHYo.md,主域名3000份,财经商业,300,https://github.com/51chiguawang319/202609/blob/main/20260927/kKyaw_YzAHYo.md,https://raw.githubusercontent.com/51chiguawang319/202609/main/20260927/kKyaw_YzAHYo.md
KLbzh_DGkJsx.md,主域名3000份,体育赛事,300,https://github.com/51chiguawang319/202609/blob/main/20260927/KLbzh_DGkJsx.md,https://raw.githubusercontent.com/51chiguawang319/202609/main/20260927/KLbzh_DGkJsx.md
kLhki_RoGFhD.md,泛二级1000份,健康医疗,300,https://github.com/51chiguawang319/202609/blob/main/20260927/kLhki_RoGFhD.md,https://raw.githubusercontent.com/51chiguawang319/202609/main/20260927/kLhki_RoGFhD.md
kLPNI_rlHyzS.md,主域名3000份,财经商业,300,https://github.com/51chiguawang319/202609/blob/main/20260927/kLPNI_rlHyzS.md,https://raw.githubusercontent.com/51chiguawang319/202609/main/20260927/kLPNI_rlHyzS.md
kLqpH_elquKv.md,主域名3000份,财经商业,300,https://github.com/51chiguawang319/202609/blob/main/20260927/kLqpH_elquKv.md,https://raw.githubusercontent.com/51chiguawang319/202609/main/20260927/kLqpH_elquKv.md
klRyN_NWiROK.md,主域名3000份,健康医疗,300,https://github.com/51chiguawang319/202609/blob/main/20260927/klRyN_NWiROK.md,https://raw.githubusercontent.com/51chiguawang319/202609/main/20260927/klRyN_NWiROK.md
kltUG_bWsHPR.md,泛二级1000份,财经商业,300,https://github.com/51chiguawang319/202609/blob/main/20260927/kltUG_bWsHPR.md,https://raw.githubusercontent.com/51chiguawang319/202609/main/20260927/kltUG_bWsHPR.md
klXzq_CCwmAi.md,主域名3000份,文化娱乐,300,https://github.com/51chiguawang319/202609/blob/main/20260927/klXzq_CCwmAi.md,https://raw.githubusercontent.com/51chiguawang319/202609/main/20260927/klXzq_CCwmAi.md
KmByw_VTjDbH.md,主域名3000份,财经商业,300,https://github.com/51chiguawang319/202609/blob/main/20260927/KmByw_VTjDbH.md,https://raw.githubusercontent.com/51chiguawang319/202609/main/20260927/KmByw_VTjDbH.md
kmIIX_rTGFjz.md,泛二级1000份,科技数码,300,https://github.com/51chiguawang319/202609/blob/main/20260927/kmIIX_rTGFjz.md,https://raw.githubusercontent.com/51chiguawang319/202609/main/20260927/kmIIX_rTGFjz.md
kMKze_vOUHNX.md,主域名3000份,文化娱乐,300,https://github.com/51chiguawang319/202609/blob/main/20260927/kMKze_vOUHNX.md,https://raw.githubusercontent.com/51chiguawang319/202609/main/20260927/kMKze_vOUHNX.md
KmlQi_VHouJQ.md,泛二级1000份,健康医疗,300,https://github.com/51chiguawang319/202609/blob/main/20260927/KmlQi_VHouJQ.md,https://raw.githubusercontent.com/51chiguawang319/202609/main/20260927/KmlQi_VHouJQ.md
kMMfX_LFOZfe.md,主域名3000份,天气环境,300,https://github.com/51chiguawang319/202609/blob/main/20260927/kMMfX_LFOZfe.md,https://raw.githubusercontent.com/51chiguawang319/202609/main/20260927/kMMfX_LFOZfe.md
KMQuq_cbFZqK.md,主域名3000份,文化娱乐,300,https://github.com/51chiguawang319/202609/blob/main/20260927/KMQuq_cbFZqK.md,https://raw.githubusercontent.com/51chiguawang319/202609/main/20260927/KMQuq_cbFZqK.md
KmtWo_Xpikor.md,主域名3000份,财经商业,300,https://github.com/51chiguawang319/202609/blob/main/20260927/KmtWo_Xpikor.md,https://raw.githubusercontent.com/51chiguawang319/202609/main/20260927/KmtWo_Xpikor.md
kMubB_BSwlwg.md,泛二级1000份,科技数码,300,https://github.com/51chiguawang319/202609/blob/main/20260927/kMubB_BSwlwg.md,https://raw.githubusercontent.com/51chiguawang319/202609/main/20260927/kMubB_BSwlwg.md
kMXif_YmcmRW.md,主域名3000份,天气环境,300,https://github.com/51chiguawang319/202609/blob/main/20260927/kMXif_YmcmRW.md,https://raw.githubusercontent.com/51chiguawang319/202609/main/20260927/kMXif_YmcmRW.md
KmyBA_lGBKLH.md,主域名3000份,体育赛事,300,https://github.com/51chiguawang319/202609/blob/main/20260927/KmyBA_lGBKLH.md,https://raw.githubusercontent.com/51chiguawang319/202609/main/20260927/KmyBA_lGBKLH.md
KNgBa_QfPelt.md,泛二级1000份,文化娱乐,300,https://github.com/51chiguawang319/202609/blob/main/20260927/KNgBa_QfPelt.md,https://raw.githubusercontent.com/51chiguawang319/202609/main/20260927/KNgBa_QfPelt.md
knIcz_ZvUlbp.md,主域名3000份,健康医疗,300,https://github.com/51chiguawang319/202609/blob/main/20260927/knIcz_ZvUlbp.md,https://raw.githubusercontent.com/51chiguawang319/202609/main/20260927/knIcz_ZvUlbp.md
kNMDI_ICRObV.md,主域名3000份,体育赛事,300,https://github.com/51chiguawang319/202609/blob/main/20260927/kNMDI_ICRObV.md,https://raw.githubusercontent.com/51chiguawang319/202609/main/20260927/kNMDI_ICRObV.md
KnmlN_FLMPyF.md,主域名3000份,财经商业,300,https://github.com/51chiguawang319/202609/blob/main/20260927/KnmlN_FLMPyF.md,https://raw.githubusercontent.com/51chiguawang319/202609/main/20260927/KnmlN_FLMPyF.md
knSuM_EpxBtr.md,主域名3000份,健康医疗,300,https://github.com/51chiguawang319/202609/blob/main/20260927/knSuM_EpxBtr.md,https://raw.githubusercontent.com/51chiguawang319/202609/main/20260927/knSuM_EpxBtr.md
kNXNK_AVBgTy.md,主域名3000份,科技数码,300,https://github.com/51chiguawang319/202609/blob/main/20260927/kNXNK_AVBgTy.md,https://raw.githubusercontent.com/51chiguawang319/202609/main/20260927/kNXNK_AVBgTy.md
KomRn_WFBWOb.md,泛二级1000份,天气环境,300,https://github.com/51chiguawang319/202609/blob/main/20260927/KomRn_WFBWOb.md,https://raw.githubusercontent.com/51chiguawang319/202609/main/20260927/KomRn_WFBWOb.md
kOTDz_KKIPGc.md,泛二级1000份,天气环境,300,https://github.com/51chiguawang319/202609/blob/main/20260927/kOTDz_KKIPGc.md,https://raw.githubusercontent.com/51chiguawang319/202609/main/20260927/kOTDz_KKIPGc.md
kPnhe_oWXGZs.md,主域名3000份,天气环境,300,https://github.com/51chiguawang319/202609/blob/main/20260927/kPnhe_oWXGZs.md,https://raw.githubusercontent.com/51chiguawang319/202609/main/20260927/kPnhe_oWXGZs.md
KpTvX_XBOzsF.md,主域名3000份,科技数码,300,https://github.com/51chiguawang319/202609/blob/main/20260927/KpTvX_XBOzsF.md,https://raw.githubusercontent.com/51chiguawang319/202609/main/20260927/KpTvX_XBOzsF.md
KpVsX_vfOruN.md,主域名3000份,天气环境,300,https://github.com/51chiguawang319/202609/blob/main/20260927/KpVsX_vfOruN.md,https://raw.githubusercontent.com/51chiguawang319/202609/main/20260927/KpVsX_vfOruN.md
kpVZe_EhrMDH.md,泛二级1000份,财经商业,300,https://github.com/51chiguawang319/202609/blob/main/20260927/kpVZe_EhrMDH.md,https://raw.githubusercontent.com/51chiguawang319/202609/main/20260927/kpVZe_EhrMDH.md
kPyGz_vLTvwe.md,主域名3000份,健康医疗,300,https://github.com/51chiguawang319/202609/blob/main/20260927/kPyGz_vLTvwe.md,https://raw.githubusercontent.com/51chiguawang319/202609/main/20260927/kPyGz_vLTvwe.md
kPzyI_zkeWMW.md,主域名3000份,文化娱乐,300,https://github.com/51chiguawang319/202609/blob/main/20260927/kPzyI_zkeWMW.md,https://raw.githubusercontent.com/51chiguawang319/202609/main/20260927/kPzyI_zkeWMW.md
kqRbD_ryrHAD.md,泛二级1000份,健康医疗,300,https://github.com/51chiguawang319/202609/blob/main/20260927/kqRbD_ryrHAD.md,https://raw.githubusercontent.com/51chiguawang319/202609/main/20260927/kqRbD_ryrHAD.md
KqTKS_wrLLSt.md,主域名3000份,科技数码,300,https://github.com/51chiguawang319/202609/blob/main/20260927/KqTKS_wrLLSt.md,https://raw.githubusercontent.com/51chiguawang319/202609/main/20260927/KqTKS_wrLLSt.md
krAmt_MUcWsR.md,泛二级1000份,文化娱乐,300,https://github.com/51chiguawang319/202609/blob/main/20260927/krAmt_MUcWsR.md,https://raw.githubusercontent.com/51chiguawang319/202609/main/20260927/krAmt_MUcWsR.md
kRFHT_SsGjuJ.md,主域名3000份,天气环境,300,https://github.com/51chiguawang319/202609/blob/main/20260927/kRFHT_SsGjuJ.md,https://raw.githubusercontent.com/51chiguawang319/202609/main/20260927/kRFHT_SsGjuJ.md
kRFSx_rRmaKC.md,主域名3000份,健康医疗,300,https://github.com/51chiguawang319/202609/blob/main/20260927/kRFSx_rRmaKC.md,https://raw.githubusercontent.com/51chiguawang319/202609/main/20260927/kRFSx_rRmaKC.md
kRjZx_TqPTAv.md,主域名3000份,天气环境,300,https://github.com/51chiguawang319/202609/blob/main/20260927/kRjZx_TqPTAv.md,https://raw.githubusercontent.com/51chiguawang319/202609/main/20260927/kRjZx_TqPTAv.md
kRLwa_VRbkUM.md,主域名3000份,文化娱乐,300,https://github.com/51chiguawang319/202609/blob/main/20260927/kRLwa_VRbkUM.md,https://raw.githubusercontent.com/51chiguawang319/202609/main/20260927/kRLwa_VRbkUM.md
KrzQy_LdMgbu.md,主域名3000份,体育赛事,300,https://github.com/51chiguawang319/202609/blob/main/20260927/KrzQy_LdMgbu.md,https://raw.githubusercontent.com/51chiguawang319/202609/main/20260927/KrzQy_LdMgbu.md
kRzrJ_ydUXUT.md,泛二级1000份,体育赛事,300,https://github.com/51chiguawang319/202609/blob/main/20260927/kRzrJ_ydUXUT.md,https://raw.githubusercontent.com/51chiguawang319/202609/main/20260927/kRzrJ_ydUXUT.md
ksbgN_uiAufR.md,泛二级1000份,天气环境,300,https://github.com/51chiguawang319/202609/blob/main/20260927/ksbgN_uiAufR.md,https://raw.githubusercontent.com/51chiguawang319/202609/main/20260927/ksbgN_uiAufR.md
KSDiA_GoRaYx.md,主域名3000份,天气环境,300,https://github.com/51chiguawang319/202609/blob/main/20260927/KSDiA_GoRaYx.md,https://raw.githubusercontent.com/51chiguawang319/202609/main/20260927/KSDiA_GoRaYx.md
kSdzT_ArUtZm.md,主域名3000份,财经商业,300,https://github.com/51chiguawang319/202609/blob/main/20260927/kSdzT_ArUtZm.md,https://raw.githubusercontent.com/51chiguawang319/202609/main/20260927/kSdzT_ArUtZm.md
KSgcr_zbZtSn.md,主域名3000份,体育赛事,300,https://github.com/51chiguawang319/202609/blob/main/20260927/KSgcr_zbZtSn.md,https://raw.githubusercontent.com/51chiguawang319/202609/main/20260927/KSgcr_zbZtSn.md
KSmeC_cZQtdT.md,主域名3000份,天气环境,300,https://github.com/51chiguawang319/202609/blob/main/20260927/KSmeC_cZQtdT.md,https://raw.githubusercontent.com/51chiguawang319/202609/main/20260927/KSmeC_cZQtdT.md
ksTVM_XQPnBx.md,主域名3000份,文化娱乐,300,https://github.com/51chiguawang319/202609/blob/main/20260927/ksTVM_XQPnBx.md,https://raw.githubusercontent.com/51chiguawang319/202609/main/20260927/ksTVM_XQPnBx.md
Ksuhb_NzRjMX.md,主域名3000份,体育赛事,300,https://github.com/51chiguawang319/202609/blob/main/20260927/Ksuhb_NzRjMX.md,https://raw.githubusercontent.com/51chiguawang319/202609/main/20260927/Ksuhb_NzRjMX.md
KTfIX_AxkSOG.md,主域名3000份,科技数码,300,https://github.com/51chiguawang319/202609/blob/main/20260927/KTfIX_AxkSOG.md,https://raw.githubusercontent.com/51chiguawang319/202609/main/20260927/KTfIX_AxkSOG.md
KTFqP_ziqScd.md,主域名3000份,科技数码,300,https://github.com/51chiguawang319/202609/blob/main/20260927/KTFqP_ziqScd.md,https://raw.githubusercontent.com/51chiguawang319/202609/main/20260927/KTFqP_ziqScd.md
ktJOq_YJIkRy.md,主域名3000份,体育赛事,300,https://github.com/51chiguawang319/202609/blob/main/20260927/ktJOq_YJIkRy.md,https://raw.githubusercontent.com/51chiguawang319/202609/main/20260927/ktJOq_YJIkRy.md
KTodE_mjXfLk.md,主域名3000份,天气环境,300,https://github.com/51chiguawang319/202609/blob/main/20260927/KTodE_mjXfLk.md,https://raw.githubusercontent.com/51chiguawang319/202609/main/20260927/KTodE_mjXfLk.md
KtQGz_bpFTlc.md,主域名3000份,体育赛事,300,https://github.com/51chiguawang319/202609/blob/main/20260927/KtQGz_bpFTlc.md,https://raw.githubusercontent.com/51chiguawang319/202609/main/20260927/KtQGz_bpFTlc.md
KTwVV_fiQanL.md,主域名3000份,健康医疗,300,https://github.com/51chiguawang319/202609/blob/main/20260927/KTwVV_fiQanL.md,https://raw.githubusercontent.com/51chiguawang319/202609/main/20260927/KTwVV_fiQanL.md
KTxlD_csKQLH.md,主域名3000份,健康医疗,300,https://github.com/51chiguawang319/202609/blob/main/20260927/KTxlD_csKQLH.md,https://raw.githubusercontent.com/51chiguawang319/202609/main/20260927/KTxlD_csKQLH.md
kUhkp_yFMnBJ.md,主域名3000份,体育赛事,300,https://github.com/51chiguawang319/202609/blob/main/20260927/kUhkp_yFMnBJ.md,https://raw.githubusercontent.com/51chiguawang319/202609/main/20260927/kUhkp_yFMnBJ.md
kUkdF_Zjsqov.md,主域名3000份,健康医疗,300,https://github.com/51chiguawang319/202609/blob/main/20260927/kUkdF_Zjsqov.md,https://raw.githubusercontent.com/51chiguawang319/202609/main/20260927/kUkdF_Zjsqov.md
kUKyR_SdPWYm.md,泛二级1000份,科技数码,300,https://github.com/51chiguawang319/202609/blob/main/20260927/kUKyR_SdPWYm.md,https://raw.githubusercontent.com/51chiguawang319/202609/main/20260927/kUKyR_SdPWYm.md
KunUI_KIdcCj.md,主域名3000份,体育赛事,300,https://github.com/51chiguawang319/202609/blob/main/20260927/KunUI_KIdcCj.md,https://raw.githubusercontent.com/51chiguawang319/202609/main/20260927/KunUI_KIdcCj.md
kUrhp_XbvmNb.md,主域名3000份,体育赛事,300,https://github.com/51chiguawang319/202609/blob/main/20260927/kUrhp_XbvmNb.md,https://raw.githubusercontent.com/51chiguawang319/202609/main/20260927/kUrhp_XbvmNb.md
KUWPa_SFsyDe.md,主域名3000份,体育赛事,300,https://github.com/51chiguawang319/202609/blob/main/20260927/KUWPa_SFsyDe.md,https://raw.githubusercontent.com/51chiguawang319/202609/main/20260927/KUWPa_SFsyDe.md
KUyza_rEowUb.md,主域名3000份,体育赛事,300,https://github.com/51chiguawang319/202609/blob/main/20260927/KUyza_rEowUb.md,https://raw.githubusercontent.com/51chiguawang319/202609/main/20260927/KUyza_rEowUb.md
kVnFf_FCtUeH.md,主域名3000份,文化娱乐,300,https://github.com/51chiguawang319/202609/blob/main/20260927/kVnFf_FCtUeH.md,https://raw.githubusercontent.com/51chiguawang319/202609/main/20260927/kVnFf_FCtUeH.md
KVoZm_PnRRXF.md,泛二级1000份,体育赛事,300,https://github.com/51chiguawang319/202609/blob/main/20260927/KVoZm_PnRRXF.md,https://raw.githubusercontent.com/51chiguawang319/202609/main/20260927/KVoZm_PnRRXF.md
KvPQK_wfKDLE.md,泛二级1000份,文化娱乐,300,https://github.com/51chiguawang319/202609/blob/main/20260927/KvPQK_wfKDLE.md,https://raw.githubusercontent.com/51chiguawang319/202609/main/20260927/KvPQK_wfKDLE.md
kvRNt_hFTRIW.md,主域名3000份,健康医疗,300,https://github.com/51chiguawang319/202609/blob/main/20260927/kvRNt_hFTRIW.md,https://raw.githubusercontent.com/51chiguawang319/202609/main/20260927/kvRNt_hFTRIW.md
kVsVt_HhKvWl.md,泛二级1000份,体育赛事,300,https://github.com/51chiguawang319/202609/blob/main/20260927/kVsVt_HhKvWl.md,https://raw.githubusercontent.com/51chiguawang319/202609/main/20260927/kVsVt_HhKvWl.md
kVwpo_ReaeOh.md,主域名3000份,体育赛事,300,https://github.com/51chiguawang319/202609/blob/main/20260927/kVwpo_ReaeOh.md,https://raw.githubusercontent.com/51chiguawang319/202609/main/20260927/kVwpo_ReaeOh.md
kVWWc_TbIGpG.md,主域名3000份,财经商业,300,https://github.com/51chiguawang319/202609/blob/main/20260927/kVWWc_TbIGpG.md,https://raw.githubusercontent.com/51chiguawang319/202609/main/20260927/kVWWc_TbIGpG.md
KwcjV_TjMaOh.md,主域名3000份,文化娱乐,300,https://github.com/51chiguawang319/202609/blob/main/20260927/KwcjV_TjMaOh.md,https://raw.githubusercontent.com/51chiguawang319/202609/main/20260927/KwcjV_TjMaOh.md
kWDDx_jFuvQU.md,主域名3000份,健康医疗,300,https://github.com/51chiguawang319/202609/blob/main/20260927/kWDDx_jFuvQU.md,https://raw.githubusercontent.com/51chiguawang319/202609/main/20260927/kWDDx_jFuvQU.md
kwLAc_oSOaUP.md,主域名3000份,财经商业,300,https://github.com/51chiguawang319/202609/blob/main/20260927/kwLAc_oSOaUP.md,https://raw.githubusercontent.com/51chiguawang319/202609/main/20260927/kwLAc_oSOaUP.md
Kxdzw_tJAFAx.md,主域名3000份,健康医疗,300,https://github.com/51chiguawang319/202609/blob/main/20260927/Kxdzw_tJAFAx.md,https://raw.githubusercontent.com/51chiguawang319/202609/main/20260927/Kxdzw_tJAFAx.md
kxQUg_RJtGii.md,主域名3000份,科技数码,300,https://github.com/51chiguawang319/202609/blob/main/20260927/kxQUg_RJtGii.md,https://raw.githubusercontent.com/51chiguawang319/202609/main/20260927/kxQUg_RJtGii.md
KxuVV_anNnwI.md,主域名3000份,健康医疗,300,https://github.com/51chiguawang319/202609/blob/main/20260927/KxuVV_anNnwI.md,https://raw.githubusercontent.com/51chiguawang319/202609/main/20260927/KxuVV_anNnwI.md
kYlHK_KcxtqF.md,主域名3000份,科技数码,300,https://github.com/51chiguawang319/202609/blob/main/20260927/kYlHK_KcxtqF.md,https://raw.githubusercontent.com/51chiguawang319/202609/main/20260927/kYlHK_KcxtqF.md
Kywbu_lgqanX.md,主域名3000份,财经商业,300,https://github.com/51chiguawang319/202609/blob/main/20260927/Kywbu_lgqanX.md,https://raw.githubusercontent.com/51chiguawang319/202609/main/20260927/Kywbu_lgqanX.md
KyyPM_IgdogO.md,主域名3000份,天气环境,300,https://github.com/51chiguawang319/202609/blob/main/20260927/KyyPM_IgdogO.md,https://raw.githubusercontent.com/51chiguawang319/202609/main/20260927/KyyPM_IgdogO.md
kZbuS_Cjofjf.md,泛二级1000份,天气环境,300,https://github.com/51chiguawang319/202609/blob/main/20260927/kZbuS_Cjofjf.md,https://raw.githubusercontent.com/51chiguawang319/202609/main/20260927/kZbuS_Cjofjf.md
KZiOv_YzNwGf.md,主域名3000份,体育赛事,300,https://github.com/51chiguawang319/202609/blob/main/20260927/KZiOv_YzNwGf.md,https://raw.githubusercontent.com/51chiguawang319/202609/main/20260927/KZiOv_YzNwGf.md
KZlfm_NzgewE.md,主域名3000份,文化娱乐,300,https://github.com/51chiguawang319/202609/blob/main/20260927/KZlfm_NzgewE.md,https://raw.githubusercontent.com/51chiguawang319/202609/main/20260927/KZlfm_NzgewE.md
Kzmgw_DodAdJ.md,主域名3000份,体育赛事,300,https://github.com/51chiguawang319/202609/blob/main/20260927/Kzmgw_DodAdJ.md,https://raw.githubusercontent.com/51chiguawang319/202609/main/20260927/Kzmgw_DodAdJ.md
kZoBK_yyAUKK.md,主域名3000份,文化娱乐,300,https://github.com/51chiguawang319/202609/blob/main/20260927/kZoBK_yyAUKK.md,https://raw.githubusercontent.com/51chiguawang319/202609/main/20260927/kZoBK_yyAUKK.md
kzoLP_KDQvMr.md,主域名3000份,体育赛事,300,https://github.com/51chiguawang319/202609/blob/main/20260927/kzoLP_KDQvMr.md,https://raw.githubusercontent.com/51chiguawang319/202609/main/20260927/kzoLP_KDQvMr.md
KZoqd_YLMRtB.md,主域名3000份,天气环境,300,https://github.com/51chiguawang319/202609/blob/main/20260927/KZoqd_YLMRtB.md,https://raw.githubusercontent.com/51chiguawang319/202609/main/20260927/KZoqd_YLMRtB.md
kzwbT_bSqTYw.md,主域名3000份,健康医疗,300,https://github.com/51chiguawang319/202609/blob/main/20260927/kzwbT_bSqTYw.md,https://raw.githubusercontent.com/51chiguawang319/202609/main/20260927/kzwbT_bSqTYw.md
lAIBh_gETFBq.md,泛二级1000份,体育赛事,300,https://github.com/51chiguawang319/202609/blob/main/20260927/lAIBh_gETFBq.md,https://raw.githubusercontent.com/51chiguawang319/202609/main/20260927/lAIBh_gETFBq.md
lapJZ_iXLCsw.md,主域名3000份,科技数码,300,https://github.com/51chiguawang319/202609/blob/main/20260927/lapJZ_iXLCsw.md,https://raw.githubusercontent.com/51chiguawang319/202609/main/20260927/lapJZ_iXLCsw.md
lAZnu_nzOeQu.md,泛二级1000份,健康医疗,300,https://github.com/51chiguawang319/202609/blob/main/20260927/lAZnu_nzOeQu.md,https://raw.githubusercontent.com/51chiguawang319/202609/main/20260927/lAZnu_nzOeQu.md
lbfOD_yneShJ.md,主域名3000份,体育赛事,300,https://github.com/51chiguawang319/202609/blob/main/20260927/lbfOD_yneShJ.md,https://raw.githubusercontent.com/51chiguawang319/202609/main/20260927/lbfOD_yneShJ.md
LbixB_TclYmt.md,主域名3000份,体育赛事,300,https://github.com/51chiguawang319/202609/blob/main/20260927/LbixB_TclYmt.md,https://raw.githubusercontent.com/51chiguawang319/202609/main/20260927/LbixB_TclYmt.md
LBLxQ_ZUuMim.md,主域名3000份,文化娱乐,300,https://github.com/51chiguawang319/202609/blob/main/20260927/LBLxQ_ZUuMim.md,https://raw.githubusercontent.com/51chiguawang319/202609/main/20260927/LBLxQ_ZUuMim.md
lboJk_blBGdC.md,泛二级1000份,科技数码,300,https://github.com/51chiguawang319/202609/blob/main/20260927/lboJk_blBGdC.md,https://raw.githubusercontent.com/51chiguawang319/202609/main/20260927/lboJk_blBGdC.md
LbQVy_SlaHvj.md,主域名3000份,文化娱乐,300,https://github.com/51chiguawang319/202609/blob/main/20260927/LbQVy_SlaHvj.md,https://raw.githubusercontent.com/51chiguawang319/202609/main/20260927/LbQVy_SlaHvj.md
lBUPN_dCsgNO.md,泛二级1000份,体育赛事,300,https://github.com/51chiguawang319/202609/blob/main/20260927/lBUPN_dCsgNO.md,https://raw.githubusercontent.com/51chiguawang319/202609/main/20260927/lBUPN_dCsgNO.md
lBxWX_QDhqKm.md,泛二级1000份,天气环境,300,https://github.com/51chiguawang319/202609/blob/main/20260927/lBxWX_QDhqKm.md,https://raw.githubusercontent.com/51chiguawang319/202609/main/20260927/lBxWX_QDhqKm.md
LBYwa_gBGqem.md,主域名3000份,天气环境,300,https://github.com/51chiguawang319/202609/blob/main/20260927/LBYwa_gBGqem.md,https://raw.githubusercontent.com/51chiguawang319/202609/main/20260927/LBYwa_gBGqem.md
LCcyq_eElnqb.md,主域名3000份,天气环境,300,https://github.com/51chiguawang319/202609/blob/main/20260927/LCcyq_eElnqb.md,https://raw.githubusercontent.com/51chiguawang319/202609/main/20260927/LCcyq_eElnqb.md
lCDIl_utTPOr.md,主域名3000份,体育赛事,300,https://github.com/51chiguawang319/202609/blob/main/20260927/lCDIl_utTPOr.md,https://raw.githubusercontent.com/51chiguawang319/202609/main/20260927/lCDIl_utTPOr.md
LcFqQ_DpnNzs.md,主域名3000份,文化娱乐,300,https://github.com/51chiguawang319/202609/blob/main/20260927/LcFqQ_DpnNzs.md,https://raw.githubusercontent.com/51chiguawang319/202609/main/20260927/LcFqQ_DpnNzs.md
LckUi_UBXBGa.md,主域名3000份,文化娱乐,300,https://github.com/51chiguawang319/202609/blob/main/20260927/LckUi_UBXBGa.md,https://raw.githubusercontent.com/51chiguawang319/202609/main/20260927/LckUi_UBXBGa.md
lCqjJ_JlBULi.md,泛二级1000份,天气环境,300,https://github.com/51chiguawang319/202609/blob/main/20260927/lCqjJ_JlBULi.md,https://raw.githubusercontent.com/51chiguawang319/202609/main/20260927/lCqjJ_JlBULi.md
lcsBs_BxMKwa.md,泛二级1000份,财经商业,300,https://github.com/51chiguawang319/202609/blob/main/20260927/lcsBs_BxMKwa.md,https://raw.githubusercontent.com/51chiguawang319/202609/main/20260927/lcsBs_BxMKwa.md
lCTjc_iFrbDy.md,泛二级1000份,文化娱乐,300,https://github.com/51chiguawang319/202609/blob/main/20260927/lCTjc_iFrbDy.md,https://raw.githubusercontent.com/51chiguawang319/202609/main/20260927/lCTjc_iFrbDy.md
LCueb_AzdXMi.md,主域名3000份,财经商业,300,https://github.com/51chiguawang319/202609/blob/main/20260927/LCueb_AzdXMi.md,https://raw.githubusercontent.com/51chiguawang319/202609/main/20260927/LCueb_AzdXMi.md
lcugU_ksnByO.md,泛二级1000份,健康医疗,300,https://github.com/51chiguawang319/202609/blob/main/20260927/lcugU_ksnByO.md,https://raw.githubusercontent.com/51chiguawang319/202609/main/20260927/lcugU_ksnByO.md
ldhNx_ZXoNGh.md,主域名3000份,健康医疗,300,https://github.com/51chiguawang319/202609/blob/main/20260927/ldhNx_ZXoNGh.md,https://raw.githubusercontent.com/51chiguawang319/202609/main/20260927/ldhNx_ZXoNGh.md
ldKLt_FTlTni.md,泛二级1000份,财经商业,300,https://github.com/51chiguawang319/202609/blob/main/20260927/ldKLt_FTlTni.md,https://raw.githubusercontent.com/51chiguawang319/202609/main/20260927/ldKLt_FTlTni.md
lDkmS_xIVdyy.md,主域名3000份,体育赛事,300,https://github.com/51chiguawang319/202609/blob/main/20260927/lDkmS_xIVdyy.md,https://raw.githubusercontent.com/51chiguawang319/202609/main/20260927/lDkmS_xIVdyy.md
lDoJU_HGdATz.md,主域名3000份,天气环境,300,https://github.com/51chiguawang319/202609/blob/main/20260927/lDoJU_HGdATz.md,https://raw.githubusercontent.com/51chiguawang319/202609/main/20260927/lDoJU_HGdATz.md
lDpxj_tDKiVM.md,主域名3000份,健康医疗,300,https://github.com/51chiguawang319/202609/blob/main/20260927/lDpxj_tDKiVM.md,https://raw.githubusercontent.com/51chiguawang319/202609/main/20260927/lDpxj_tDKiVM.md
lDuFf_TUbgkO.md,主域名3000份,天气环境,300,https://github.com/51chiguawang319/202609/blob/main/20260927/lDuFf_TUbgkO.md,https://raw.githubusercontent.com/51chiguawang319/202609/main/20260927/lDuFf_TUbgkO.md
LeaYT_VgKvuU.md,主域名3000份,文化娱乐,300,https://github.com/51chiguawang319/202609/blob/main/20260927/LeaYT_VgKvuU.md,https://raw.githubusercontent.com/51chiguawang319/202609/main/20260927/LeaYT_VgKvuU.md
LEcrz_oCfQMN.md,主域名3000份,文化娱乐,300,https://github.com/51chiguawang319/202609/blob/main/20260927/LEcrz_oCfQMN.md,https://raw.githubusercontent.com/51chiguawang319/202609/main/20260927/LEcrz_oCfQMN.md
LeEqw_VGdghD.md,主域名3000份,科技数码,300,https://github.com/51chiguawang319/202609/blob/main/20260927/LeEqw_VGdghD.md,https://raw.githubusercontent.com/51chiguawang319/202609/main/20260927/LeEqw_VGdghD.md
LeJJa_tUHBfc.md,泛二级1000份,健康医疗,300,https://github.com/51chiguawang319/202609/blob/main/20260927/LeJJa_tUHBfc.md,https://raw.githubusercontent.com/51chiguawang319/202609/main/20260927/LeJJa_tUHBfc.md
LeqON_jzbvaQ.md,主域名3000份,体育赛事,300,https://github.com/51chiguawang319/202609/blob/main/20260927/LeqON_jzbvaQ.md,https://raw.githubusercontent.com/51chiguawang319/202609/main/20260927/LeqON_jzbvaQ.md
lERBv_XmJKhA.md,主域名3000份,文化娱乐,300,https://github.com/51chiguawang319/202609/blob/main/20260927/lERBv_XmJKhA.md,https://raw.githubusercontent.com/51chiguawang319/202609/main/20260927/lERBv_XmJKhA.md
leZLv_vrhRUr.md,泛二级1000份,天气环境,300,https://github.com/51chiguawang319/202609/blob/main/20260927/leZLv_vrhRUr.md,https://raw.githubusercontent.com/51chiguawang319/202609/main/20260927/leZLv_vrhRUr.md
LFdtU_vgDOHr.md,主域名3000份,文化娱乐,300,https://github.com/51chiguawang319/202609/blob/main/20260927/LFdtU_vgDOHr.md,https://raw.githubusercontent.com/51chiguawang319/202609/main/20260927/LFdtU_vgDOHr.md
lFEym_ezCIYI.md,主域名3000份,天气环境,300,https://github.com/51chiguawang319/202609/blob/main/20260927/lFEym_ezCIYI.md,https://raw.githubusercontent.com/51chiguawang319/202609/main/20260927/lFEym_ezCIYI.md
lFFnZ_QCgfHs.md,主域名3000份,天气环境,300,https://github.com/51chiguawang319/202609/blob/main/20260927/lFFnZ_QCgfHs.md,https://raw.githubusercontent.com/51chiguawang319/202609/main/20260927/lFFnZ_QCgfHs.md
LfpZX_NQUSzg.md,主域名3000份,财经商业,300,https://github.com/51chiguawang319/202609/blob/main/20260927/LfpZX_NQUSzg.md,https://raw.githubusercontent.com/51chiguawang319/202609/main/20260927/LfpZX_NQUSzg.md
lfuUK_acdlXn.md,主域名3000份,体育赛事,300,https://github.com/51chiguawang319/202609/blob/main/20260927/lfuUK_acdlXn.md,https://raw.githubusercontent.com/51chiguawang319/202609/main/20260927/lfuUK_acdlXn.md
lFvmI_UpTpTm.md,主域名3000份,科技数码,300,https://github.com/51chiguawang319/202609/blob/main/20260927/lFvmI_UpTpTm.md,https://raw.githubusercontent.com/51chiguawang319/202609/main/20260927/lFvmI_UpTpTm.md
LfVNI_PKbmMr.md,主域名3000份,天气环境,300,https://github.com/51chiguawang319/202609/blob/main/20260927/LfVNI_PKbmMr.md,https://raw.githubusercontent.com/51chiguawang319/202609/main/20260927/LfVNI_PKbmMr.md
LfybL_nGzZqk.md,泛二级1000份,科技数码,300,https://github.com/51chiguawang319/202609/blob/main/20260927/LfybL_nGzZqk.md,https://raw.githubusercontent.com/51chiguawang319/202609/main/20260927/LfybL_nGzZqk.md
lGaiD_CmXykb.md,主域名3000份,财经商业,300,https://github.com/51chiguawang319/202609/blob/main/20260927/lGaiD_CmXykb.md,https://raw.githubusercontent.com/51chiguawang319/202609/main/20260927/lGaiD_CmXykb.md
LGcRw_KIKmku.md,主域名3000份,财经商业,300,https://github.com/51chiguawang319/202609/blob/main/20260927/LGcRw_KIKmku.md,https://raw.githubusercontent.com/51chiguawang319/202609/main/20260927/LGcRw_KIKmku.md
lgpOP_TqrHED.md,主域名3000份,财经商业,300,https://github.com/51chiguawang319/202609/blob/main/20260927/lgpOP_TqrHED.md,https://raw.githubusercontent.com/51chiguawang319/202609/main/20260927/lgpOP_TqrHED.md
LgqHW_RqSfVy.md,主域名3000份,文化娱乐,300,https://github.com/51chiguawang319/202609/blob/main/20260927/LgqHW_RqSfVy.md,https://raw.githubusercontent.com/51chiguawang319/202609/main/20260927/LgqHW_RqSfVy.md
lGQoP_vhZLYE.md,泛二级1000份,科技数码,300,https://github.com/51chiguawang319/202609/blob/main/20260927/lGQoP_vhZLYE.md,https://raw.githubusercontent.com/51chiguawang319/202609/main/20260927/lGQoP_vhZLYE.md
LGsMO_yBHjSN.md,主域名3000份,天气环境,300,https://github.com/51chiguawang319/202609/blob/main/20260927/LGsMO_yBHjSN.md,https://raw.githubusercontent.com/51chiguawang319/202609/main/20260927/LGsMO_yBHjSN.md
lgStA_kpjBgM.md,泛二级1000份,财经商业,300,https://github.com/51chiguawang319/202609/blob/main/20260927/lgStA_kpjBgM.md,https://raw.githubusercontent.com/51chiguawang319/202609/main/20260927/lgStA_kpjBgM.md
LGuze_BxTIvH.md,主域名3000份,体育赛事,300,https://github.com/51chiguawang319/202609/blob/main/20260927/LGuze_BxTIvH.md,https://raw.githubusercontent.com/51chiguawang319/202609/main/20260927/LGuze_BxTIvH.md
LGWaZ_veevBh.md,主域名3000份,健康医疗,300,https://github.com/51chiguawang319/202609/blob/main/20260927/LGWaZ_veevBh.md,https://raw.githubusercontent.com/51chiguawang319/202609/main/20260927/LGWaZ_veevBh.md
LgWYH_ReIiwa.md,主域名3000份,财经商业,300,https://github.com/51chiguawang319/202609/blob/main/20260927/LgWYH_ReIiwa.md,https://raw.githubusercontent.com/51chiguawang319/202609/main/20260927/LgWYH_ReIiwa.md
lhAIg_sdORAI.md,主域名3000份,健康医疗,300,https://github.com/51chiguawang319/202609/blob/main/20260927/lhAIg_sdORAI.md,https://raw.githubusercontent.com/51chiguawang319/202609/main/20260927/lhAIg_sdORAI.md
lHFGN_tLTsnK.md,泛二级1000份,财经商业,300,https://github.com/51chiguawang319/202609/blob/main/20260927/lHFGN_tLTsnK.md,https://raw.githubusercontent.com/51chiguawang319/202609/main/20260927/lHFGN_tLTsnK.md
lHLsO_rsYnEM.md,主域名3000份,健康医疗,300,https://github.com/51chiguawang319/202609/blob/main/20260927/lHLsO_rsYnEM.md,https://raw.githubusercontent.com/51chiguawang319/202609/main/20260927/lHLsO_rsYnEM.md
lHpxP_CGqEBL.md,主域名3000份,健康医疗,300,https://github.com/51chiguawang319/202609/blob/main/20260927/lHpxP_CGqEBL.md,https://raw.githubusercontent.com/51chiguawang319/202609/main/20260927/lHpxP_CGqEBL.md
lHqtD_hXXRgc.md,主域名3000份,文化娱乐,300,https://github.com/51chiguawang319/202609/blob/main/20260927/lHqtD_hXXRgc.md,https://raw.githubusercontent.com/51chiguawang319/202609/main/20260927/lHqtD_hXXRgc.md
lHTcc_JkLZAO.md,主域名3000份,天气环境,300,https://github.com/51chiguawang319/202609/blob/main/20260927/lHTcc_JkLZAO.md,https://raw.githubusercontent.com/51chiguawang319/202609/main/20260927/lHTcc_JkLZAO.md
lhYUO_ToUEgL.md,泛二级1000份,文化娱乐,300,https://github.com/51chiguawang319/202609/blob/main/20260927/lhYUO_ToUEgL.md,https://raw.githubusercontent.com/51chiguawang319/202609/main/20260927/lhYUO_ToUEgL.md
lIcvz_PpTQHR.md,泛二级1000份,财经商业,300,https://github.com/51chiguawang319/202609/blob/main/20260927/lIcvz_PpTQHR.md,https://raw.githubusercontent.com/51chiguawang319/202609/main/20260927/lIcvz_PpTQHR.md
liLLJ_cvBScJ.md,主域名3000份,体育赛事,300,https://github.com/51chiguawang319/202609/blob/main/20260927/liLLJ_cvBScJ.md,https://raw.githubusercontent.com/51chiguawang319/202609/main/20260927/liLLJ_cvBScJ.md
LIRsE_cBRlwX.md,主域名3000份,文化娱乐,300,https://github.com/51chiguawang319/202609/blob/main/20260927/LIRsE_cBRlwX.md,https://raw.githubusercontent.com/51chiguawang319/202609/main/20260927/LIRsE_cBRlwX.md
LIzwv_BcbRVz.md,主域名3000份,财经商业,300,https://github.com/51chiguawang319/202609/blob/main/20260927/LIzwv_BcbRVz.md,https://raw.githubusercontent.com/51chiguawang319/202609/main/20260927/LIzwv_BcbRVz.md
LJNLp_FsDxwZ.md,主域名3000份,天气环境,300,https://github.com/51chiguawang319/202609/blob/main/20260927/LJNLp_FsDxwZ.md,https://raw.githubusercontent.com/51chiguawang319/202609/main/20260927/LJNLp_FsDxwZ.md
LjoRp_qekiGJ.md,主域名3000份,天气环境,300,https://github.com/51chiguawang319/202609/blob/main/20260927/LjoRp_qekiGJ.md,https://raw.githubusercontent.com/51chiguawang319/202609/main/20260927/LjoRp_qekiGJ.md
lJpeB_OPaIfc.md,主域名3000份,体育赛事,300,https://github.com/51chiguawang319/202609/blob/main/20260927/lJpeB_OPaIfc.md,https://raw.githubusercontent.com/51chiguawang319/202609/main/20260927/lJpeB_OPaIfc.md
LkJYI_XQEKdi.md,主域名3000份,健康医疗,300,https://github.com/51chiguawang319/202609/blob/main/20260927/LkJYI_XQEKdi.md,https://raw.githubusercontent.com/51chiguawang319/202609/main/20260927/LkJYI_XQEKdi.md
lknOe_UJSppM.md,泛二级1000份,文化娱乐,300,https://github.com/51chiguawang319/202609/blob/main/20260927/lknOe_UJSppM.md,https://raw.githubusercontent.com/51chiguawang319/202609/main/20260927/lknOe_UJSppM.md
LKtme_aWFglZ.md,泛二级1000份,财经商业,300,https://github.com/51chiguawang319/202609/blob/main/20260927/LKtme_aWFglZ.md,https://raw.githubusercontent.com/51chiguawang319/202609/main/20260927/LKtme_aWFglZ.md
lKVDo_AAvHWX.md,泛二级1000份,文化娱乐,300,https://github.com/51chiguawang319/202609/blob/main/20260927/lKVDo_AAvHWX.md,https://raw.githubusercontent.com/51chiguawang319/202609/main/20260927/lKVDo_AAvHWX.md
lkYhy_nlfOTa.md,主域名3000份,文化娱乐,300,https://github.com/51chiguawang319/202609/blob/main/20260927/lkYhy_nlfOTa.md,https://raw.githubusercontent.com/51chiguawang319/202609/main/20260927/lkYhy_nlfOTa.md
lkZgx_OjkhcD.md,泛二级1000份,体育赛事,300,https://github.com/51chiguawang319/202609/blob/main/20260927/lkZgx_OjkhcD.md,https://raw.githubusercontent.com/51chiguawang319/202609/main/20260927/lkZgx_OjkhcD.md
lLhtk_KJuxnR.md,主域名3000份,健康医疗,300,https://github.com/51chiguawang319/202609/blob/main/20260927/lLhtk_KJuxnR.md,https://raw.githubusercontent.com/51chiguawang319/202609/main/20260927/lLhtk_KJuxnR.md
LlJAV_oMtEpW.md,主域名3000份,财经商业,300,https://github.com/51chiguawang319/202609/blob/main/20260927/LlJAV_oMtEpW.md,https://raw.githubusercontent.com/51chiguawang319/202609/main/20260927/LlJAV_oMtEpW.md
llLGd_APftAJ.md,主域名3000份,科技数码,300,https://github.com/51chiguawang319/202609/blob/main/20260927/llLGd_APftAJ.md,https://raw.githubusercontent.com/51chiguawang319/202609/main/20260927/llLGd_APftAJ.md
LlPkQ_YvUiHN.md,主域名3000份,天气环境,300,https://github.com/51chiguawang319/202609/blob/main/20260927/LlPkQ_YvUiHN.md,https://raw.githubusercontent.com/51chiguawang319/202609/main/20260927/LlPkQ_YvUiHN.md
lLSHf_QbbQCw.md,主域名3000份,健康医疗,300,https://github.com/51chiguawang319/202609/blob/main/20260927/lLSHf_QbbQCw.md,https://raw.githubusercontent.com/51chiguawang319/202609/main/20260927/lLSHf_QbbQCw.md
LltCC_lQYwdh.md,主域名3000份,体育赛事,300,https://github.com/51chiguawang319/202609/blob/main/20260927/LltCC_lQYwdh.md,https://raw.githubusercontent.com/51chiguawang319/202609/main/20260927/LltCC_lQYwdh.md
LLygf_eJjWYQ.md,主域名3000份,文化娱乐,300,https://github.com/51chiguawang319/202609/blob/main/20260927/LLygf_eJjWYQ.md,https://raw.githubusercontent.com/51chiguawang319/202609/main/20260927/LLygf_eJjWYQ.md
lLYGT_HzJYGX.md,泛二级1000份,科技数码,300,https://github.com/51chiguawang319/202609/blob/main/20260927/lLYGT_HzJYGX.md,https://raw.githubusercontent.com/51chiguawang319/202609/main/20260927/lLYGT_HzJYGX.md
LmbDV_umkLED.md,泛二级1000份,科技数码,300,https://github.com/51chiguawang319/202609/blob/main/20260927/LmbDV_umkLED.md,https://raw.githubusercontent.com/51chiguawang319/202609/main/20260927/LmbDV_umkLED.md
lmexO_WGsktp.md,主域名3000份,文化娱乐,300,https://github.com/51chiguawang319/202609/blob/main/20260927/lmexO_WGsktp.md,https://raw.githubusercontent.com/51chiguawang319/202609/main/20260927/lmexO_WGsktp.md
LmkgM_DFyhKK.md,泛二级1000份,文化娱乐,300,https://github.com/51chiguawang319/202609/blob/main/20260927/LmkgM_DFyhKK.md,https://raw.githubusercontent.com/51chiguawang319/202609/main/20260927/LmkgM_DFyhKK.md
LmkxL_mPdQLa.md,主域名3000份,文化娱乐,300,https://github.com/51chiguawang319/202609/blob/main/20260927/LmkxL_mPdQLa.md,https://raw.githubusercontent.com/51chiguawang319/202609/main/20260927/LmkxL_mPdQLa.md
lMLyK_oGquQr.md,主域名3000份,文化娱乐,300,https://github.com/51chiguawang319/202609/blob/main/20260927/lMLyK_oGquQr.md,https://raw.githubusercontent.com/51chiguawang319/202609/main/20260927/lMLyK_oGquQr.md
LMPjk_ikWpOn.md,主域名3000份,财经商业,300,https://github.com/51chiguawang319/202609/blob/main/20260927/LMPjk_ikWpOn.md,https://raw.githubusercontent.com/51chiguawang319/202609/main/20260927/LMPjk_ikWpOn.md
lmTtP_YeNFub.md,泛二级1000份,文化娱乐,300,https://github.com/51chiguawang319/202609/blob/main/20260927/lmTtP_YeNFub.md,https://raw.githubusercontent.com/51chiguawang319/202609/main/20260927/lmTtP_YeNFub.md
lmuwW_aDwLSs.md,主域名3000份,体育赛事,300,https://github.com/51chiguawang319/202609/blob/main/20260927/lmuwW_aDwLSs.md,https://raw.githubusercontent.com/51chiguawang319/202609/main/20260927/lmuwW_aDwLSs.md
LndeA_wVriur.md,泛二级1000份,财经商业,300,https://github.com/51chiguawang319/202609/blob/main/20260927/LndeA_wVriur.md,https://raw.githubusercontent.com/51chiguawang319/202609/main/20260927/LndeA_wVriur.md
LnNGn_wUcFyy.md,主域名3000份,财经商业,300,https://github.com/51chiguawang319/202609/blob/main/20260927/LnNGn_wUcFyy.md,https://raw.githubusercontent.com/51chiguawang319/202609/main/20260927/LnNGn_wUcFyy.md
LNoFc_ZbEOrG.md,泛二级1000份,体育赛事,300,https://github.com/51chiguawang319/202609/blob/main/20260927/LNoFc_ZbEOrG.md,https://raw.githubusercontent.com/51chiguawang319/202609/main/20260927/LNoFc_ZbEOrG.md
LnqJg_xVBtgD.md,主域名3000份,文化娱乐,300,https://github.com/51chiguawang319/202609/blob/main/20260927/LnqJg_xVBtgD.md,https://raw.githubusercontent.com/51chiguawang319/202609/main/20260927/LnqJg_xVBtgD.md
lNunr_QRnxWE.md,主域名3000份,科技数码,300,https://github.com/51chiguawang319/202609/blob/main/20260927/lNunr_QRnxWE.md,https://raw.githubusercontent.com/51chiguawang319/202609/main/20260927/lNunr_QRnxWE.md
LnZrc_wZhiMP.md,泛二级1000份,科技数码,300,https://github.com/51chiguawang319/202609/blob/main/20260927/LnZrc_wZhiMP.md,https://raw.githubusercontent.com/51chiguawang319/202609/main/20260927/LnZrc_wZhiMP.md
lNzsT_xcosrU.md,泛二级1000份,体育赛事,300,https://github.com/51chiguawang319/202609/blob/main/20260927/lNzsT_xcosrU.md,https://raw.githubusercontent.com/51chiguawang319/202609/main/20260927/lNzsT_xcosrU.md
lorGo_bUTAjl.md,主域名3000份,天气环境,300,https://github.com/51chiguawang319/202609/blob/main/20260927/lorGo_bUTAjl.md,https://raw.githubusercontent.com/51chiguawang319/202609/main/20260927/lorGo_bUTAjl.md
LoUqR_qoVxEz.md,主域名3000份,科技数码,300,https://github.com/51chiguawang319/202609/blob/main/20260927/LoUqR_qoVxEz.md,https://raw.githubusercontent.com/51chiguawang319/202609/main/20260927/LoUqR_qoVxEz.md
LPBfz_QPaXrc.md,主域名3000份,体育赛事,300,https://github.com/51chiguawang319/202609/blob/main/20260927/LPBfz_QPaXrc.md,https://raw.githubusercontent.com/51chiguawang319/202609/main/20260927/LPBfz_QPaXrc.md
LPDwQ_iONiCH.md,主域名3000份,文化娱乐,300,https://github.com/51chiguawang319/202609/blob/main/20260927/LPDwQ_iONiCH.md,https://raw.githubusercontent.com/51chiguawang319/202609/main/20260927/LPDwQ_iONiCH.md
lphBd_yYNUFN.md,主域名3000份,文化娱乐,300,https://github.com/51chiguawang319/202609/blob/main/20260927/lphBd_yYNUFN.md,https://raw.githubusercontent.com/51chiguawang319/202609/main/20260927/lphBd_yYNUFN.md
lpizY_ierMCq.md,主域名3000份,文化娱乐,300,https://github.com/51chiguawang319/202609/blob/main/20260927/lpizY_ierMCq.md,https://raw.githubusercontent.com/51chiguawang319/202609/main/20260927/lpizY_ierMCq.md
lPJYp_zCQFrQ.md,主域名3000份,健康医疗,300,https://github.com/51chiguawang319/202609/blob/main/20260927/lPJYp_zCQFrQ.md,https://raw.githubusercontent.com/51chiguawang319/202609/main/20260927/lPJYp_zCQFrQ.md
LpNdI_dBDxyi.md,泛二级1000份,体育赛事,300,https://github.com/51chiguawang319/202609/blob/main/20260927/LpNdI_dBDxyi.md,https://raw.githubusercontent.com/51chiguawang319/202609/main/20260927/LpNdI_dBDxyi.md
lPyIm_pxWOfU.md,主域名3000份,健康医疗,300,https://github.com/51chiguawang319/202609/blob/main/20260927/lPyIm_pxWOfU.md,https://raw.githubusercontent.com/51chiguawang319/202609/main/20260927/lPyIm_pxWOfU.md
LqhlB_SJnajQ.md,主域名3000份,天气环境,300,https://github.com/51chiguawang319/202609/blob/main/20260927/LqhlB_SJnajQ.md,https://raw.githubusercontent.com/51chiguawang319/202609/main/20260927/LqhlB_SJnajQ.md
LQjMq_bZpeeH.md,主域名3000份,财经商业,300,https://github.com/51chiguawang319/202609/blob/main/20260927/LQjMq_bZpeeH.md,https://raw.githubusercontent.com/51chiguawang319/202609/main/20260927/LQjMq_bZpeeH.md
LRdUc_bUmKyy.md,主域名3000份,财经商业,300,https://github.com/51chiguawang319/202609/blob/main/20260927/LRdUc_bUmKyy.md,https://raw.githubusercontent.com/51chiguawang319/202609/main/20260927/LRdUc_bUmKyy.md
lRFcW_fUEbhd.md,主域名3000份,财经商业,300,https://github.com/51chiguawang319/202609/blob/main/20260927/lRFcW_fUEbhd.md,https://raw.githubusercontent.com/51chiguawang319/202609/main/20260927/lRFcW_fUEbhd.md
Lrhld_uLXFJt.md,泛二级1000份,财经商业,300,https://github.com/51chiguawang319/202609/blob/main/20260927/Lrhld_uLXFJt.md,https://raw.githubusercontent.com/51chiguawang319/202609/main/20260927/Lrhld_uLXFJt.md
LRjZj_xGgjKw.md,主域名3000份,文化娱乐,300,https://github.com/51chiguawang319/202609/blob/main/20260927/LRjZj_xGgjKw.md,https://raw.githubusercontent.com/51chiguawang319/202609/main/20260927/LRjZj_xGgjKw.md
LrkUB_GjUKfK.md,主域名3000份,天气环境,300,https://github.com/51chiguawang319/202609/blob/main/20260927/LrkUB_GjUKfK.md,https://raw.githubusercontent.com/51chiguawang319/202609/main/20260927/LrkUB_GjUKfK.md
LRmKw_OxyEHV.md,主域名3000份,财经商业,300,https://github.com/51chiguawang319/202609/blob/main/20260927/LRmKw_OxyEHV.md,https://raw.githubusercontent.com/51chiguawang319/202609/main/20260927/LRmKw_OxyEHV.md
LRwUR_rzGCHA.md,泛二级1000份,科技数码,300,https://github.com/51chiguawang319/202609/blob/main/20260927/LRwUR_rzGCHA.md,https://raw.githubusercontent.com/51chiguawang319/202609/main/20260927/LRwUR_rzGCHA.md
lsjVg_ZbmIll.md,主域名3000份,天气环境,300,https://github.com/51chiguawang319/202609/blob/main/20260927/lsjVg_ZbmIll.md,https://raw.githubusercontent.com/51chiguawang319/202609/main/20260927/lsjVg_ZbmIll.md
lSLnJ_zCPprd.md,主域名3000份,文化娱乐,300,https://github.com/51chiguawang319/202609/blob/main/20260927/lSLnJ_zCPprd.md,https://raw.githubusercontent.com/51chiguawang319/202609/main/20260927/lSLnJ_zCPprd.md
LsLOG_ScKskG.md,主域名3000份,文化娱乐,300,https://github.com/51chiguawang319/202609/blob/main/20260927/LsLOG_ScKskG.md,https://raw.githubusercontent.com/51chiguawang319/202609/main/20260927/LsLOG_ScKskG.md
lSLXm_itfEEH.md,泛二级1000份,文化娱乐,300,https://github.com/51chiguawang319/202609/blob/main/20260927/lSLXm_itfEEH.md,https://raw.githubusercontent.com/51chiguawang319/202609/main/20260927/lSLXm_itfEEH.md
LSyly_qhsNBQ.md,主域名3000份,文化娱乐,300,https://github.com/51chiguawang319/202609/blob/main/20260927/LSyly_qhsNBQ.md,https://raw.githubusercontent.com/51chiguawang319/202609/main/20260927/LSyly_qhsNBQ.md
lTdow_VAdgrW.md,泛二级1000份,体育赛事,300,https://github.com/51chiguawang319/202609/blob/main/20260927/lTdow_VAdgrW.md,https://raw.githubusercontent.com/51chiguawang319/202609/main/20260927/lTdow_VAdgrW.md
LtEqQ_oVtPoG.md,泛二级1000份,文化娱乐,300,https://github.com/51chiguawang319/202609/blob/main/20260927/LtEqQ_oVtPoG.md,https://raw.githubusercontent.com/51chiguawang319/202609/main/20260927/LtEqQ_oVtPoG.md
Ltium_mVfOpP.md,主域名3000份,文化娱乐,300,https://github.com/51chiguawang319/202609/blob/main/20260927/Ltium_mVfOpP.md,https://raw.githubusercontent.com/51chiguawang319/202609/main/20260927/Ltium_mVfOpP.md
LtlBB_UMTDja.md,主域名3000份,健康医疗,300,https://github.com/51chiguawang319/202609/blob/main/20260927/LtlBB_UMTDja.md,https://raw.githubusercontent.com/51chiguawang319/202609/main/20260927/LtlBB_UMTDja.md
lTmYe_WTjfRE.md,主域名3000份,财经商业,300,https://github.com/51chiguawang319/202609/blob/main/20260927/lTmYe_WTjfRE.md,https://raw.githubusercontent.com/51chiguawang319/202609/main/20260927/lTmYe_WTjfRE.md
lTNQT_lOCLZz.md,主域名3000份,体育赛事,300,https://github.com/51chiguawang319/202609/blob/main/20260927/lTNQT_lOCLZz.md,https://raw.githubusercontent.com/51chiguawang319/202609/main/20260927/lTNQT_lOCLZz.md
LTpAG_bHXMBc.md,泛二级1000份,财经商业,300,https://github.com/51chiguawang319/202609/blob/main/20260927/LTpAG_bHXMBc.md,https://raw.githubusercontent.com/51chiguawang319/202609/main/20260927/LTpAG_bHXMBc.md
lTpuu_SXFUqh.md,主域名3000份,体育赛事,300,https://github.com/51chiguawang319/202609/blob/main/20260927/lTpuu_SXFUqh.md,https://raw.githubusercontent.com/51chiguawang319/202609/main/20260927/lTpuu_SXFUqh.md
ltSkX_EScFJs.md,主域名3000份,天气环境,300,https://github.com/51chiguawang319/202609/blob/main/20260927/ltSkX_EScFJs.md,https://raw.githubusercontent.com/51chiguawang319/202609/main/20260927/ltSkX_EScFJs.md
LTUmX_JEEBxu.md,主域名3000份,天气环境,300,https://github.com/51chiguawang319/202609/blob/main/20260927/LTUmX_JEEBxu.md,https://raw.githubusercontent.com/51chiguawang319/202609/main/20260927/LTUmX_JEEBxu.md
ltYNn_irMuKo.md,主域名3000份,财经商业,300,https://github.com/51chiguawang319/202609/blob/main/20260927/ltYNn_irMuKo.md,https://raw.githubusercontent.com/51chiguawang319/202609/main/20260927/ltYNn_irMuKo.md
lugfR_fywSph.md,泛二级1000份,天气环境,300,https://github.com/51chiguawang319/202609/blob/main/20260927/lugfR_fywSph.md,https://raw.githubusercontent.com/51chiguawang319/202609/main/20260927/lugfR_fywSph.md
lUnDO_NlsKuJ.md,主域名3000份,健康医疗,300,https://github.com/51chiguawang319/202609/blob/main/20260927/lUnDO_NlsKuJ.md,https://raw.githubusercontent.com/51chiguawang319/202609/main/20260927/lUnDO_NlsKuJ.md
luOiN_RXUTCg.md,泛二级1000份,健康医疗,300,https://github.com/51chiguawang319/202609/blob/main/20260927/luOiN_RXUTCg.md,https://raw.githubusercontent.com/51chiguawang319/202609/main/20260927/luOiN_RXUTCg.md
luoTv_AgMglp.md,主域名3000份,科技数码,300,https://github.com/51chiguawang319/202609/blob/main/20260927/luoTv_AgMglp.md,https://raw.githubusercontent.com/51chiguawang319/202609/main/20260927/luoTv_AgMglp.md
LuOvW_MVZxXh.md,泛二级1000份,科技数码,300,https://github.com/51chiguawang319/202609/blob/main/20260927/LuOvW_MVZxXh.md,https://raw.githubusercontent.com/51chiguawang319/202609/main/20260927/LuOvW_MVZxXh.md
lUrIA_JyYgKv.md,主域名3000份,科技数码,300,https://github.com/51chiguawang319/202609/blob/main/20260927/lUrIA_JyYgKv.md,https://raw.githubusercontent.com/51chiguawang319/202609/main/20260927/lUrIA_JyYgKv.md
lUtoa_CkRsMK.md,主域名3000份,体育赛事,300,https://github.com/51chiguawang319/202609/blob/main/20260927/lUtoa_CkRsMK.md,https://raw.githubusercontent.com/51chiguawang319/202609/main/20260927/lUtoa_CkRsMK.md
LuuMa_sTmpUs.md,主域名3000份,科技数码,300,https://github.com/51chiguawang319/202609/blob/main/20260927/LuuMa_sTmpUs.md,https://raw.githubusercontent.com/51chiguawang319/202609/main/20260927/LuuMa_sTmpUs.md
LUWUr_nKUUYP.md,泛二级1000份,健康医疗,300,https://github.com/51chiguawang319/202609/blob/main/20260927/LUWUr_nKUUYP.md,https://raw.githubusercontent.com/51chiguawang319/202609/main/20260927/LUWUr_nKUUYP.md
lUycY_DEkhQQ.md,主域名3000份,文化娱乐,300,https://github.com/51chiguawang319/202609/blob/main/20260927/lUycY_DEkhQQ.md,https://raw.githubusercontent.com/51chiguawang319/202609/main/20260927/lUycY_DEkhQQ.md
LvdaP_ncthtP.md,主域名3000份,文化娱乐,300,https://github.com/51chiguawang319/202609/blob/main/20260927/LvdaP_ncthtP.md,https://raw.githubusercontent.com/51chiguawang319/202609/main/20260927/LvdaP_ncthtP.md
lVLGs_OcxMkc.md,主域名3000份,健康医疗,300,https://github.com/51chiguawang319/202609/blob/main/20260927/lVLGs_OcxMkc.md,https://raw.githubusercontent.com/51chiguawang319/202609/main/20260927/lVLGs_OcxMkc.md
lVlRk_RQAZjn.md,泛二级1000份,健康医疗,300,https://github.com/51chiguawang319/202609/blob/main/20260927/lVlRk_RQAZjn.md,https://raw.githubusercontent.com/51chiguawang319/202609/main/20260927/lVlRk_RQAZjn.md
LvtvL_IoBoOw.md,主域名3000份,文化娱乐,300,https://github.com/51chiguawang319/202609/blob/main/20260927/LvtvL_IoBoOw.md,https://raw.githubusercontent.com/51chiguawang319/202609/main/20260927/LvtvL_IoBoOw.md
LVuJf_wLwbAE.md,泛二级1000份,财经商业,300,https://github.com/51chiguawang319/202609/blob/main/20260927/LVuJf_wLwbAE.md,https://raw.githubusercontent.com/51chiguawang319/202609/main/20260927/LVuJf_wLwbAE.md
lwmAK_huYkli.md,主域名3000份,体育赛事,300,https://github.com/51chiguawang319/202609/blob/main/20260927/lwmAK_huYkli.md,https://raw.githubusercontent.com/51chiguawang319/202609/main/20260927/lwmAK_huYkli.md
lwWEP_KhgkxN.md,泛二级1000份,健康医疗,300,https://github.com/51chiguawang319/202609/blob/main/20260927/lwWEP_KhgkxN.md,https://raw.githubusercontent.com/51chiguawang319/202609/main/20260927/lwWEP_KhgkxN.md
LwYpc_IvcdCp.md,主域名3000份,体育赛事,300,https://github.com/51chiguawang319/202609/blob/main/20260927/LwYpc_IvcdCp.md,https://raw.githubusercontent.com/51chiguawang319/202609/main/20260927/LwYpc_IvcdCp.md
lwZyM_tiQoBJ.md,主域名3000份,文化娱乐,300,https://github.com/51chiguawang319/202609/blob/main/20260927/lwZyM_tiQoBJ.md,https://raw.githubusercontent.com/51chiguawang319/202609/main/20260927/lwZyM_tiQoBJ.md
LxbDF_wHFood.md,泛二级1000份,天气环境,300,https://github.com/51chiguawang319/202609/blob/main/20260927/LxbDF_wHFood.md,https://raw.githubusercontent.com/51chiguawang319/202609/main/20260927/LxbDF_wHFood.md
LXPuL_kqXaHO.md,主域名3000份,健康医疗,300,https://github.com/51chiguawang319/202609/blob/main/20260927/LXPuL_kqXaHO.md,https://raw.githubusercontent.com/51chiguawang319/202609/main/20260927/LXPuL_kqXaHO.md
lXQZO_xoMVGY.md,泛二级1000份,天气环境,300,https://github.com/51chiguawang319/202609/blob/main/20260927/lXQZO_xoMVGY.md,https://raw.githubusercontent.com/51chiguawang319/202609/main/20260927/lXQZO_xoMVGY.md
lXTjX_qNntKc.md,主域名3000份,体育赛事,300,https://github.com/51chiguawang319/202609/blob/main/20260927/lXTjX_qNntKc.md,https://raw.githubusercontent.com/51chiguawang319/202609/main/20260927/lXTjX_qNntKc.md
LYahs_qwwvYR.md,主域名3000份,科技数码,300,https://github.com/51chiguawang319/202609/blob/main/20260927/LYahs_qwwvYR.md,https://raw.githubusercontent.com/51chiguawang319/202609/main/20260927/LYahs_qwwvYR.md
LykTH_CSYNnf.md,泛二级1000份,文化娱乐,300,https://github.com/51chiguawang319/202609/blob/main/20260927/LykTH_CSYNnf.md,https://raw.githubusercontent.com/51chiguawang319/202609/main/20260927/LykTH_CSYNnf.md
LyMyG_oFrgdX.md,泛二级1000份,健康医疗,300,https://github.com/51chiguawang319/202609/blob/main/20260927/LyMyG_oFrgdX.md,https://raw.githubusercontent.com/51chiguawang319/202609/main/20260927/LyMyG_oFrgdX.md
lyowA_ccRNIH.md,主域名3000份,体育赛事,300,https://github.com/51chiguawang319/202609/blob/main/20260927/lyowA_ccRNIH.md,https://raw.githubusercontent.com/51chiguawang319/202609/main/20260927/lyowA_ccRNIH.md
LYPqr_ORqKZR.md,泛二级1000份,财经商业,300,https://github.com/51chiguawang319/202609/blob/main/20260927/LYPqr_ORqKZR.md,https://raw.githubusercontent.com/51chiguawang319/202609/main/20260927/LYPqr_ORqKZR.md
lYQBu_KqKawd.md,主域名3000份,文化娱乐,300,https://github.com/51chiguawang319/202609/blob/main/20260927/lYQBu_KqKawd.md,https://raw.githubusercontent.com/51chiguawang319/202609/main/20260927/lYQBu_KqKawd.md
lYXCi_xJxwOo.md,主域名3000份,科技数码,300,https://github.com/51chiguawang319/202609/blob/main/20260927/lYXCi_xJxwOo.md,https://raw.githubusercontent.com/51chiguawang319/202609/main/20260927/lYXCi_xJxwOo.md
LyzCC_bjSBPe.md,泛二级1000份,文化娱乐,300,https://github.com/51chiguawang319/202609/blob/main/20260927/LyzCC_bjSBPe.md,https://raw.githubusercontent.com/51chiguawang319/202609/main/20260927/LyzCC_bjSBPe.md
lZaLc_AcHMNA.md,主域名3000份,财经商业,300,https://github.com/51chiguawang319/202609/blob/main/20260927/lZaLc_AcHMNA.md,https://raw.githubusercontent.com/51chiguawang319/202609/main/20260927/lZaLc_AcHMNA.md
lZcsA_wsOITM.md,主域名3000份,科技数码,300,https://github.com/51chiguawang319/202609/blob/main/20260927/lZcsA_wsOITM.md,https://raw.githubusercontent.com/51chiguawang319/202609/main/20260927/lZcsA_wsOITM.md
lzDOE_TXLPcR.md,主域名3000份,体育赛事,300,https://github.com/51chiguawang319/202609/blob/main/20260927/lzDOE_TXLPcR.md,https://raw.githubusercontent.com/51chiguawang319/202609/main/20260927/lzDOE_TXLPcR.md
lzFyy_USxNtc.md,主域名3000份,天气环境,300,https://github.com/51chiguawang319/202609/blob/main/20260927/lzFyy_USxNtc.md,https://raw.githubusercontent.com/51chiguawang319/202609/main/20260927/lzFyy_USxNtc.md
LZJvo_rKHTsg.md,主域名3000份,体育赛事,300,https://github.com/51chiguawang319/202609/blob/main/20260927/LZJvo_rKHTsg.md,https://raw.githubusercontent.com/51chiguawang319/202609/main/20260927/LZJvo_rKHTsg.md
lZkWo_dUJUFW.md,主域名3000份,天气环境,300,https://github.com/51chiguawang319/202609/blob/main/20260927/lZkWo_dUJUFW.md,https://raw.githubusercontent.com/51chiguawang319/202609/main/20260927/lZkWo_dUJUFW.md
lzPxU_ytlOXE.md,主域名3000份,健康医疗,300,https://github.com/51chiguawang319/202609/blob/main/20260927/lzPxU_ytlOXE.md,https://raw.githubusercontent.com/51chiguawang319/202609/main/20260927/lzPxU_ytlOXE.md
LZtvu_dCYAvr.md,主域名3000份,文化娱乐,300,https://github.com/51chiguawang319/202609/blob/main/20260927/LZtvu_dCYAvr.md,https://raw.githubusercontent.com/51chiguawang319/202609/main/20260927/LZtvu_dCYAvr.md
LZuFQ_ANclJK.md,主域名3000份,天气环境,300,https://github.com/51chiguawang319/202609/blob/main/20260927/LZuFQ_ANclJK.md,https://raw.githubusercontent.com/51chiguawang319/202609/main/20260927/LZuFQ_ANclJK.md
lzVVs_eKdgot.md,主域名3000份,天气环境,300,https://github.com/51chiguawang319/202609/blob/main/20260927/lzVVs_eKdgot.md,https://raw.githubusercontent.com/51chiguawang319/202609/main/20260927/lzVVs_eKdgot.md
lZYli_dsTfPn.md,主域名3000份,体育赛事,300,https://github.com/51chiguawang319/202609/blob/main/20260927/lZYli_dsTfPn.md,https://raw.githubusercontent.com/51chiguawang319/202609/main/20260927/lZYli_dsTfPn.md
MADAw_oCkgBv.md,主域名3000份,体育赛事,300,https://github.com/51chiguawang319/202609/blob/main/20260927/MADAw_oCkgBv.md,https://raw.githubusercontent.com/51chiguawang319/202609/main/20260927/MADAw_oCkgBv.md
maRFn_IyyxRi.md,主域名3000份,财经商业,300,https://github.com/51chiguawang319/202609/blob/main/20260927/maRFn_IyyxRi.md,https://raw.githubusercontent.com/51chiguawang319/202609/main/20260927/maRFn_IyyxRi.md
mazlT_QOQsNG.md,泛二级1000份,体育赛事,300,https://github.com/51chiguawang319/202609/blob/main/20260927/mazlT_QOQsNG.md,https://raw.githubusercontent.com/51chiguawang319/202609/main/20260927/mazlT_QOQsNG.md
mbAcs_mBKQAk.md,主域名3000份,财经商业,300,https://github.com/51chiguawang319/202609/blob/main/20260927/mbAcs_mBKQAk.md,https://raw.githubusercontent.com/51chiguawang319/202609/main/20260927/mbAcs_mBKQAk.md
Mbdph_NHSzmd.md,主域名3000份,财经商业,300,https://github.com/51chiguawang319/202609/blob/main/20260927/Mbdph_NHSzmd.md,https://raw.githubusercontent.com/51chiguawang319/202609/main/20260927/Mbdph_NHSzmd.md
MBeqW_PBwkKU.md,主域名3000份,文化娱乐,300,https://github.com/51chiguawang319/202609/blob/main/20260927/MBeqW_PBwkKU.md,https://raw.githubusercontent.com/51chiguawang319/202609/main/20260927/MBeqW_PBwkKU.md
MBLjJ_VkBjte.md,主域名3000份,科技数码,300,https://github.com/51chiguawang319/202609/blob/main/20260927/MBLjJ_VkBjte.md,https://raw.githubusercontent.com/51chiguawang319/202609/main/20260927/MBLjJ_VkBjte.md
MbNlZ_OYnbjb.md,主域名3000份,体育赛事,300,https://github.com/51chiguawang319/202609/blob/main/20260927/MbNlZ_OYnbjb.md,https://raw.githubusercontent.com/51chiguawang319/202609/main/20260927/MbNlZ_OYnbjb.md
MBOlX_JZXotu.md,主域名3000份,科技数码,300,https://github.com/51chiguawang319/202609/blob/main/20260927/MBOlX_JZXotu.md,https://raw.githubusercontent.com/51chiguawang319/202609/main/20260927/MBOlX_JZXotu.md
mBszY_uqjxRZ.md,主域名3000份,文化娱乐,300,https://github.com/51chiguawang319/202609/blob/main/20260927/mBszY_uqjxRZ.md,https://raw.githubusercontent.com/51chiguawang319/202609/main/20260927/mBszY_uqjxRZ.md
MbURN_RhxuHx.md,主域名3000份,科技数码,300,https://github.com/51chiguawang319/202609/blob/main/20260927/MbURN_RhxuHx.md,https://raw.githubusercontent.com/51chiguawang319/202609/main/20260927/MbURN_RhxuHx.md
mBWYE_ipySQG.md,主域名3000份,文化娱乐,300,https://github.com/51chiguawang319/202609/blob/main/20260927/mBWYE_ipySQG.md,https://raw.githubusercontent.com/51chiguawang319/202609/main/20260927/mBWYE_ipySQG.md
MbXOm_YBATje.md,主域名3000份,财经商业,300,https://github.com/51chiguawang319/202609/blob/main/20260927/MbXOm_YBATje.md,https://raw.githubusercontent.com/51chiguawang319/202609/main/20260927/MbXOm_YBATje.md
Mbzch_qhviPv.md,主域名3000份,科技数码,300,https://github.com/51chiguawang319/202609/blob/main/20260927/Mbzch_qhviPv.md,https://raw.githubusercontent.com/51chiguawang319/202609/main/20260927/Mbzch_qhviPv.md
mCbOG_DhHtkG.md,主域名3000份,天气环境,300,https://github.com/51chiguawang319/202609/blob/main/20260927/mCbOG_DhHtkG.md,https://raw.githubusercontent.com/51chiguawang319/202609/main/20260927/mCbOG_DhHtkG.md
MCbPs_pIUWWE.md,泛二级1000份,科技数码,300,https://github.com/51chiguawang319/202609/blob/main/20260927/MCbPs_pIUWWE.md,https://raw.githubusercontent.com/51chiguawang319/202609/main/20260927/MCbPs_pIUWWE.md
mCBzs_pxuGhk.md,主域名3000份,财经商业,300,https://github.com/51chiguawang319/202609/blob/main/20260927/mCBzs_pxuGhk.md,https://raw.githubusercontent.com/51chiguawang319/202609/main/20260927/mCBzs_pxuGhk.md
MCcWv_hOFCrN.md,主域名3000份,健康医疗,300,https://github.com/51chiguawang319/202609/blob/main/20260927/MCcWv_hOFCrN.md,https://raw.githubusercontent.com/51chiguawang319/202609/main/20260927/MCcWv_hOFCrN.md
Mcgfz_hZfCIP.md,主域名3000份,体育赛事,300,https://github.com/51chiguawang319/202609/blob/main/20260927/Mcgfz_hZfCIP.md,https://raw.githubusercontent.com/51chiguawang319/202609/main/20260927/Mcgfz_hZfCIP.md
MctIA_rRlvfR.md,主域名3000份,财经商业,300,https://github.com/51chiguawang319/202609/blob/main/20260927/MctIA_rRlvfR.md,https://raw.githubusercontent.com/51chiguawang319/202609/main/20260927/MctIA_rRlvfR.md
mctMV_LJhznK.md,泛二级1000份,体育赛事,300,https://github.com/51chiguawang319/202609/blob/main/20260927/mctMV_LJhznK.md,https://raw.githubusercontent.com/51chiguawang319/202609/main/20260927/mctMV_LJhznK.md
MDdqs_OYQDih.md,泛二级1000份,文化娱乐,300,https://github.com/51chiguawang319/202609/blob/main/20260927/MDdqs_OYQDih.md,https://raw.githubusercontent.com/51chiguawang319/202609/main/20260927/MDdqs_OYQDih.md
mDfyi_itJWZd.md,主域名3000份,天气环境,300,https://github.com/51chiguawang319/202609/blob/main/20260927/mDfyi_itJWZd.md,https://raw.githubusercontent.com/51chiguawang319/202609/main/20260927/mDfyi_itJWZd.md
MDkfM_HFfsSw.md,主域名3000份,健康医疗,300,https://github.com/51chiguawang319/202609/blob/main/20260927/MDkfM_HFfsSw.md,https://raw.githubusercontent.com/51chiguawang319/202609/main/20260927/MDkfM_HFfsSw.md
mdMfE_WscJXs.md,主域名3000份,文化娱乐,300,https://github.com/51chiguawang319/202609/blob/main/20260927/mdMfE_WscJXs.md,https://raw.githubusercontent.com/51chiguawang319/202609/main/20260927/mdMfE_WscJXs.md
mDUGG_GkxGxw.md,泛二级1000份,体育赛事,300,https://github.com/51chiguawang319/202609/blob/main/20260927/mDUGG_GkxGxw.md,https://raw.githubusercontent.com/51chiguawang319/202609/main/20260927/mDUGG_GkxGxw.md
mDVEN_bfiZEh.md,主域名3000份,财经商业,300,https://github.com/51chiguawang319/202609/blob/main/20260927/mDVEN_bfiZEh.md,https://raw.githubusercontent.com/51chiguawang319/202609/main/20260927/mDVEN_bfiZEh.md
MDYWm_OMCqua.md,泛二级1000份,天气环境,300,https://github.com/51chiguawang319/202609/blob/main/20260927/MDYWm_OMCqua.md,https://raw.githubusercontent.com/51chiguawang319/202609/main/20260927/MDYWm_OMCqua.md
Mebmi_vMpAzA.md,泛二级1000份,健康医疗,300,https://github.com/51chiguawang319/202609/blob/main/20260927/Mebmi_vMpAzA.md,https://raw.githubusercontent.com/51chiguawang319/202609/main/20260927/Mebmi_vMpAzA.md
mEfgH_eMylVU.md,主域名3000份,文化娱乐,300,https://github.com/51chiguawang319/202609/blob/main/20260927/mEfgH_eMylVU.md,https://raw.githubusercontent.com/51chiguawang319/202609/main/20260927/mEfgH_eMylVU.md
mEgiQ_KDslhg.md,泛二级1000份,天气环境,300,https://github.com/51chiguawang319/202609/blob/main/20260927/mEgiQ_KDslhg.md,https://raw.githubusercontent.com/51chiguawang319/202609/main/20260927/mEgiQ_KDslhg.md
MeqwI_vHOeEt.md,泛二级1000份,科技数码,300,https://github.com/51chiguawang319/202609/blob/main/20260927/MeqwI_vHOeEt.md,https://raw.githubusercontent.com/51chiguawang319/202609/main/20260927/MeqwI_vHOeEt.md
MfwYX_ajICJa.md,主域名3000份,天气环境,300,https://github.com/51chiguawang319/202609/blob/main/20260927/MfwYX_ajICJa.md,https://raw.githubusercontent.com/51chiguawang319/202609/main/20260927/MfwYX_ajICJa.md
mGkDy_nWZyOi.md,主域名3000份,科技数码,300,https://github.com/51chiguawang319/202609/blob/main/20260927/mGkDy_nWZyOi.md,https://raw.githubusercontent.com/51chiguawang319/202609/main/20260927/mGkDy_nWZyOi.md
MgVhD_IbZjsB.md,主域名3000份,科技数码,300,https://github.com/51chiguawang319/202609/blob/main/20260927/MgVhD_IbZjsB.md,https://raw.githubusercontent.com/51chiguawang319/202609/main/20260927/MgVhD_IbZjsB.md
mHOnl_XTlsYh.md,主域名3000份,科技数码,300,https://github.com/51chiguawang319/202609/blob/main/20260927/mHOnl_XTlsYh.md,https://raw.githubusercontent.com/51chiguawang319/202609/main/20260927/mHOnl_XTlsYh.md
mHQCe_hbPdCS.md,主域名3000份,财经商业,300,https://github.com/51chiguawang319/202609/blob/main/20260927/mHQCe_hbPdCS.md,https://raw.githubusercontent.com/51chiguawang319/202609/main/20260927/mHQCe_hbPdCS.md
mhtSA_LZvrLo.md,主域名3000份,天气环境,300,https://github.com/51chiguawang319/202609/blob/main/20260927/mhtSA_LZvrLo.md,https://raw.githubusercontent.com/51chiguawang319/202609/main/20260927/mhtSA_LZvrLo.md
mhvOm_kvzGgY.md,主域名3000份,天气环境,300,https://github.com/51chiguawang319/202609/blob/main/20260927/mhvOm_kvzGgY.md,https://raw.githubusercontent.com/51chiguawang319/202609/main/20260927/mhvOm_kvzGgY.md
mHVrV_eRUSGE.md,泛二级1000份,体育赛事,300,https://github.com/51chiguawang319/202609/blob/main/20260927/mHVrV_eRUSGE.md,https://raw.githubusercontent.com/51chiguawang319/202609/main/20260927/mHVrV_eRUSGE.md
MhVWA_ZocObI.md,泛二级1000份,财经商业,300,https://github.com/51chiguawang319/202609/blob/main/20260927/MhVWA_ZocObI.md,https://raw.githubusercontent.com/51chiguawang319/202609/main/20260927/MhVWA_ZocObI.md
miALE_qWbwQh.md,主域名3000份,体育赛事,300,https://github.com/51chiguawang319/202609/blob/main/20260927/miALE_qWbwQh.md,https://raw.githubusercontent.com/51chiguawang319/202609/main/20260927/miALE_qWbwQh.md
miGfa_BUMpBc.md,主域名3000份,财经商业,300,https://github.com/51chiguawang319/202609/blob/main/20260927/miGfa_BUMpBc.md,https://raw.githubusercontent.com/51chiguawang319/202609/main/20260927/miGfa_BUMpBc.md
Mikhl_Mdezel.md,主域名3000份,健康医疗,300,https://github.com/51chiguawang319/202609/blob/main/20260927/Mikhl_Mdezel.md,https://raw.githubusercontent.com/51chiguawang319/202609/main/20260927/Mikhl_Mdezel.md
miLZw_fNufrG.md,主域名3000份,文化娱乐,300,https://github.com/51chiguawang319/202609/blob/main/20260927/miLZw_fNufrG.md,https://raw.githubusercontent.com/51chiguawang319/202609/main/20260927/miLZw_fNufrG.md
mIMCM_iwRzyy.md,主域名3000份,科技数码,300,https://github.com/51chiguawang319/202609/blob/main/20260927/mIMCM_iwRzyy.md,https://raw.githubusercontent.com/51chiguawang319/202609/main/20260927/mIMCM_iwRzyy.md
MizPS_ztDuTi.md,主域名3000份,健康医疗,300,https://github.com/51chiguawang319/202609/blob/main/20260927/MizPS_ztDuTi.md,https://raw.githubusercontent.com/51chiguawang319/202609/main/20260927/MizPS_ztDuTi.md
MJaSW_PGhPYK.md,主域名3000份,财经商业,300,https://github.com/51chiguawang319/202609/blob/main/20260927/MJaSW_PGhPYK.md,https://raw.githubusercontent.com/51chiguawang319/202609/main/20260927/MJaSW_PGhPYK.md
MJFeC_Iqginr.md,泛二级1000份,天气环境,300,https://github.com/51chiguawang319/202609/blob/main/20260927/MJFeC_Iqginr.md,https://raw.githubusercontent.com/51chiguawang319/202609/main/20260927/MJFeC_Iqginr.md
Mjsyk_kWWZtM.md,主域名3000份,健康医疗,300,https://github.com/51chiguawang319/202609/blob/main/20260927/Mjsyk_kWWZtM.md,https://raw.githubusercontent.com/51chiguawang319/202609/main/20260927/Mjsyk_kWWZtM.md
MJXfb_uNZxuR.md,主域名3000份,体育赛事,300,https://github.com/51chiguawang319/202609/blob/main/20260927/MJXfb_uNZxuR.md,https://raw.githubusercontent.com/51chiguawang319/202609/main/20260927/MJXfb_uNZxuR.md
MkaPd_wlzNQz.md,主域名3000份,财经商业,300,https://github.com/51chiguawang319/202609/blob/main/20260927/MkaPd_wlzNQz.md,https://raw.githubusercontent.com/51chiguawang319/202609/main/20260927/MkaPd_wlzNQz.md
mKAVz_uqYwWg.md,主域名3000份,天气环境,300,https://github.com/51chiguawang319/202609/blob/main/20260927/mKAVz_uqYwWg.md,https://raw.githubusercontent.com/51chiguawang319/202609/main/20260927/mKAVz_uqYwWg.md
mkkVU_IkMOQL.md,主域名3000份,体育赛事,300,https://github.com/51chiguawang319/202609/blob/main/20260927/mkkVU_IkMOQL.md,https://raw.githubusercontent.com/51chiguawang319/202609/main/20260927/mkkVU_IkMOQL.md
Mksqs_jqvYGi.md,泛二级1000份,文化娱乐,300,https://github.com/51chiguawang319/202609/blob/main/20260927/Mksqs_jqvYGi.md,https://raw.githubusercontent.com/51chiguawang319/202609/main/20260927/Mksqs_jqvYGi.md
MkvFg_NEeQPX.md,主域名3000份,健康医疗,300,https://github.com/51chiguawang319/202609/blob/main/20260927/MkvFg_NEeQPX.md,https://raw.githubusercontent.com/51chiguawang319/202609/main/20260927/MkvFg_NEeQPX.md
MLbDn_wrdxVx.md,主域名3000份,体育赛事,300,https://github.com/51chiguawang319/202609/blob/main/20260927/MLbDn_wrdxVx.md,https://raw.githubusercontent.com/51chiguawang319/202609/main/20260927/MLbDn_wrdxVx.md
mLDer_VnjSce.md,泛二级1000份,天气环境,300,https://github.com/51chiguawang319/202609/blob/main/20260927/mLDer_VnjSce.md,https://raw.githubusercontent.com/51chiguawang319/202609/main/20260927/mLDer_VnjSce.md
mLdeS_LtLuhV.md,主域名3000份,科技数码,300,https://github.com/51chiguawang319/202609/blob/main/20260927/mLdeS_LtLuhV.md,https://raw.githubusercontent.com/51chiguawang319/202609/main/20260927/mLdeS_LtLuhV.md
mLhHo_TwvemS.md,主域名3000份,健康医疗,300,https://github.com/51chiguawang319/202609/blob/main/20260927/mLhHo_TwvemS.md,https://raw.githubusercontent.com/51chiguawang319/202609/main/20260927/mLhHo_TwvemS.md
MLInW_WYrrfA.md,主域名3000份,天气环境,300,https://github.com/51chiguawang319/202609/blob/main/20260927/MLInW_WYrrfA.md,https://raw.githubusercontent.com/51chiguawang319/202609/main/20260927/MLInW_WYrrfA.md
MljsI_rQlsdd.md,主域名3000份,文化娱乐,300,https://github.com/51chiguawang319/202609/blob/main/20260927/MljsI_rQlsdd.md,https://raw.githubusercontent.com/51chiguawang319/202609/main/20260927/MljsI_rQlsdd.md
MlmTY_bTsqzo.md,主域名3000份,健康医疗,300,https://github.com/51chiguawang319/202609/blob/main/20260927/MlmTY_bTsqzo.md,https://raw.githubusercontent.com/51chiguawang319/202609/main/20260927/MlmTY_bTsqzo.md
mloEZ_qzUjRB.md,主域名3000份,文化娱乐,300,https://github.com/51chiguawang319/202609/blob/main/20260927/mloEZ_qzUjRB.md,https://raw.githubusercontent.com/51chiguawang319/202609/main/20260927/mloEZ_qzUjRB.md
mlrgV_dpSwyJ.md,主域名3000份,天气环境,300,https://github.com/51chiguawang319/202609/blob/main/20260927/mlrgV_dpSwyJ.md,https://raw.githubusercontent.com/51chiguawang319/202609/main/20260927/mlrgV_dpSwyJ.md
MLRrU_BIHmxi.md,主域名3000份,健康医疗,300,https://github.com/51chiguawang319/202609/blob/main/20260927/MLRrU_BIHmxi.md,https://raw.githubusercontent.com/51chiguawang319/202609/main/20260927/MLRrU_BIHmxi.md
MLTuh_XAlCXE.md,主域名3000份,财经商业,300,https://github.com/51chiguawang319/202609/blob/main/20260927/MLTuh_XAlCXE.md,https://raw.githubusercontent.com/51chiguawang319/202609/main/20260927/MLTuh_XAlCXE.md
mlVYG_wrCcPv.md,泛二级1000份,文化娱乐,300,https://github.com/51chiguawang319/202609/blob/main/20260927/mlVYG_wrCcPv.md,https://raw.githubusercontent.com/51chiguawang319/202609/main/20260927/mlVYG_wrCcPv.md
mmmHq_ZuJHkJ.md,主域名3000份,文化娱乐,300,https://github.com/51chiguawang319/202609/blob/main/20260927/mmmHq_ZuJHkJ.md,https://raw.githubusercontent.com/51chiguawang319/202609/main/20260927/mmmHq_ZuJHkJ.md
mMmKf_oiUEdn.md,主域名3000份,体育赛事,300,https://github.com/51chiguawang319/202609/blob/main/20260927/mMmKf_oiUEdn.md,https://raw.githubusercontent.com/51chiguawang319/202609/main/20260927/mMmKf_oiUEdn.md
mmYXD_XtbXZw.md,泛二级1000份,财经商业,300,https://github.com/51chiguawang319/202609/blob/main/20260927/mmYXD_XtbXZw.md,https://raw.githubusercontent.com/51chiguawang319/202609/main/20260927/mmYXD_XtbXZw.md
MmZAY_DMmrlt.md,主域名3000份,体育赛事,300,https://github.com/51chiguawang319/202609/blob/main/20260927/MmZAY_DMmrlt.md,https://raw.githubusercontent.com/51chiguawang319/202609/main/20260927/MmZAY_DMmrlt.md
MnaPG_YHnDUl.md,主域名3000份,天气环境,300,https://github.com/51chiguawang319/202609/blob/main/20260927/MnaPG_YHnDUl.md,https://raw.githubusercontent.com/51chiguawang319/202609/main/20260927/MnaPG_YHnDUl.md
mnEBS_kLtjDR.md,主域名3000份,财经商业,300,https://github.com/51chiguawang319/202609/blob/main/20260927/mnEBS_kLtjDR.md,https://raw.githubusercontent.com/51chiguawang319/202609/main/20260927/mnEBS_kLtjDR.md
MnIRO_qzwyVc.md,泛二级1000份,天气环境,300,https://github.com/51chiguawang319/202609/blob/main/20260927/MnIRO_qzwyVc.md,https://raw.githubusercontent.com/51chiguawang319/202609/main/20260927/MnIRO_qzwyVc.md
MnlcA_sYIgFQ.md,泛二级1000份,文化娱乐,300,https://github.com/51chiguawang319/202609/blob/main/20260927/MnlcA_sYIgFQ.md,https://raw.githubusercontent.com/51chiguawang319/202609/main/20260927/MnlcA_sYIgFQ.md
MNPxT_ytIsQn.md,主域名3000份,健康医疗,300,https://github.com/51chiguawang319/202609/blob/main/20260927/MNPxT_ytIsQn.md,https://raw.githubusercontent.com/51chiguawang319/202609/main/20260927/MNPxT_ytIsQn.md
mntDm_yNzXcR.md,主域名3000份,天气环境,300,https://github.com/51chiguawang319/202609/blob/main/20260927/mntDm_yNzXcR.md,https://raw.githubusercontent.com/51chiguawang319/202609/main/20260927/mntDm_yNzXcR.md
mNuHt_sUxlZb.md,主域名3000份,体育赛事,300,https://github.com/51chiguawang319/202609/blob/main/20260927/mNuHt_sUxlZb.md,https://raw.githubusercontent.com/51chiguawang319/202609/main/20260927/mNuHt_sUxlZb.md
mnXYY_Kdmhbr.md,主域名3000份,科技数码,300,https://github.com/51chiguawang319/202609/blob/main/20260927/mnXYY_Kdmhbr.md,https://raw.githubusercontent.com/51chiguawang319/202609/main/20260927/mnXYY_Kdmhbr.md
MobpP_pLklrH.md,主域名3000份,科技数码,300,https://github.com/51chiguawang319/202609/blob/main/20260927/MobpP_pLklrH.md,https://raw.githubusercontent.com/51chiguawang319/202609/main/20260927/MobpP_pLklrH.md
mOGst_Osvjkj.md,主域名3000份,文化娱乐,300,https://github.com/51chiguawang319/202609/blob/main/20260927/mOGst_Osvjkj.md,https://raw.githubusercontent.com/51chiguawang319/202609/main/20260927/mOGst_Osvjkj.md
MoHWy_yxpjUE.md,主域名3000份,文化娱乐,300,https://github.com/51chiguawang319/202609/blob/main/20260927/MoHWy_yxpjUE.md,https://raw.githubusercontent.com/51chiguawang319/202609/main/20260927/MoHWy_yxpjUE.md
mOJoa_VAVrmc.md,泛二级1000份,文化娱乐,300,https://github.com/51chiguawang319/202609/blob/main/20260927/mOJoa_VAVrmc.md,https://raw.githubusercontent.com/51chiguawang319/202609/main/20260927/mOJoa_VAVrmc.md
MOJXs_qTbcqa.md,主域名3000份,科技数码,300,https://github.com/51chiguawang319/202609/blob/main/20260927/MOJXs_qTbcqa.md,https://raw.githubusercontent.com/51chiguawang319/202609/main/20260927/MOJXs_qTbcqa.md
mokFI_wFMKMH.md,主域名3000份,科技数码,300,https://github.com/51chiguawang319/202609/blob/main/20260927/mokFI_wFMKMH.md,https://raw.githubusercontent.com/51chiguawang319/202609/main/20260927/mokFI_wFMKMH.md
MopwF_LccETu.md,泛二级1000份,体育赛事,300,https://github.com/51chiguawang319/202609/blob/main/20260927/MopwF_LccETu.md,https://raw.githubusercontent.com/51chiguawang319/202609/main/20260927/MopwF_LccETu.md
MOqYp_HvRYfS.md,主域名3000份,体育赛事,300,https://github.com/51chiguawang319/202609/blob/main/20260927/MOqYp_HvRYfS.md,https://raw.githubusercontent.com/51chiguawang319/202609/main/20260927/MOqYp_HvRYfS.md
mOVaS_Brwkfk.md,主域名3000份,健康医疗,300,https://github.com/51chiguawang319/202609/blob/main/20260927/mOVaS_Brwkfk.md,https://raw.githubusercontent.com/51chiguawang319/202609/main/20260927/mOVaS_Brwkfk.md
mOXqU_ejPbsU.md,主域名3000份,科技数码,300,https://github.com/51chiguawang319/202609/blob/main/20260927/mOXqU_ejPbsU.md,https://raw.githubusercontent.com/51chiguawang319/202609/main/20260927/mOXqU_ejPbsU.md
MoyNa_XStVBZ.md,主域名3000份,科技数码,300,https://github.com/51chiguawang319/202609/blob/main/20260927/MoyNa_XStVBZ.md,https://raw.githubusercontent.com/51chiguawang319/202609/main/20260927/MoyNa_XStVBZ.md
mPicK_yzktSk.md,主域名3000份,天气环境,300,https://github.com/51chiguawang319/202609/blob/main/20260927/mPicK_yzktSk.md,https://raw.githubusercontent.com/51chiguawang319/202609/main/20260927/mPicK_yzktSk.md
MPiGo_EHHjkG.md,主域名3000份,文化娱乐,300,https://github.com/51chiguawang319/202609/blob/main/20260927/MPiGo_EHHjkG.md,https://raw.githubusercontent.com/51chiguawang319/202609/main/20260927/MPiGo_EHHjkG.md
mpuEx_WmTzzj.md,泛二级1000份,天气环境,300,https://github.com/51chiguawang319/202609/blob/main/20260927/mpuEx_WmTzzj.md,https://raw.githubusercontent.com/51chiguawang319/202609/main/20260927/mpuEx_WmTzzj.md
Mpwve_cKsIKe.md,主域名3000份,文化娱乐,300,https://github.com/51chiguawang319/202609/blob/main/20260927/Mpwve_cKsIKe.md,https://raw.githubusercontent.com/51chiguawang319/202609/main/20260927/Mpwve_cKsIKe.md
MqNDA_CEjMcc.md,主域名3000份,健康医疗,300,https://github.com/51chiguawang319/202609/blob/main/20260927/MqNDA_CEjMcc.md,https://raw.githubusercontent.com/51chiguawang319/202609/main/20260927/MqNDA_CEjMcc.md
MQOwU_KzZKKz.md,主域名3000份,科技数码,300,https://github.com/51chiguawang319/202609/blob/main/20260927/MQOwU_KzZKKz.md,https://raw.githubusercontent.com/51chiguawang319/202609/main/20260927/MQOwU_KzZKKz.md
MQpaZ_sSMONJ.md,泛二级1000份,财经商业,300,https://github.com/51chiguawang319/202609/blob/main/20260927/MQpaZ_sSMONJ.md,https://raw.githubusercontent.com/51chiguawang319/202609/main/20260927/MQpaZ_sSMONJ.md
MQVSb_TavWWB.md,主域名3000份,健康医疗,300,https://github.com/51chiguawang319/202609/blob/main/20260927/MQVSb_TavWWB.md,https://raw.githubusercontent.com/51chiguawang319/202609/main/20260927/MQVSb_TavWWB.md
MQZIg_DsJzDH.md,主域名3000份,财经商业,300,https://github.com/51chiguawang319/202609/blob/main/20260927/MQZIg_DsJzDH.md,https://raw.githubusercontent.com/51chiguawang319/202609/main/20260927/MQZIg_DsJzDH.md
mRBck_mpXcwM.md,主域名3000份,财经商业,300,https://github.com/51chiguawang319/202609/blob/main/20260927/mRBck_mpXcwM.md,https://raw.githubusercontent.com/51chiguawang319/202609/main/20260927/mRBck_mpXcwM.md
mRCOY_bhCQcs.md,主域名3000份,体育赛事,300,https://github.com/51chiguawang319/202609/blob/main/20260927/mRCOY_bhCQcs.md,https://raw.githubusercontent.com/51chiguawang319/202609/main/20260927/mRCOY_bhCQcs.md
MRdPN_TaSUzw.md,泛二级1000份,天气环境,300,https://github.com/51chiguawang319/202609/blob/main/20260927/MRdPN_TaSUzw.md,https://raw.githubusercontent.com/51chiguawang319/202609/main/20260927/MRdPN_TaSUzw.md
MRiCe_Dzbkul.md,主域名3000份,科技数码,300,https://github.com/51chiguawang319/202609/blob/main/20260927/MRiCe_Dzbkul.md,https://raw.githubusercontent.com/51chiguawang319/202609/main/20260927/MRiCe_Dzbkul.md
mRrve_FymoRq.md,泛二级1000份,科技数码,300,https://github.com/51chiguawang319/202609/blob/main/20260927/mRrve_FymoRq.md,https://raw.githubusercontent.com/51chiguawang319/202609/main/20260927/mRrve_FymoRq.md
MSBhV_eGqpsm.md,主域名3000份,财经商业,300,https://github.com/51chiguawang319/202609/blob/main/20260927/MSBhV_eGqpsm.md,https://raw.githubusercontent.com/51chiguawang319/202609/main/20260927/MSBhV_eGqpsm.md
mSjMv_UOCMqq.md,泛二级1000份,健康医疗,300,https://github.com/51chiguawang319/202609/blob/main/20260927/mSjMv_UOCMqq.md,https://raw.githubusercontent.com/51chiguawang319/202609/main/20260927/mSjMv_UOCMqq.md
mslbS_oVJAEK.md,泛二级1000份,财经商业,300,https://github.com/51chiguawang319/202609/blob/main/20260927/mslbS_oVJAEK.md,https://raw.githubusercontent.com/51chiguawang319/202609/main/20260927/mslbS_oVJAEK.md
msMoU_nEagiH.md,主域名3000份,体育赛事,300,https://github.com/51chiguawang319/202609/blob/main/20260927/msMoU_nEagiH.md,https://raw.githubusercontent.com/51chiguawang319/202609/main/20260927/msMoU_nEagiH.md
MsoHs_FOtUuH.md,泛二级1000份,文化娱乐,300,https://github.com/51chiguawang319/202609/blob/main/20260927/MsoHs_FOtUuH.md,https://raw.githubusercontent.com/51chiguawang319/202609/main/20260927/MsoHs_FOtUuH.md
mSVRh_AygnxY.md,主域名3000份,文化娱乐,300,https://github.com/51chiguawang319/202609/blob/main/20260927/mSVRh_AygnxY.md,https://raw.githubusercontent.com/51chiguawang319/202609/main/20260927/mSVRh_AygnxY.md
mSZmf_ccdKxz.md,主域名3000份,文化娱乐,300,https://github.com/51chiguawang319/202609/blob/main/20260927/mSZmf_ccdKxz.md,https://raw.githubusercontent.com/51chiguawang319/202609/main/20260927/mSZmf_ccdKxz.md
MtBZh_NEbsQe.md,主域名3000份,科技数码,300,https://github.com/51chiguawang319/202609/blob/main/20260927/MtBZh_NEbsQe.md,https://raw.githubusercontent.com/51chiguawang319/202609/main/20260927/MtBZh_NEbsQe.md
MtHva_aTFXxd.md,主域名3000份,体育赛事,300,https://github.com/51chiguawang319/202609/blob/main/20260927/MtHva_aTFXxd.md,https://raw.githubusercontent.com/51chiguawang319/202609/main/20260927/MtHva_aTFXxd.md
MTIxa_SGGtLF.md,主域名3000份,财经商业,300,https://github.com/51chiguawang319/202609/blob/main/20260927/MTIxa_SGGtLF.md,https://raw.githubusercontent.com/51chiguawang319/202609/main/20260927/MTIxa_SGGtLF.md
mTLKQ_uFzRAg.md,主域名3000份,文化娱乐,300,https://github.com/51chiguawang319/202609/blob/main/20260927/mTLKQ_uFzRAg.md,https://raw.githubusercontent.com/51chiguawang319/202609/main/20260927/mTLKQ_uFzRAg.md
mTxAp_zpTeos.md,主域名3000份,科技数码,300,https://github.com/51chiguawang319/202609/blob/main/20260927/mTxAp_zpTeos.md,https://raw.githubusercontent.com/51chiguawang319/202609/main/20260927/mTxAp_zpTeos.md
MubHC_sGOnFN.md,主域名3000份,健康医疗,300,https://github.com/51chiguawang319/202609/blob/main/20260927/MubHC_sGOnFN.md,https://raw.githubusercontent.com/51chiguawang319/202609/main/20260927/MubHC_sGOnFN.md
mubiK_tUyUan.md,主域名3000份,体育赛事,300,https://github.com/51chiguawang319/202609/blob/main/20260927/mubiK_tUyUan.md,https://raw.githubusercontent.com/51chiguawang319/202609/main/20260927/mubiK_tUyUan.md
MUfCz_vROQod.md,主域名3000份,科技数码,300,https://github.com/51chiguawang319/202609/blob/main/20260927/MUfCz_vROQod.md,https://raw.githubusercontent.com/51chiguawang319/202609/main/20260927/MUfCz_vROQod.md
muFdQ_zHdlVD.md,主域名3000份,财经商业,300,https://github.com/51chiguawang319/202609/blob/main/20260927/muFdQ_zHdlVD.md,https://raw.githubusercontent.com/51chiguawang319/202609/main/20260927/muFdQ_zHdlVD.md
mUfJK_XvUrYd.md,泛二级1000份,文化娱乐,300,https://github.com/51chiguawang319/202609/blob/main/20260927/mUfJK_XvUrYd.md,https://raw.githubusercontent.com/51chiguawang319/202609/main/20260927/mUfJK_XvUrYd.md
MUGXy_IAMtBG.md,泛二级1000份,财经商业,300,https://github.com/51chiguawang319/202609/blob/main/20260927/MUGXy_IAMtBG.md,https://raw.githubusercontent.com/51chiguawang319/202609/main/20260927/MUGXy_IAMtBG.md
muImy_HeTQZi.md,泛二级1000份,财经商业,300,https://github.com/51chiguawang319/202609/blob/main/20260927/muImy_HeTQZi.md,https://raw.githubusercontent.com/51chiguawang319/202609/main/20260927/muImy_HeTQZi.md
MUKpW_Guiaev.md,泛二级1000份,财经商业,300,https://github.com/51chiguawang319/202609/blob/main/20260927/MUKpW_Guiaev.md,https://raw.githubusercontent.com/51chiguawang319/202609/main/20260927/MUKpW_Guiaev.md
mUTNb_nkIcaK.md,主域名3000份,财经商业,300,https://github.com/51chiguawang319/202609/blob/main/20260927/mUTNb_nkIcaK.md,https://raw.githubusercontent.com/51chiguawang319/202609/main/20260927/mUTNb_nkIcaK.md
MvaIl_nhcyIS.md,泛二级1000份,科技数码,300,https://github.com/51chiguawang319/202609/blob/main/20260927/MvaIl_nhcyIS.md,https://raw.githubusercontent.com/51chiguawang319/202609/main/20260927/MvaIl_nhcyIS.md
mviQR_RZMqdJ.md,主域名3000份,科技数码,300,https://github.com/51chiguawang319/202609/blob/main/20260927/mviQR_RZMqdJ.md,https://raw.githubusercontent.com/51chiguawang319/202609/main/20260927/mviQR_RZMqdJ.md
mVJfl_KXfQjS.md,主域名3000份,体育赛事,300,https://github.com/51chiguawang319/202609/blob/main/20260927/mVJfl_KXfQjS.md,https://raw.githubusercontent.com/51chiguawang319/202609/main/20260927/mVJfl_KXfQjS.md
mVkvB_rWikBq.md,主域名3000份,文化娱乐,300,https://github.com/51chiguawang319/202609/blob/main/20260927/mVkvB_rWikBq.md,https://raw.githubusercontent.com/51chiguawang319/202609/main/20260927/mVkvB_rWikBq.md
MVqHX_UFivyR.md,泛二级1000份,科技数码,300,https://github.com/51chiguawang319/202609/blob/main/20260927/MVqHX_UFivyR.md,https://raw.githubusercontent.com/51chiguawang319/202609/main/20260927/MVqHX_UFivyR.md
MvURg_eOCbFo.md,主域名3000份,天气环境,300,https://github.com/51chiguawang319/202609/blob/main/20260927/MvURg_eOCbFo.md,https://raw.githubusercontent.com/51chiguawang319/202609/main/20260927/MvURg_eOCbFo.md
MvyeT_kXAQZg.md,主域名3000份,科技数码,300,https://github.com/51chiguawang319/202609/blob/main/20260927/MvyeT_kXAQZg.md,https://raw.githubusercontent.com/51chiguawang319/202609/main/20260927/MvyeT_kXAQZg.md
mWAjp_pyIJpY.md,主域名3000份,健康医疗,300,https://github.com/51chiguawang319/202609/blob/main/20260927/mWAjp_pyIJpY.md,https://raw.githubusercontent.com/51chiguawang319/202609/main/20260927/mWAjp_pyIJpY.md
MwbAq_xnKvIS.md,主域名3000份,文化娱乐,300,https://github.com/51chiguawang319/202609/blob/main/20260927/MwbAq_xnKvIS.md,https://raw.githubusercontent.com/51chiguawang319/202609/main/20260927/MwbAq_xnKvIS.md
mWboE_YtRBbn.md,主域名3000份,财经商业,300,https://github.com/51chiguawang319/202609/blob/main/20260927/mWboE_YtRBbn.md,https://raw.githubusercontent.com/51chiguawang319/202609/main/20260927/mWboE_YtRBbn.md
mWFNG_cUPnEN.md,主域名3000份,科技数码,300,https://github.com/51chiguawang319/202609/blob/main/20260927/mWFNG_cUPnEN.md,https://raw.githubusercontent.com/51chiguawang319/202609/main/20260927/mWFNG_cUPnEN.md
MwnOi_vyoHiu.md,主域名3000份,体育赛事,300,https://github.com/51chiguawang319/202609/blob/main/20260927/MwnOi_vyoHiu.md,https://raw.githubusercontent.com/51chiguawang319/202609/main/20260927/MwnOi_vyoHiu.md
mWYlk_TYvGxo.md,主域名3000份,科技数码,300,https://github.com/51chiguawang319/202609/blob/main/20260927/mWYlk_TYvGxo.md,https://raw.githubusercontent.com/51chiguawang319/202609/main/20260927/mWYlk_TYvGxo.md
MxGqF_FBYXkm.md,主域名3000份,体育赛事,300,https://github.com/51chiguawang319/202609/blob/main/20260927/MxGqF_FBYXkm.md,https://raw.githubusercontent.com/51chiguawang319/202609/main/20260927/MxGqF_FBYXkm.md
mxrOm_qRGewL.md,主域名3000份,科技数码,300,https://github.com/51chiguawang319/202609/blob/main/20260927/mxrOm_qRGewL.md,https://raw.githubusercontent.com/51chiguawang319/202609/main/20260927/mxrOm_qRGewL.md
MxTGC_QTQaYx.md,主域名3000份,财经商业,300,https://github.com/51chiguawang319/202609/blob/main/20260927/MxTGC_QTQaYx.md,https://raw.githubusercontent.com/51chiguawang319/202609/main/20260927/MxTGC_QTQaYx.md
mXxfc_HgezHW.md,泛二级1000份,健康医疗,300,https://github.com/51chiguawang319/202609/blob/main/20260927/mXxfc_HgezHW.md,https://raw.githubusercontent.com/51chiguawang319/202609/main/20260927/mXxfc_HgezHW.md
MyLRp_bfwBRa.md,主域名3000份,天气环境,300,https://github.com/51chiguawang319/202609/blob/main/20260927/MyLRp_bfwBRa.md,https://raw.githubusercontent.com/51chiguawang319/202609/main/20260927/MyLRp_bfwBRa.md
MyWgG_oLQiSQ.md,主域名3000份,天气环境,300,https://github.com/51chiguawang319/202609/blob/main/20260927/MyWgG_oLQiSQ.md,https://raw.githubusercontent.com/51chiguawang319/202609/main/20260927/MyWgG_oLQiSQ.md
mzJBO_uAFgDj.md,主域名3000份,科技数码,300,https://github.com/51chiguawang319/202609/blob/main/20260927/mzJBO_uAFgDj.md,https://raw.githubusercontent.com/51chiguawang319/202609/main/20260927/mzJBO_uAFgDj.md
MZkWa_ZYgGDa.md,主域名3000份,健康医疗,300,https://github.com/51chiguawang319/202609/blob/main/20260927/MZkWa_ZYgGDa.md,https://raw.githubusercontent.com/51chiguawang319/202609/main/20260927/MZkWa_ZYgGDa.md
mZpGq_sNVgNh.md,主域名3000份,健康医疗,300,https://github.com/51chiguawang319/202609/blob/main/20260927/mZpGq_sNVgNh.md,https://raw.githubusercontent.com/51chiguawang319/202609/main/20260927/mZpGq_sNVgNh.md
MzQhl_GSEQvB.md,主域名3000份,科技数码,300,https://github.com/51chiguawang319/202609/blob/main/20260927/MzQhl_GSEQvB.md,https://raw.githubusercontent.com/51chiguawang319/202609/main/20260927/MzQhl_GSEQvB.md
mzsHC_iTCTcj.md,主域名3000份,文化娱乐,300,https://github.com/51chiguawang319/202609/blob/main/20260927/mzsHC_iTCTcj.md,https://raw.githubusercontent.com/51chiguawang319/202609/main/20260927/mzsHC_iTCTcj.md
MZvMb_vrQlld.md,主域名3000份,体育赛事,300,https://github.com/51chiguawang319/202609/blob/main/20260927/MZvMb_vrQlld.md,https://raw.githubusercontent.com/51chiguawang319/202609/main/20260927/MZvMb_vrQlld.md
NAbBi_LJEMrf.md,泛二级1000份,科技数码,300,https://github.com/51chiguawang319/202609/blob/main/20260927/NAbBi_LJEMrf.md,https://raw.githubusercontent.com/51chiguawang319/202609/main/20260927/NAbBi_LJEMrf.md
NaEAC_rrSvLc.md,主域名3000份,财经商业,300,https://github.com/51chiguawang319/202609/blob/main/20260927/NaEAC_rrSvLc.md,https://raw.githubusercontent.com/51chiguawang319/202609/main/20260927/NaEAC_rrSvLc.md
NaOrt_DVPQvM.md,主域名3000份,科技数码,300,https://github.com/51chiguawang319/202609/blob/main/20260927/NaOrt_DVPQvM.md,https://raw.githubusercontent.com/51chiguawang319/202609/main/20260927/NaOrt_DVPQvM.md
NbApi_OJUyAX.md,主域名3000份,体育赛事,300,https://github.com/51chiguawang319/202609/blob/main/20260927/NbApi_OJUyAX.md,https://raw.githubusercontent.com/51chiguawang319/202609/main/20260927/NbApi_OJUyAX.md
nBCbA_BSqatg.md,主域名3000份,天气环境,300,https://github.com/51chiguawang319/202609/blob/main/20260927/nBCbA_BSqatg.md,https://raw.githubusercontent.com/51chiguawang319/202609/main/20260927/nBCbA_BSqatg.md
NblcB_Cvmuot.md,主域名3000份,体育赛事,300,https://github.com/51chiguawang319/202609/blob/main/20260927/NblcB_Cvmuot.md,https://raw.githubusercontent.com/51chiguawang319/202609/main/20260927/NblcB_Cvmuot.md
NbNTV_YStxTm.md,主域名3000份,体育赛事,300,https://github.com/51chiguawang319/202609/blob/main/20260927/NbNTV_YStxTm.md,https://raw.githubusercontent.com/51chiguawang319/202609/main/20260927/NbNTV_YStxTm.md
nbOgG_JiSAkB.md,主域名3000份,文化娱乐,300,https://github.com/51chiguawang319/202609/blob/main/20260927/nbOgG_JiSAkB.md,https://raw.githubusercontent.com/51chiguawang319/202609/main/20260927/nbOgG_JiSAkB.md
NbVZC_hkqfGc.md,主域名3000份,财经商业,300,https://github.com/51chiguawang319/202609/blob/main/20260927/NbVZC_hkqfGc.md,https://raw.githubusercontent.com/51chiguawang319/202609/main/20260927/NbVZC_hkqfGc.md
NCezs_weQZqd.md,泛二级1000份,健康医疗,300,https://github.com/51chiguawang319/202609/blob/main/20260927/NCezs_weQZqd.md,https://raw.githubusercontent.com/51chiguawang319/202609/main/20260927/NCezs_weQZqd.md
nCgWl_KIGlKD.md,泛二级1000份,科技数码,300,https://github.com/51chiguawang319/202609/blob/main/20260927/nCgWl_KIGlKD.md,https://raw.githubusercontent.com/51chiguawang319/202609/main/20260927/nCgWl_KIGlKD.md
nChXn_PzGzCj.md,主域名3000份,体育赛事,300,https://github.com/51chiguawang319/202609/blob/main/20260927/nChXn_PzGzCj.md,https://raw.githubusercontent.com/51chiguawang319/202609/main/20260927/nChXn_PzGzCj.md
nCJHX_YbUTnw.md,泛二级1000份,健康医疗,300,https://github.com/51chiguawang319/202609/blob/main/20260927/nCJHX_YbUTnw.md,https://raw.githubusercontent.com/51chiguawang319/202609/main/20260927/nCJHX_YbUTnw.md
ncJrl_aYqrSR.md,主域名3000份,体育赛事,300,https://github.com/51chiguawang319/202609/blob/main/20260927/ncJrl_aYqrSR.md,https://raw.githubusercontent.com/51chiguawang319/202609/main/20260927/ncJrl_aYqrSR.md
nclxX_MIsLgJ.md,泛二级1000份,财经商业,300,https://github.com/51chiguawang319/202609/blob/main/20260927/nclxX_MIsLgJ.md,https://raw.githubusercontent.com/51chiguawang319/202609/main/20260927/nclxX_MIsLgJ.md
NcmeU_OIzCRY.md,主域名3000份,财经商业,300,https://github.com/51chiguawang319/202609/blob/main/20260927/NcmeU_OIzCRY.md,https://raw.githubusercontent.com/51chiguawang319/202609/main/20260927/NcmeU_OIzCRY.md
NcnyQ_plZluW.md,主域名3000份,健康医疗,300,https://github.com/51chiguawang319/202609/blob/main/20260927/NcnyQ_plZluW.md,https://raw.githubusercontent.com/51chiguawang319/202609/main/20260927/NcnyQ_plZluW.md
ncoWe_jfMCsZ.md,主域名3000份,天气环境,300,https://github.com/51chiguawang319/202609/blob/main/20260927/ncoWe_jfMCsZ.md,https://raw.githubusercontent.com/51chiguawang319/202609/main/20260927/ncoWe_jfMCsZ.md
ncPNZ_rhLhoM.md,主域名3000份,体育赛事,300,https://github.com/51chiguawang319/202609/blob/main/20260927/ncPNZ_rhLhoM.md,https://raw.githubusercontent.com/51chiguawang319/202609/main/20260927/ncPNZ_rhLhoM.md
ncqHI_ULfsaS.md,主域名3000份,科技数码,300,https://github.com/51chiguawang319/202609/blob/main/20260927/ncqHI_ULfsaS.md,https://raw.githubusercontent.com/51chiguawang319/202609/main/20260927/ncqHI_ULfsaS.md
nctjO_xIhyYl.md,泛二级1000份,天气环境,300,https://github.com/51chiguawang319/202609/blob/main/20260927/nctjO_xIhyYl.md,https://raw.githubusercontent.com/51chiguawang319/202609/main/20260927/nctjO_xIhyYl.md
NdcyB_jNvMtk.md,主域名3000份,健康医疗,300,https://github.com/51chiguawang319/202609/blob/main/20260927/NdcyB_jNvMtk.md,https://raw.githubusercontent.com/51chiguawang319/202609/main/20260927/NdcyB_jNvMtk.md
ndeEw_jaZyJv.md,主域名3000份,体育赛事,300,https://github.com/51chiguawang319/202609/blob/main/20260927/ndeEw_jaZyJv.md,https://raw.githubusercontent.com/51chiguawang319/202609/main/20260927/ndeEw_jaZyJv.md
ndgsH_mcNlEz.md,主域名3000份,体育赛事,300,https://github.com/51chiguawang319/202609/blob/main/20260927/ndgsH_mcNlEz.md,https://raw.githubusercontent.com/51chiguawang319/202609/main/20260927/ndgsH_mcNlEz.md
NdoYo_copeOc.md,泛二级1000份,体育赛事,300,https://github.com/51chiguawang319/202609/blob/main/20260927/NdoYo_copeOc.md,https://raw.githubusercontent.com/51chiguawang319/202609/main/20260927/NdoYo_copeOc.md
NDPdz_oilWKD.md,主域名3000份,天气环境,300,https://github.com/51chiguawang319/202609/blob/main/20260927/NDPdz_oilWKD.md,https://raw.githubusercontent.com/51chiguawang319/202609/main/20260927/NDPdz_oilWKD.md
nDPLD_ywOhPo.md,主域名3000份,健康医疗,300,https://github.com/51chiguawang319/202609/blob/main/20260927/nDPLD_ywOhPo.md,https://raw.githubusercontent.com/51chiguawang319/202609/main/20260927/nDPLD_ywOhPo.md
ndrJi_QOfcdG.md,主域名3000份,财经商业,300,https://github.com/51chiguawang319/202609/blob/main/20260927/ndrJi_QOfcdG.md,https://raw.githubusercontent.com/51chiguawang319/202609/main/20260927/ndrJi_QOfcdG.md
nDYfS_MwHUib.md,主域名3000份,体育赛事,300,https://github.com/51chiguawang319/202609/blob/main/20260927/nDYfS_MwHUib.md,https://raw.githubusercontent.com/51chiguawang319/202609/main/20260927/nDYfS_MwHUib.md
nEOeU_OZURya.md,泛二级1000份,科技数码,300,https://github.com/51chiguawang319/202609/blob/main/20260927/nEOeU_OZURya.md,https://raw.githubusercontent.com/51chiguawang319/202609/main/20260927/nEOeU_OZURya.md
nEoMH_VdqiXC.md,主域名3000份,财经商业,300,https://github.com/51chiguawang319/202609/blob/main/20260927/nEoMH_VdqiXC.md,https://raw.githubusercontent.com/51chiguawang319/202609/main/20260927/nEoMH_VdqiXC.md
NEris_zoAgbF.md,主域名3000份,健康医疗,300,https://github.com/51chiguawang319/202609/blob/main/20260927/NEris_zoAgbF.md,https://raw.githubusercontent.com/51chiguawang319/202609/main/20260927/NEris_zoAgbF.md
NerXc_djpxRu.md,主域名3000份,科技数码,300,https://github.com/51chiguawang319/202609/blob/main/20260927/NerXc_djpxRu.md,https://raw.githubusercontent.com/51chiguawang319/202609/main/20260927/NerXc_djpxRu.md
neSdH_jpehAb.md,主域名3000份,科技数码,300,https://github.com/51chiguawang319/202609/blob/main/20260927/neSdH_jpehAb.md,https://raw.githubusercontent.com/51chiguawang319/202609/main/20260927/neSdH_jpehAb.md
NewCU_EqJeHA.md,主域名3000份,财经商业,300,https://github.com/51chiguawang319/202609/blob/main/20260927/NewCU_EqJeHA.md,https://raw.githubusercontent.com/51chiguawang319/202609/main/20260927/NewCU_EqJeHA.md
nFAfc_vPFjve.md,主域名3000份,财经商业,300,https://github.com/51chiguawang319/202609/blob/main/20260927/nFAfc_vPFjve.md,https://raw.githubusercontent.com/51chiguawang319/202609/main/20260927/nFAfc_vPFjve.md
nFBRG_pItqAP.md,主域名3000份,文化娱乐,300,https://github.com/51chiguawang319/202609/blob/main/20260927/nFBRG_pItqAP.md,https://raw.githubusercontent.com/51chiguawang319/202609/main/20260927/nFBRG_pItqAP.md
ngHxN_NbMyGz.md,主域名3000份,体育赛事,300,https://github.com/51chiguawang319/202609/blob/main/20260927/ngHxN_NbMyGz.md,https://raw.githubusercontent.com/51chiguawang319/202609/main/20260927/ngHxN_NbMyGz.md
NgKAR_KVLIye.md,主域名3000份,文化娱乐,300,https://github.com/51chiguawang319/202609/blob/main/20260927/NgKAR_KVLIye.md,https://raw.githubusercontent.com/51chiguawang319/202609/main/20260927/NgKAR_KVLIye.md
NGRmI_EKAIKl.md,主域名3000份,体育赛事,300,https://github.com/51chiguawang319/202609/blob/main/20260927/NGRmI_EKAIKl.md,https://raw.githubusercontent.com/51chiguawang319/202609/main/20260927/NGRmI_EKAIKl.md
nHFpw_TGUEBl.md,泛二级1000份,财经商业,300,https://github.com/51chiguawang319/202609/blob/main/20260927/nHFpw_TGUEBl.md,https://raw.githubusercontent.com/51chiguawang319/202609/main/20260927/nHFpw_TGUEBl.md
nhgYg_FCZaZG.md,泛二级1000份,科技数码,300,https://github.com/51chiguawang319/202609/blob/main/20260927/nhgYg_FCZaZG.md,https://raw.githubusercontent.com/51chiguawang319/202609/main/20260927/nhgYg_FCZaZG.md
NhHgl_xjSEry.md,主域名3000份,文化娱乐,300,https://github.com/51chiguawang319/202609/blob/main/20260927/NhHgl_xjSEry.md,https://raw.githubusercontent.com/51chiguawang319/202609/main/20260927/NhHgl_xjSEry.md
NhjAY_MpMZeU.md,主域名3000份,科技数码,300,https://github.com/51chiguawang319/202609/blob/main/20260927/NhjAY_MpMZeU.md,https://raw.githubusercontent.com/51chiguawang319/202609/main/20260927/NhjAY_MpMZeU.md
nhLQX_cYTnqe.md,主域名3000份,体育赛事,300,https://github.com/51chiguawang319/202609/blob/main/20260927/nhLQX_cYTnqe.md,https://raw.githubusercontent.com/51chiguawang319/202609/main/20260927/nhLQX_cYTnqe.md
NhTpd_WwNoaz.md,泛二级1000份,健康医疗,300,https://github.com/51chiguawang319/202609/blob/main/20260927/NhTpd_WwNoaz.md,https://raw.githubusercontent.com/51chiguawang319/202609/main/20260927/NhTpd_WwNoaz.md
nHvSJ_MjbXqf.md,泛二级1000份,科技数码,300,https://github.com/51chiguawang319/202609/blob/main/20260927/nHvSJ_MjbXqf.md,https://raw.githubusercontent.com/51chiguawang319/202609/main/20260927/nHvSJ_MjbXqf.md
niCCi_HppTqI.md,主域名3000份,健康医疗,300,https://github.com/51chiguawang319/202609/blob/main/20260927/niCCi_HppTqI.md,https://raw.githubusercontent.com/51chiguawang319/202609/main/20260927/niCCi_HppTqI.md
nIgVg_ZMrZjv.md,主域名3000份,体育赛事,300,https://github.com/51chiguawang319/202609/blob/main/20260927/nIgVg_ZMrZjv.md,https://raw.githubusercontent.com/51chiguawang319/202609/main/20260927/nIgVg_ZMrZjv.md
NiHNt_hLDOES.md,泛二级1000份,财经商业,300,https://github.com/51chiguawang319/202609/blob/main/20260927/NiHNt_hLDOES.md,https://raw.githubusercontent.com/51chiguawang319/202609/main/20260927/NiHNt_hLDOES.md
NiPtH_zWvHJO.md,泛二级1000份,财经商业,300,https://github.com/51chiguawang319/202609/blob/main/20260927/NiPtH_zWvHJO.md,https://raw.githubusercontent.com/51chiguawang319/202609/main/20260927/NiPtH_zWvHJO.md
NiYDV_CPHqRY.md,主域名3000份,文化娱乐,300,https://github.com/51chiguawang319/202609/blob/main/20260927/NiYDV_CPHqRY.md,https://raw.githubusercontent.com/51chiguawang319/202609/main/20260927/NiYDV_CPHqRY.md
nJAil_UgSDPw.md,泛二级1000份,体育赛事,300,https://github.com/51chiguawang319/202609/blob/main/20260927/nJAil_UgSDPw.md,https://raw.githubusercontent.com/51chiguawang319/202609/main/20260927/nJAil_UgSDPw.md
NjBQg_CoXKUA.md,泛二级1000份,健康医疗,300,https://github.com/51chiguawang319/202609/blob/main/20260927/NjBQg_CoXKUA.md,https://raw.githubusercontent.com/51chiguawang319/202609/main/20260927/NjBQg_CoXKUA.md
NjcCv_GDWeYq.md,主域名3000份,财经商业,300,https://github.com/51chiguawang319/202609/blob/main/20260927/NjcCv_GDWeYq.md,https://raw.githubusercontent.com/51chiguawang319/202609/main/20260927/NjcCv_GDWeYq.md
nJJcY_OFBtwR.md,泛二级1000份,体育赛事,300,https://github.com/51chiguawang319/202609/blob/main/20260927/nJJcY_OFBtwR.md,https://raw.githubusercontent.com/51chiguawang319/202609/main/20260927/nJJcY_OFBtwR.md
njMgm_Ozmzcz.md,泛二级1000份,科技数码,300,https://github.com/51chiguawang319/202609/blob/main/20260927/njMgm_Ozmzcz.md,https://raw.githubusercontent.com/51chiguawang319/202609/main/20260927/njMgm_Ozmzcz.md
nKhbT_JAkOEo.md,泛二级1000份,健康医疗,300,https://github.com/51chiguawang319/202609/blob/main/20260927/nKhbT_JAkOEo.md,https://raw.githubusercontent.com/51chiguawang319/202609/main/20260927/nKhbT_JAkOEo.md
NKmdm_MuvpjF.md,主域名3000份,天气环境,300,https://github.com/51chiguawang319/202609/blob/main/20260927/NKmdm_MuvpjF.md,https://raw.githubusercontent.com/51chiguawang319/202609/main/20260927/NKmdm_MuvpjF.md
nKvkX_JMkroM.md,主域名3000份,体育赛事,300,https://github.com/51chiguawang319/202609/blob/main/20260927/nKvkX_JMkroM.md,https://raw.githubusercontent.com/51chiguawang319/202609/main/20260927/nKvkX_JMkroM.md
NkYmq_xGGzSN.md,泛二级1000份,文化娱乐,300,https://github.com/51chiguawang319/202609/blob/main/20260927/NkYmq_xGGzSN.md,https://raw.githubusercontent.com/51chiguawang319/202609/main/20260927/NkYmq_xGGzSN.md
NLeQc_pNqlzo.md,主域名3000份,文化娱乐,300,https://github.com/51chiguawang319/202609/blob/main/20260927/NLeQc_pNqlzo.md,https://raw.githubusercontent.com/51chiguawang319/202609/main/20260927/NLeQc_pNqlzo.md
nMHLa_GsWHpe.md,主域名3000份,文化娱乐,300,https://github.com/51chiguawang319/202609/blob/main/20260927/nMHLa_GsWHpe.md,https://raw.githubusercontent.com/51chiguawang319/202609/main/20260927/nMHLa_GsWHpe.md
nmRxW_FxYZRd.md,泛二级1000份,体育赛事,300,https://github.com/51chiguawang319/202609/blob/main/20260927/nmRxW_FxYZRd.md,https://raw.githubusercontent.com/51chiguawang319/202609/main/20260927/nmRxW_FxYZRd.md
NmVpx_VCubUs.md,主域名3000份,科技数码,300,https://github.com/51chiguawang319/202609/blob/main/20260927/NmVpx_VCubUs.md,https://raw.githubusercontent.com/51chiguawang319/202609/main/20260927/NmVpx_VCubUs.md
nMvtr_XDgiAI.md,泛二级1000份,科技数码,300,https://github.com/51chiguawang319/202609/blob/main/20260927/nMvtr_XDgiAI.md,https://raw.githubusercontent.com/51chiguawang319/202609/main/20260927/nMvtr_XDgiAI.md
nocDF_qTImIm.md,主域名3000份,科技数码,300,https://github.com/51chiguawang319/202609/blob/main/20260927/nocDF_qTImIm.md,https://raw.githubusercontent.com/51chiguawang319/202609/main/20260927/nocDF_qTImIm.md
NOIpA_Oyhkzq.md,泛二级1000份,天气环境,300,https://github.com/51chiguawang319/202609/blob/main/20260927/NOIpA_Oyhkzq.md,https://raw.githubusercontent.com/51chiguawang319/202609/main/20260927/NOIpA_Oyhkzq.md
NomqU_OokUol.md,主域名3000份,体育赛事,300,https://github.com/51chiguawang319/202609/blob/main/20260927/NomqU_OokUol.md,https://raw.githubusercontent.com/51chiguawang319/202609/main/20260927/NomqU_OokUol.md
NOSIl_ZOPlMJ.md,主域名3000份,健康医疗,300,https://github.com/51chiguawang319/202609/blob/main/20260927/NOSIl_ZOPlMJ.md,https://raw.githubusercontent.com/51chiguawang319/202609/main/20260927/NOSIl_ZOPlMJ.md
notvS_rzxKEJ.md,主域名3000份,体育赛事,300,https://github.com/51chiguawang319/202609/blob/main/20260927/notvS_rzxKEJ.md,https://raw.githubusercontent.com/51chiguawang319/202609/main/20260927/notvS_rzxKEJ.md
NoWqr_aMtQiW.md,主域名3000份,健康医疗,300,https://github.com/51chiguawang319/202609/blob/main/20260927/NoWqr_aMtQiW.md,https://raw.githubusercontent.com/51chiguawang319/202609/main/20260927/NoWqr_aMtQiW.md
NoxWi_xFDxQm.md,主域名3000份,健康医疗,300,https://github.com/51chiguawang319/202609/blob/main/20260927/NoxWi_xFDxQm.md,https://raw.githubusercontent.com/51chiguawang319/202609/main/20260927/NoxWi_xFDxQm.md
npbXe_guuiMP.md,主域名3000份,体育赛事,300,https://github.com/51chiguawang319/202609/blob/main/20260927/npbXe_guuiMP.md,https://raw.githubusercontent.com/51chiguawang319/202609/main/20260927/npbXe_guuiMP.md
nPdqw_qncKsn.md,主域名3000份,体育赛事,300,https://github.com/51chiguawang319/202609/blob/main/20260927/nPdqw_qncKsn.md,https://raw.githubusercontent.com/51chiguawang319/202609/main/20260927/nPdqw_qncKsn.md
NpLqA_JGgzpT.md,泛二级1000份,健康医疗,300,https://github.com/51chiguawang319/202609/blob/main/20260927/NpLqA_JGgzpT.md,https://raw.githubusercontent.com/51chiguawang319/202609/main/20260927/NpLqA_JGgzpT.md
NpvDd_nbAYkE.md,泛二级1000份,体育赛事,300,https://github.com/51chiguawang319/202609/blob/main/20260927/NpvDd_nbAYkE.md,https://raw.githubusercontent.com/51chiguawang319/202609/main/20260927/NpvDd_nbAYkE.md
nPVrf_UyMhEL.md,主域名3000份,财经商业,300,https://github.com/51chiguawang319/202609/blob/main/20260927/nPVrf_UyMhEL.md,https://raw.githubusercontent.com/51chiguawang319/202609/main/20260927/nPVrf_UyMhEL.md
NPwEp_uqpLtY.md,主域名3000份,健康医疗,300,https://github.com/51chiguawang319/202609/blob/main/20260927/NPwEp_uqpLtY.md,https://raw.githubusercontent.com/51chiguawang319/202609/main/20260927/NPwEp_uqpLtY.md
NqFcG_DHGigt.md,主域名3000份,文化娱乐,300,https://github.com/51chiguawang319/202609/blob/main/20260927/NqFcG_DHGigt.md,https://raw.githubusercontent.com/51chiguawang319/202609/main/20260927/NqFcG_DHGigt.md
nqiBE_kdLAyQ.md,主域名3000份,科技数码,300,https://github.com/51chiguawang319/202609/blob/main/20260927/nqiBE_kdLAyQ.md,https://raw.githubusercontent.com/51chiguawang319/202609/main/20260927/nqiBE_kdLAyQ.md
nQkRG_XsGsYk.md,主域名3000份,天气环境,300,https://github.com/51chiguawang319/202609/blob/main/20260927/nQkRG_XsGsYk.md,https://raw.githubusercontent.com/51chiguawang319/202609/main/20260927/nQkRG_XsGsYk.md
NqpTC_Meoyox.md,主域名3000份,体育赛事,300,https://github.com/51chiguawang319/202609/blob/main/20260927/NqpTC_Meoyox.md,https://raw.githubusercontent.com/51chiguawang319/202609/main/20260927/NqpTC_Meoyox.md
NQqZV_GflZKw.md,主域名3000份,科技数码,300,https://github.com/51chiguawang319/202609/blob/main/20260927/NQqZV_GflZKw.md,https://raw.githubusercontent.com/51chiguawang319/202609/main/20260927/NQqZV_GflZKw.md
nqRri_VPVpmm.md,主域名3000份,体育赛事,300,https://github.com/51chiguawang319/202609/blob/main/20260927/nqRri_VPVpmm.md,https://raw.githubusercontent.com/51chiguawang319/202609/main/20260927/nqRri_VPVpmm.md
NQuRn_aYLxnq.md,主域名3000份,天气环境,300,https://github.com/51chiguawang319/202609/blob/main/20260927/NQuRn_aYLxnq.md,https://raw.githubusercontent.com/51chiguawang319/202609/main/20260927/NQuRn_aYLxnq.md
NRdAg_KIxfwt.md,主域名3000份,文化娱乐,300,https://github.com/51chiguawang319/202609/blob/main/20260927/NRdAg_KIxfwt.md,https://raw.githubusercontent.com/51chiguawang319/202609/main/20260927/NRdAg_KIxfwt.md
nRGXf_NmjFgP.md,主域名3000份,文化娱乐,300,https://github.com/51chiguawang319/202609/blob/main/20260927/nRGXf_NmjFgP.md,https://raw.githubusercontent.com/51chiguawang319/202609/main/20260927/nRGXf_NmjFgP.md
NRJMh_nrzzAY.md,主域名3000份,文化娱乐,300,https://github.com/51chiguawang319/202609/blob/main/20260927/NRJMh_nrzzAY.md,https://raw.githubusercontent.com/51chiguawang319/202609/main/20260927/NRJMh_nrzzAY.md
nROdk_qvDCvL.md,泛二级1000份,财经商业,300,https://github.com/51chiguawang319/202609/blob/main/20260927/nROdk_qvDCvL.md,https://raw.githubusercontent.com/51chiguawang319/202609/main/20260927/nROdk_qvDCvL.md
nRQTK_cEPXwx.md,主域名3000份,财经商业,300,https://github.com/51chiguawang319/202609/blob/main/20260927/nRQTK_cEPXwx.md,https://raw.githubusercontent.com/51chiguawang319/202609/main/20260927/nRQTK_cEPXwx.md
NRzTo_omzwQH.md,主域名3000份,财经商业,300,https://github.com/51chiguawang319/202609/blob/main/20260927/NRzTo_omzwQH.md,https://raw.githubusercontent.com/51chiguawang319/202609/main/20260927/NRzTo_omzwQH.md
NsDFf_VrfsKO.md,主域名3000份,体育赛事,300,https://github.com/51chiguawang319/202609/blob/main/20260927/NsDFf_VrfsKO.md,https://raw.githubusercontent.com/51chiguawang319/202609/main/20260927/NsDFf_VrfsKO.md
nSdgL_QPcQUV.md,主域名3000份,体育赛事,300,https://github.com/51chiguawang319/202609/blob/main/20260927/nSdgL_QPcQUV.md,https://raw.githubusercontent.com/51chiguawang319/202609/main/20260927/nSdgL_QPcQUV.md
nshcO_JpTAqp.md,主域名3000份,科技数码,300,https://github.com/51chiguawang319/202609/blob/main/20260927/nshcO_JpTAqp.md,https://raw.githubusercontent.com/51chiguawang319/202609/main/20260927/nshcO_JpTAqp.md
NskQK_ZnneVU.md,泛二级1000份,文化娱乐,300,https://github.com/51chiguawang319/202609/blob/main/20260927/NskQK_ZnneVU.md,https://raw.githubusercontent.com/51chiguawang319/202609/main/20260927/NskQK_ZnneVU.md
nsnSO_cLMzTt.md,泛二级1000份,文化娱乐,300,https://github.com/51chiguawang319/202609/blob/main/20260927/nsnSO_cLMzTt.md,https://raw.githubusercontent.com/51chiguawang319/202609/main/20260927/nsnSO_cLMzTt.md
Nsvnk_BdEWKY.md,泛二级1000份,天气环境,300,https://github.com/51chiguawang319/202609/blob/main/20260927/Nsvnk_BdEWKY.md,https://raw.githubusercontent.com/51chiguawang319/202609/main/20260927/Nsvnk_BdEWKY.md
NsXlk_zFEtbU.md,主域名3000份,健康医疗,300,https://github.com/51chiguawang319/202609/blob/main/20260927/NsXlk_zFEtbU.md,https://raw.githubusercontent.com/51chiguawang319/202609/main/20260927/NsXlk_zFEtbU.md
NSxpk_NcGFRi.md,主域名3000份,财经商业,300,https://github.com/51chiguawang319/202609/blob/main/20260927/NSxpk_NcGFRi.md,https://raw.githubusercontent.com/51chiguawang319/202609/main/20260927/NSxpk_NcGFRi.md
Nsxzh_SXISWr.md,主域名3000份,文化娱乐,300,https://github.com/51chiguawang319/202609/blob/main/20260927/Nsxzh_SXISWr.md,https://raw.githubusercontent.com/51chiguawang319/202609/main/20260927/Nsxzh_SXISWr.md
nsYNf_yhNdNK.md,主域名3000份,科技数码,300,https://github.com/51chiguawang319/202609/blob/main/20260927/nsYNf_yhNdNK.md,https://raw.githubusercontent.com/51chiguawang319/202609/main/20260927/nsYNf_yhNdNK.md
NtiJi_PePDoH.md,主域名3000份,财经商业,300,https://github.com/51chiguawang319/202609/blob/main/20260927/NtiJi_PePDoH.md,https://raw.githubusercontent.com/51chiguawang319/202609/main/20260927/NtiJi_PePDoH.md
ntLwH_CCcsqw.md,主域名3000份,天气环境,300,https://github.com/51chiguawang319/202609/blob/main/20260927/ntLwH_CCcsqw.md,https://raw.githubusercontent.com/51chiguawang319/202609/main/20260927/ntLwH_CCcsqw.md
NTMpo_CNXRFw.md,泛二级1000份,财经商业,300,https://github.com/51chiguawang319/202609/blob/main/20260927/NTMpo_CNXRFw.md,https://raw.githubusercontent.com/51chiguawang319/202609/main/20260927/NTMpo_CNXRFw.md
NTRcB_xdsPFJ.md,泛二级1000份,财经商业,300,https://github.com/51chiguawang319/202609/blob/main/20260927/NTRcB_xdsPFJ.md,https://raw.githubusercontent.com/51chiguawang319/202609/main/20260927/NTRcB_xdsPFJ.md
ntRwx_WIVtHd.md,主域名3000份,健康医疗,300,https://github.com/51chiguawang319/202609/blob/main/20260927/ntRwx_WIVtHd.md,https://raw.githubusercontent.com/51chiguawang319/202609/main/20260927/ntRwx_WIVtHd.md
nTvlb_cadjOU.md,主域名3000份,文化娱乐,300,https://github.com/51chiguawang319/202609/blob/main/20260927/nTvlb_cadjOU.md,https://raw.githubusercontent.com/51chiguawang319/202609/main/20260927/nTvlb_cadjOU.md
NTXzY_CrFeyQ.md,泛二级1000份,天气环境,300,https://github.com/51chiguawang319/202609/blob/main/20260927/NTXzY_CrFeyQ.md,https://raw.githubusercontent.com/51chiguawang319/202609/main/20260927/NTXzY_CrFeyQ.md
NUEMd_SLJxKd.md,泛二级1000份,天气环境,300,https://github.com/51chiguawang319/202609/blob/main/20260927/NUEMd_SLJxKd.md,https://raw.githubusercontent.com/51chiguawang319/202609/main/20260927/NUEMd_SLJxKd.md
nULyz_DwmptE.md,主域名3000份,健康医疗,300,https://github.com/51chiguawang319/202609/blob/main/20260927/nULyz_DwmptE.md,https://raw.githubusercontent.com/51chiguawang319/202609/main/20260927/nULyz_DwmptE.md
nUNDQ_YYfhck.md,主域名3000份,文化娱乐,300,https://github.com/51chiguawang319/202609/blob/main/20260927/nUNDQ_YYfhck.md,https://raw.githubusercontent.com/51chiguawang319/202609/main/20260927/nUNDQ_YYfhck.md
nUofR_jRWOVs.md,泛二级1000份,科技数码,300,https://github.com/51chiguawang319/202609/blob/main/20260927/nUofR_jRWOVs.md,https://raw.githubusercontent.com/51chiguawang319/202609/main/20260927/nUofR_jRWOVs.md
nUrpl_UVYkMJ.md,主域名3000份,财经商业,300,https://github.com/51chiguawang319/202609/blob/main/20260927/nUrpl_UVYkMJ.md,https://raw.githubusercontent.com/51chiguawang319/202609/main/20260927/nUrpl_UVYkMJ.md
nVfgq_jmtLSt.md,泛二级1000份,财经商业,300,https://github.com/51chiguawang319/202609/blob/main/20260927/nVfgq_jmtLSt.md,https://raw.githubusercontent.com/51chiguawang319/202609/main/20260927/nVfgq_jmtLSt.md
Nvmip_tfVjJU.md,主域名3000份,财经商业,300,https://github.com/51chiguawang319/202609/blob/main/20260927/Nvmip_tfVjJU.md,https://raw.githubusercontent.com/51chiguawang319/202609/main/20260927/Nvmip_tfVjJU.md
nvpDq_JwcyiE.md,主域名3000份,体育赛事,300,https://github.com/51chiguawang319/202609/blob/main/20260927/nvpDq_JwcyiE.md,https://raw.githubusercontent.com/51chiguawang319/202609/main/20260927/nvpDq_JwcyiE.md
NvpOE_SvNnQN.md,主域名3000份,文化娱乐,300,https://github.com/51chiguawang319/202609/blob/main/20260927/NvpOE_SvNnQN.md,https://raw.githubusercontent.com/51chiguawang319/202609/main/20260927/NvpOE_SvNnQN.md
nvSBM_GLkHhx.md,主域名3000份,科技数码,300,https://github.com/51chiguawang319/202609/blob/main/20260927/nvSBM_GLkHhx.md,https://raw.githubusercontent.com/51chiguawang319/202609/main/20260927/nvSBM_GLkHhx.md
nVsop_fyjySN.md,主域名3000份,文化娱乐,300,https://github.com/51chiguawang319/202609/blob/main/20260927/nVsop_fyjySN.md,https://raw.githubusercontent.com/51chiguawang319/202609/main/20260927/nVsop_fyjySN.md
NvZOO_tbmbzX.md,主域名3000份,健康医疗,300,https://github.com/51chiguawang319/202609/blob/main/20260927/NvZOO_tbmbzX.md,https://raw.githubusercontent.com/51chiguawang319/202609/main/20260927/NvZOO_tbmbzX.md
nWBNL_HAIQSs.md,主域名3000份,天气环境,300,https://github.com/51chiguawang319/202609/blob/main/20260927/nWBNL_HAIQSs.md,https://raw.githubusercontent.com/51chiguawang319/202609/main/20260927/nWBNL_HAIQSs.md
nwDxA_YKldhx.md,主域名3000份,健康医疗,300,https://github.com/51chiguawang319/202609/blob/main/20260927/nwDxA_YKldhx.md,https://raw.githubusercontent.com/51chiguawang319/202609/main/20260927/nwDxA_YKldhx.md
NWmof_fzSjXx.md,主域名3000份,体育赛事,300,https://github.com/51chiguawang319/202609/blob/main/20260927/NWmof_fzSjXx.md,https://raw.githubusercontent.com/51chiguawang319/202609/main/20260927/NWmof_fzSjXx.md
NWQzD_iBxywG.md,主域名3000份,财经商业,300,https://github.com/51chiguawang319/202609/blob/main/20260927/NWQzD_iBxywG.md,https://raw.githubusercontent.com/51chiguawang319/202609/main/20260927/NWQzD_iBxywG.md
NWrNC_ZrzyEQ.md,主域名3000份,天气环境,300,https://github.com/51chiguawang319/202609/blob/main/20260927/NWrNC_ZrzyEQ.md,https://raw.githubusercontent.com/51chiguawang319/202609/main/20260927/NWrNC_ZrzyEQ.md
nwwUR_JPhSEA.md,主域名3000份,健康医疗,300,https://github.com/51chiguawang319/202609/blob/main/20260927/nwwUR_JPhSEA.md,https://raw.githubusercontent.com/51chiguawang319/202609/main/20260927/nwwUR_JPhSEA.md
NxfzK_JyOVVW.md,主域名3000份,天气环境,300,https://github.com/51chiguawang319/202609/blob/main/20260927/NxfzK_JyOVVW.md,https://raw.githubusercontent.com/51chiguawang319/202609/main/20260927/NxfzK_JyOVVW.md
nXkWT_KbJWuX.md,泛二级1000份,健康医疗,300,https://github.com/51chiguawang319/202609/blob/main/20260927/nXkWT_KbJWuX.md,https://raw.githubusercontent.com/51chiguawang319/202609/main/20260927/nXkWT_KbJWuX.md
NxQjk_MFzKeq.md,主域名3000份,健康医疗,300,https://github.com/51chiguawang319/202609/blob/main/20260927/NxQjk_MFzKeq.md,https://raw.githubusercontent.com/51chiguawang319/202609/main/20260927/NxQjk_MFzKeq.md
nxrmM_MHaPTe.md,泛二级1000份,体育赛事,300,https://github.com/51chiguawang319/202609/blob/main/20260927/nxrmM_MHaPTe.md,https://raw.githubusercontent.com/51chiguawang319/202609/main/20260927/nxrmM_MHaPTe.md
NXwXY_icJpYq.md,泛二级1000份,文化娱乐,300,https://github.com/51chiguawang319/202609/blob/main/20260927/NXwXY_icJpYq.md,https://raw.githubusercontent.com/51chiguawang319/202609/main/20260927/NXwXY_icJpYq.md
nXZCv_tpjuHi.md,主域名3000份,体育赛事,300,https://github.com/51chiguawang319/202609/blob/main/20260927/nXZCv_tpjuHi.md,https://raw.githubusercontent.com/51chiguawang319/202609/main/20260927/nXZCv_tpjuHi.md
nykZl_BkomEy.md,泛二级1000份,文化娱乐,300,https://github.com/51chiguawang319/202609/blob/main/20260927/nykZl_BkomEy.md,https://raw.githubusercontent.com/51chiguawang319/202609/main/20260927/nykZl_BkomEy.md
NylYg_uFsYoD.md,主域名3000份,文化娱乐,300,https://github.com/51chiguawang319/202609/blob/main/20260927/NylYg_uFsYoD.md,https://raw.githubusercontent.com/51chiguawang319/202609/main/20260927/NylYg_uFsYoD.md
NYMJf_ZacYrA.md,主域名3000份,健康医疗,300,https://github.com/51chiguawang319/202609/blob/main/20260927/NYMJf_ZacYrA.md,https://raw.githubusercontent.com/51chiguawang319/202609/main/20260927/NYMJf_ZacYrA.md
nyOfH_mYtlFW.md,主域名3000份,健康医疗,300,https://github.com/51chiguawang319/202609/blob/main/20260927/nyOfH_mYtlFW.md,https://raw.githubusercontent.com/51chiguawang319/202609/main/20260927/nyOfH_mYtlFW.md
NyRwS_evEslz.md,主域名3000份,健康医疗,300,https://github.com/51chiguawang319/202609/blob/main/20260927/NyRwS_evEslz.md,https://raw.githubusercontent.com/51chiguawang319/202609/main/20260927/NyRwS_evEslz.md
nyuHM_rZqQBc.md,主域名3000份,天气环境,300,https://github.com/51chiguawang319/202609/blob/main/20260927/nyuHM_rZqQBc.md,https://raw.githubusercontent.com/51chiguawang319/202609/main/20260927/nyuHM_rZqQBc.md
NyUmN_nUYsdN.md,主域名3000份,科技数码,300,https://github.com/51chiguawang319/202609/blob/main/20260927/NyUmN_nUYsdN.md,https://raw.githubusercontent.com/51chiguawang319/202609/main/20260927/NyUmN_nUYsdN.md
NyvlI_mcjmvE.md,主域名3000份,科技数码,300,https://github.com/51chiguawang319/202609/blob/main/20260927/NyvlI_mcjmvE.md,https://raw.githubusercontent.com/51chiguawang319/202609/main/20260927/NyvlI_mcjmvE.md
NYXLo_mpbSmx.md,主域名3000份,财经商业,300,https://github.com/51chiguawang319/202609/blob/main/20260927/NYXLo_mpbSmx.md,https://raw.githubusercontent.com/51chiguawang319/202609/main/20260927/NYXLo_mpbSmx.md
NzbPs_FQbUfu.md,主域名3000份,文化娱乐,300,https://github.com/51chiguawang319/202609/blob/main/20260927/NzbPs_FQbUfu.md,https://raw.githubusercontent.com/51chiguawang319/202609/main/20260927/NzbPs_FQbUfu.md
NZBZm_rctTRP.md,主域名3000份,科技数码,300,https://github.com/51chiguawang319/202609/blob/main/20260927/NZBZm_rctTRP.md,https://raw.githubusercontent.com/51chiguawang319/202609/main/20260927/NZBZm_rctTRP.md
nzDET_uTcdUp.md,泛二级1000份,文化娱乐,300,https://github.com/51chiguawang319/202609/blob/main/20260927/nzDET_uTcdUp.md,https://raw.githubusercontent.com/51chiguawang319/202609/main/20260927/nzDET_uTcdUp.md
nzrCJ_KMUbSF.md,主域名3000份,天气环境,300,https://github.com/51chiguawang319/202609/blob/main/20260927/nzrCJ_KMUbSF.md,https://raw.githubusercontent.com/51chiguawang319/202609/main/20260927/nzrCJ_KMUbSF.md
nZRTZ_OBjsfZ.md,主域名3000份,科技数码,300,https://github.com/51chiguawang319/202609/blob/main/20260927/nZRTZ_OBjsfZ.md,https://raw.githubusercontent.com/51chiguawang319/202609/main/20260927/nZRTZ_OBjsfZ.md
NztcM_ZyDuyc.md,泛二级1000份,健康医疗,300,https://github.com/51chiguawang319/202609/blob/main/20260927/NztcM_ZyDuyc.md,https://raw.githubusercontent.com/51chiguawang319/202609/main/20260927/NztcM_ZyDuyc.md
oacaP_bIpmNg.md,主域名3000份,财经商业,300,https://github.com/51chiguawang319/202609/blob/main/20260927/oacaP_bIpmNg.md,https://raw.githubusercontent.com/51chiguawang319/202609/main/20260927/oacaP_bIpmNg.md
OAGfQ_Vvinqw.md,主域名3000份,体育赛事,300,https://github.com/51chiguawang319/202609/blob/main/20260927/OAGfQ_Vvinqw.md,https://raw.githubusercontent.com/51chiguawang319/202609/main/20260927/OAGfQ_Vvinqw.md
OAigg_VlvWOH.md,主域名3000份,文化娱乐,300,https://github.com/51chiguawang319/202609/blob/main/20260927/OAigg_VlvWOH.md,https://raw.githubusercontent.com/51chiguawang319/202609/main/20260927/OAigg_VlvWOH.md
oAJQc_lxxlJF.md,泛二级1000份,文化娱乐,300,https://github.com/51chiguawang319/202609/blob/main/20260927/oAJQc_lxxlJF.md,https://raw.githubusercontent.com/51chiguawang319/202609/main/20260927/oAJQc_lxxlJF.md
obaYU_jieIDY.md,主域名3000份,科技数码,300,https://github.com/51chiguawang319/202609/blob/main/20260927/obaYU_jieIDY.md,https://raw.githubusercontent.com/51chiguawang319/202609/main/20260927/obaYU_jieIDY.md
obDRy_zTOFCB.md,主域名3000份,天气环境,300,https://github.com/51chiguawang319/202609/blob/main/20260927/obDRy_zTOFCB.md,https://raw.githubusercontent.com/51chiguawang319/202609/main/20260927/obDRy_zTOFCB.md
obetX_GYGugl.md,主域名3000份,健康医疗,300,https://github.com/51chiguawang319/202609/blob/main/20260927/obetX_GYGugl.md,https://raw.githubusercontent.com/51chiguawang319/202609/main/20260927/obetX_GYGugl.md
oBOnX_wSgswV.md,主域名3000份,天气环境,300,https://github.com/51chiguawang319/202609/blob/main/20260927/oBOnX_wSgswV.md,https://raw.githubusercontent.com/51chiguawang319/202609/main/20260927/oBOnX_wSgswV.md
OBTxR_vIYwHd.md,主域名3000份,天气环境,300,https://github.com/51chiguawang319/202609/blob/main/20260927/OBTxR_vIYwHd.md,https://raw.githubusercontent.com/51chiguawang319/202609/main/20260927/OBTxR_vIYwHd.md
obZcK_IWGbEo.md,主域名3000份,财经商业,300,https://github.com/51chiguawang319/202609/blob/main/20260927/obZcK_IWGbEo.md,https://raw.githubusercontent.com/51chiguawang319/202609/main/20260927/obZcK_IWGbEo.md
OCkNY_oMHWaQ.md,泛二级1000份,健康医疗,300,https://github.com/51chiguawang319/202609/blob/main/20260927/OCkNY_oMHWaQ.md,https://raw.githubusercontent.com/51chiguawang319/202609/main/20260927/OCkNY_oMHWaQ.md
OCoDc_cLxddB.md,泛二级1000份,财经商业,300,https://github.com/51chiguawang319/202609/blob/main/20260927/OCoDc_cLxddB.md,https://raw.githubusercontent.com/51chiguawang319/202609/main/20260927/OCoDc_cLxddB.md
oCrnI_XnRZEX.md,主域名3000份,体育赛事,300,https://github.com/51chiguawang319/202609/blob/main/20260927/oCrnI_XnRZEX.md,https://raw.githubusercontent.com/51chiguawang319/202609/main/20260927/oCrnI_XnRZEX.md
ocRwf_HdlJvI.md,主域名3000份,文化娱乐,300,https://github.com/51chiguawang319/202609/blob/main/20260927/ocRwf_HdlJvI.md,https://raw.githubusercontent.com/51chiguawang319/202609/main/20260927/ocRwf_HdlJvI.md
oCskU_SfZVin.md,主域名3000份,健康医疗,300,https://github.com/51chiguawang319/202609/blob/main/20260927/oCskU_SfZVin.md,https://raw.githubusercontent.com/51chiguawang319/202609/main/20260927/oCskU_SfZVin.md
OcUQT_rgRWvO.md,泛二级1000份,健康医疗,300,https://github.com/51chiguawang319/202609/blob/main/20260927/OcUQT_rgRWvO.md,https://raw.githubusercontent.com/51chiguawang319/202609/main/20260927/OcUQT_rgRWvO.md
oDbnn_diSGcp.md,泛二级1000份,体育赛事,300,https://github.com/51chiguawang319/202609/blob/main/20260927/oDbnn_diSGcp.md,https://raw.githubusercontent.com/51chiguawang319/202609/main/20260927/oDbnn_diSGcp.md
ODeKq_CGLDHu.md,主域名3000份,健康医疗,300,https://github.com/51chiguawang319/202609/blob/main/20260927/ODeKq_CGLDHu.md,https://raw.githubusercontent.com/51chiguawang319/202609/main/20260927/ODeKq_CGLDHu.md
odeZw_gDABaE.md,主域名3000份,财经商业,300,https://github.com/51chiguawang319/202609/blob/main/20260927/odeZw_gDABaE.md,https://raw.githubusercontent.com/51chiguawang319/202609/main/20260927/odeZw_gDABaE.md
OdiJQ_xWIUIE.md,主域名3000份,文化娱乐,300,https://github.com/51chiguawang319/202609/blob/main/20260927/OdiJQ_xWIUIE.md,https://raw.githubusercontent.com/51chiguawang319/202609/main/20260927/OdiJQ_xWIUIE.md
OdRSm_xIJmOa.md,泛二级1000份,文化娱乐,300,https://github.com/51chiguawang319/202609/blob/main/20260927/OdRSm_xIJmOa.md,https://raw.githubusercontent.com/51chiguawang319/202609/main/20260927/OdRSm_xIJmOa.md
OdVSK_HctuRG.md,主域名3000份,财经商业,300,https://github.com/51chiguawang319/202609/blob/main/20260927/OdVSK_HctuRG.md,https://raw.githubusercontent.com/51chiguawang319/202609/main/20260927/OdVSK_HctuRG.md
oeCFE_XEvbHJ.md,主域名3000份,体育赛事,300,https://github.com/51chiguawang319/202609/blob/main/20260927/oeCFE_XEvbHJ.md,https://raw.githubusercontent.com/51chiguawang319/202609/main/20260927/oeCFE_XEvbHJ.md
oEIJJ_ITtIaZ.md,主域名3000份,天气环境,300,https://github.com/51chiguawang319/202609/blob/main/20260927/oEIJJ_ITtIaZ.md,https://raw.githubusercontent.com/51chiguawang319/202609/main/20260927/oEIJJ_ITtIaZ.md
oELIm_RKYVTs.md,主域名3000份,财经商业,300,https://github.com/51chiguawang319/202609/blob/main/20260927/oELIm_RKYVTs.md,https://raw.githubusercontent.com/51chiguawang319/202609/main/20260927/oELIm_RKYVTs.md
OEQDo_RpMtYi.md,主域名3000份,健康医疗,300,https://github.com/51chiguawang319/202609/blob/main/20260927/OEQDo_RpMtYi.md,https://raw.githubusercontent.com/51chiguawang319/202609/main/20260927/OEQDo_RpMtYi.md
oEtdA_iUsIRj.md,主域名3000份,科技数码,300,https://github.com/51chiguawang319/202609/blob/main/20260927/oEtdA_iUsIRj.md,https://raw.githubusercontent.com/51chiguawang319/202609/main/20260927/oEtdA_iUsIRj.md
OEXlP_jGuyox.md,主域名3000份,体育赛事,300,https://github.com/51chiguawang319/202609/blob/main/20260927/OEXlP_jGuyox.md,https://raw.githubusercontent.com/51chiguawang319/202609/main/20260927/OEXlP_jGuyox.md
OEZay_FIbDkO.md,泛二级1000份,财经商业,300,https://github.com/51chiguawang319/202609/blob/main/20260927/OEZay_FIbDkO.md,https://raw.githubusercontent.com/51chiguawang319/202609/main/20260927/OEZay_FIbDkO.md
OFhHk_snCNiC.md,主域名3000份,文化娱乐,300,https://github.com/51chiguawang319/202609/blob/main/20260927/OFhHk_snCNiC.md,https://raw.githubusercontent.com/51chiguawang319/202609/main/20260927/OFhHk_snCNiC.md
OfkFi_xUCdzc.md,主域名3000份,体育赛事,300,https://github.com/51chiguawang319/202609/blob/main/20260927/OfkFi_xUCdzc.md,https://raw.githubusercontent.com/51chiguawang319/202609/main/20260927/OfkFi_xUCdzc.md
ofSuA_IZDGQj.md,主域名3000份,天气环境,300,https://github.com/51chiguawang319/202609/blob/main/20260927/ofSuA_IZDGQj.md,https://raw.githubusercontent.com/51chiguawang319/202609/main/20260927/ofSuA_IZDGQj.md
oFuCo_yjUBEq.md,主域名3000份,科技数码,300,https://github.com/51chiguawang319/202609/blob/main/20260927/oFuCo_yjUBEq.md,https://raw.githubusercontent.com/51chiguawang319/202609/main/20260927/oFuCo_yjUBEq.md
oGCEc_CPKpCD.md,主域名3000份,体育赛事,300,https://github.com/51chiguawang319/202609/blob/main/20260927/oGCEc_CPKpCD.md,https://raw.githubusercontent.com/51chiguawang319/202609/main/20260927/oGCEc_CPKpCD.md
OGDmm_GhPrYF.md,主域名3000份,科技数码,300,https://github.com/51chiguawang319/202609/blob/main/20260927/OGDmm_GhPrYF.md,https://raw.githubusercontent.com/51chiguawang319/202609/main/20260927/OGDmm_GhPrYF.md
oGFBz_rKdxih.md,主域名3000份,文化娱乐,300,https://github.com/51chiguawang319/202609/blob/main/20260927/oGFBz_rKdxih.md,https://raw.githubusercontent.com/51chiguawang319/202609/main/20260927/oGFBz_rKdxih.md
OGhpH_ACUBbI.md,主域名3000份,文化娱乐,300,https://github.com/51chiguawang319/202609/blob/main/20260927/OGhpH_ACUBbI.md,https://raw.githubusercontent.com/51chiguawang319/202609/main/20260927/OGhpH_ACUBbI.md
oGLiV_Pqrwsx.md,泛二级1000份,体育赛事,300,https://github.com/51chiguawang319/202609/blob/main/20260927/oGLiV_Pqrwsx.md,https://raw.githubusercontent.com/51chiguawang319/202609/main/20260927/oGLiV_Pqrwsx.md
OgLpf_IZqdND.md,泛二级1000份,天气环境,300,https://github.com/51chiguawang319/202609/blob/main/20260927/OgLpf_IZqdND.md,https://raw.githubusercontent.com/51chiguawang319/202609/main/20260927/OgLpf_IZqdND.md
ogpCs_NGuDQK.md,主域名3000份,天气环境,300,https://github.com/51chiguawang319/202609/blob/main/20260927/ogpCs_NGuDQK.md,https://raw.githubusercontent.com/51chiguawang319/202609/main/20260927/ogpCs_NGuDQK.md
OGxOe_bIsEWF.md,主域名3000份,文化娱乐,300,https://github.com/51chiguawang319/202609/blob/main/20260927/OGxOe_bIsEWF.md,https://raw.githubusercontent.com/51chiguawang319/202609/main/20260927/OGxOe_bIsEWF.md
OgzKm_LhNwVG.md,泛二级1000份,科技数码,300,https://github.com/51chiguawang319/202609/blob/main/20260927/OgzKm_LhNwVG.md,https://raw.githubusercontent.com/51chiguawang319/202609/main/20260927/OgzKm_LhNwVG.md
OhPsZ_igZFzH.md,主域名3000份,体育赛事,300,https://github.com/51chiguawang319/202609/blob/main/20260927/OhPsZ_igZFzH.md,https://raw.githubusercontent.com/51chiguawang319/202609/main/20260927/OhPsZ_igZFzH.md
ohRzq_DUQBNz.md,泛二级1000份,体育赛事,300,https://github.com/51chiguawang319/202609/blob/main/20260927/ohRzq_DUQBNz.md,https://raw.githubusercontent.com/51chiguawang319/202609/main/20260927/ohRzq_DUQBNz.md
OHThH_vmtqDD.md,主域名3000份,健康医疗,300,https://github.com/51chiguawang319/202609/blob/main/20260927/OHThH_vmtqDD.md,https://raw.githubusercontent.com/51chiguawang319/202609/main/20260927/OHThH_vmtqDD.md
oHWFr_UWHxwS.md,主域名3000份,健康医疗,300,https://github.com/51chiguawang319/202609/blob/main/20260927/oHWFr_UWHxwS.md,https://raw.githubusercontent.com/51chiguawang319/202609/main/20260927/oHWFr_UWHxwS.md
OhWwl_kdnLqt.md,主域名3000份,文化娱乐,300,https://github.com/51chiguawang319/202609/blob/main/20260927/OhWwl_kdnLqt.md,https://raw.githubusercontent.com/51chiguawang319/202609/main/20260927/OhWwl_kdnLqt.md
OHyON_bBLJTc.md,主域名3000份,财经商业,300,https://github.com/51chiguawang319/202609/blob/main/20260927/OHyON_bBLJTc.md,https://raw.githubusercontent.com/51chiguawang319/202609/main/20260927/OHyON_bBLJTc.md
OiPuY_XRbsVi.md,泛二级1000份,文化娱乐,300,https://github.com/51chiguawang319/202609/blob/main/20260927/OiPuY_XRbsVi.md,https://raw.githubusercontent.com/51chiguawang319/202609/main/20260927/OiPuY_XRbsVi.md
oIsWg_RFpgGv.md,泛二级1000份,健康医疗,300,https://github.com/51chiguawang319/202609/blob/main/20260927/oIsWg_RFpgGv.md,https://raw.githubusercontent.com/51chiguawang319/202609/main/20260927/oIsWg_RFpgGv.md
oiuaR_GCMTDl.md,泛二级1000份,体育赛事,300,https://github.com/51chiguawang319/202609/blob/main/20260927/oiuaR_GCMTDl.md,https://raw.githubusercontent.com/51chiguawang319/202609/main/20260927/oiuaR_GCMTDl.md
OIVqA_sSlgCU.md,主域名3000份,文化娱乐,300,https://github.com/51chiguawang319/202609/blob/main/20260927/OIVqA_sSlgCU.md,https://raw.githubusercontent.com/51chiguawang319/202609/main/20260927/OIVqA_sSlgCU.md
OixBK_qxmCfp.md,主域名3000份,文化娱乐,300,https://github.com/51chiguawang319/202609/blob/main/20260927/OixBK_qxmCfp.md,https://raw.githubusercontent.com/51chiguawang319/202609/main/20260927/OixBK_qxmCfp.md
oiYvE_pvtBxa.md,主域名3000份,天气环境,300,https://github.com/51chiguawang319/202609/blob/main/20260927/oiYvE_pvtBxa.md,https://raw.githubusercontent.com/51chiguawang319/202609/main/20260927/oiYvE_pvtBxa.md
OjAxI_KlftCW.md,主域名3000份,科技数码,300,https://github.com/51chiguawang319/202609/blob/main/20260927/OjAxI_KlftCW.md,https://raw.githubusercontent.com/51chiguawang319/202609/main/20260927/OjAxI_KlftCW.md
Ojcoa_KRBTpy.md,主域名3000份,财经商业,300,https://github.com/51chiguawang319/202609/blob/main/20260927/Ojcoa_KRBTpy.md,https://raw.githubusercontent.com/51chiguawang319/202609/main/20260927/Ojcoa_KRBTpy.md
OjcTo_lAvRQn.md,主域名3000份,健康医疗,300,https://github.com/51chiguawang319/202609/blob/main/20260927/OjcTo_lAvRQn.md,https://raw.githubusercontent.com/51chiguawang319/202609/main/20260927/OjcTo_lAvRQn.md
OjWed_SbbBON.md,主域名3000份,财经商业,300,https://github.com/51chiguawang319/202609/blob/main/20260927/OjWed_SbbBON.md,https://raw.githubusercontent.com/51chiguawang319/202609/main/20260927/OjWed_SbbBON.md
OjxeB_OYYPWh.md,主域名3000份,天气环境,300,https://github.com/51chiguawang319/202609/blob/main/20260927/OjxeB_OYYPWh.md,https://raw.githubusercontent.com/51chiguawang319/202609/main/20260927/OjxeB_OYYPWh.md
OjXuu_nhYlNG.md,主域名3000份,天气环境,300,https://github.com/51chiguawang319/202609/blob/main/20260927/OjXuu_nhYlNG.md,https://raw.githubusercontent.com/51chiguawang319/202609/main/20260927/OjXuu_nhYlNG.md
OkAOR_AFoJVn.md,主域名3000份,天气环境,300,https://github.com/51chiguawang319/202609/blob/main/20260927/OkAOR_AFoJVn.md,https://raw.githubusercontent.com/51chiguawang319/202609/main/20260927/OkAOR_AFoJVn.md
oKDsd_VZLoPQ.md,主域名3000份,体育赛事,300,https://github.com/51chiguawang319/202609/blob/main/20260927/oKDsd_VZLoPQ.md,https://raw.githubusercontent.com/51chiguawang319/202609/main/20260927/oKDsd_VZLoPQ.md
oKlcF_BgkOvI.md,主域名3000份,天气环境,300,https://github.com/51chiguawang319/202609/blob/main/20260927/oKlcF_BgkOvI.md,https://raw.githubusercontent.com/51chiguawang319/202609/main/20260927/oKlcF_BgkOvI.md
OkPDF_gEEerg.md,主域名3000份,体育赛事,300,https://github.com/51chiguawang319/202609/blob/main/20260927/OkPDF_gEEerg.md,https://raw.githubusercontent.com/51chiguawang319/202609/main/20260927/OkPDF_gEEerg.md
OKwQU_XFyCYz.md,主域名3000份,文化娱乐,300,https://github.com/51chiguawang319/202609/blob/main/20260927/OKwQU_XFyCYz.md,https://raw.githubusercontent.com/51chiguawang319/202609/main/20260927/OKwQU_XFyCYz.md
oLIcy_qLSLRD.md,主域名3000份,健康医疗,300,https://github.com/51chiguawang319/202609/blob/main/20260927/oLIcy_qLSLRD.md,https://raw.githubusercontent.com/51chiguawang319/202609/main/20260927/oLIcy_qLSLRD.md
OlsFK_LOLbug.md,主域名3000份,天气环境,300,https://github.com/51chiguawang319/202609/blob/main/20260927/OlsFK_LOLbug.md,https://raw.githubusercontent.com/51chiguawang319/202609/main/20260927/OlsFK_LOLbug.md
oltSC_LjjGHw.md,主域名3000份,财经商业,300,https://github.com/51chiguawang319/202609/blob/main/20260927/oltSC_LjjGHw.md,https://raw.githubusercontent.com/51chiguawang319/202609/main/20260927/oltSC_LjjGHw.md
oLWkK_NgAcLq.md,主域名3000份,文化娱乐,300,https://github.com/51chiguawang319/202609/blob/main/20260927/oLWkK_NgAcLq.md,https://raw.githubusercontent.com/51chiguawang319/202609/main/20260927/oLWkK_NgAcLq.md
OlWXr_rYTyRs.md,主域名3000份,财经商业,300,https://github.com/51chiguawang319/202609/blob/main/20260927/OlWXr_rYTyRs.md,https://raw.githubusercontent.com/51chiguawang319/202609/main/20260927/OlWXr_rYTyRs.md
OLxLI_FfvSXW.md,主域名3000份,天气环境,300,https://github.com/51chiguawang319/202609/blob/main/20260927/OLxLI_FfvSXW.md,https://raw.githubusercontent.com/51chiguawang319/202609/main/20260927/OLxLI_FfvSXW.md
OMBoq_hwDhbe.md,主域名3000份,体育赛事,300,https://github.com/51chiguawang319/202609/blob/main/20260927/OMBoq_hwDhbe.md,https://raw.githubusercontent.com/51chiguawang319/202609/main/20260927/OMBoq_hwDhbe.md
oMGkw_zccPEe.md,泛二级1000份,科技数码,300,https://github.com/51chiguawang319/202609/blob/main/20260927/oMGkw_zccPEe.md,https://raw.githubusercontent.com/51chiguawang319/202609/main/20260927/oMGkw_zccPEe.md
oMUof_tqyCpC.md,主域名3000份,文化娱乐,300,https://github.com/51chiguawang319/202609/blob/main/20260927/oMUof_tqyCpC.md,https://raw.githubusercontent.com/51chiguawang319/202609/main/20260927/oMUof_tqyCpC.md
OMZks_JDGiBH.md,主域名3000份,科技数码,300,https://github.com/51chiguawang319/202609/blob/main/20260927/OMZks_JDGiBH.md,https://raw.githubusercontent.com/51chiguawang319/202609/main/20260927/OMZks_JDGiBH.md
oNchf_ADlzLI.md,泛二级1000份,天气环境,300,https://github.com/51chiguawang319/202609/blob/main/20260927/oNchf_ADlzLI.md,https://raw.githubusercontent.com/51chiguawang319/202609/main/20260927/oNchf_ADlzLI.md
OneoV_GjYrYj.md,主域名3000份,健康医疗,300,https://github.com/51chiguawang319/202609/blob/main/20260927/OneoV_GjYrYj.md,https://raw.githubusercontent.com/51chiguawang319/202609/main/20260927/OneoV_GjYrYj.md
onhNh_mmiROf.md,主域名3000份,财经商业,300,https://github.com/51chiguawang319/202609/blob/main/20260927/onhNh_mmiROf.md,https://raw.githubusercontent.com/51chiguawang319/202609/main/20260927/onhNh_mmiROf.md
oNnuF_xDcvWv.md,主域名3000份,科技数码,300,https://github.com/51chiguawang319/202609/blob/main/20260927/oNnuF_xDcvWv.md,https://raw.githubusercontent.com/51chiguawang319/202609/main/20260927/oNnuF_xDcvWv.md
onoQf_IqlKhz.md,主域名3000份,健康医疗,300,https://github.com/51chiguawang319/202609/blob/main/20260927/onoQf_IqlKhz.md,https://raw.githubusercontent.com/51chiguawang319/202609/main/20260927/onoQf_IqlKhz.md
OnowK_BUvlFJ.md,主域名3000份,科技数码,300,https://github.com/51chiguawang319/202609/blob/main/20260927/OnowK_BUvlFJ.md,https://raw.githubusercontent.com/51chiguawang319/202609/main/20260927/OnowK_BUvlFJ.md
ONUbv_hEeRLr.md,主域名3000份,体育赛事,300,https://github.com/51chiguawang319/202609/blob/main/20260927/ONUbv_hEeRLr.md,https://raw.githubusercontent.com/51chiguawang319/202609/main/20260927/ONUbv_hEeRLr.md
onUPG_ihjJuQ.md,主域名3000份,文化娱乐,300,https://github.com/51chiguawang319/202609/blob/main/20260927/onUPG_ihjJuQ.md,https://raw.githubusercontent.com/51chiguawang319/202609/main/20260927/onUPG_ihjJuQ.md
OOclE_INEhRs.md,主域名3000份,健康医疗,300,https://github.com/51chiguawang319/202609/blob/main/20260927/OOclE_INEhRs.md,https://raw.githubusercontent.com/51chiguawang319/202609/main/20260927/OOclE_INEhRs.md
oOzqS_VpGbdc.md,主域名3000份,文化娱乐,300,https://github.com/51chiguawang319/202609/blob/main/20260927/oOzqS_VpGbdc.md,https://raw.githubusercontent.com/51chiguawang319/202609/main/20260927/oOzqS_VpGbdc.md
OPAwz_HfiViv.md,主域名3000份,健康医疗,300,https://github.com/51chiguawang319/202609/blob/main/20260927/OPAwz_HfiViv.md,https://raw.githubusercontent.com/51chiguawang319/202609/main/20260927/OPAwz_HfiViv.md
oPdWA_kcNzNg.md,主域名3000份,天气环境,300,https://github.com/51chiguawang319/202609/blob/main/20260927/oPdWA_kcNzNg.md,https://raw.githubusercontent.com/51chiguawang319/202609/main/20260927/oPdWA_kcNzNg.md
OpHRH_efTEBC.md,主域名3000份,天气环境,300,https://github.com/51chiguawang319/202609/blob/main/20260927/OpHRH_efTEBC.md,https://raw.githubusercontent.com/51chiguawang319/202609/main/20260927/OpHRH_efTEBC.md
OPRXa_nnaYYN.md,主域名3000份,文化娱乐,300,https://github.com/51chiguawang319/202609/blob/main/20260927/OPRXa_nnaYYN.md,https://raw.githubusercontent.com/51chiguawang319/202609/main/20260927/OPRXa_nnaYYN.md
OpXuQ_XcZwNF.md,泛二级1000份,科技数码,300,https://github.com/51chiguawang319/202609/blob/main/20260927/OpXuQ_XcZwNF.md,https://raw.githubusercontent.com/51chiguawang319/202609/main/20260927/OpXuQ_XcZwNF.md
OqCBa_VKEEMr.md,泛二级1000份,财经商业,300,https://github.com/51chiguawang319/202609/blob/main/20260927/OqCBa_VKEEMr.md,https://raw.githubusercontent.com/51chiguawang319/202609/main/20260927/OqCBa_VKEEMr.md
OqKCA_uNlPDU.md,主域名3000份,科技数码,300,https://github.com/51chiguawang319/202609/blob/main/20260927/OqKCA_uNlPDU.md,https://raw.githubusercontent.com/51chiguawang319/202609/main/20260927/OqKCA_uNlPDU.md
OqkRc_NRILrn.md,主域名3000份,健康医疗,300,https://github.com/51chiguawang319/202609/blob/main/20260927/OqkRc_NRILrn.md,https://raw.githubusercontent.com/51chiguawang319/202609/main/20260927/OqkRc_NRILrn.md
OqnpW_RnVHps.md,主域名3000份,天气环境,300,https://github.com/51chiguawang319/202609/blob/main/20260927/OqnpW_RnVHps.md,https://raw.githubusercontent.com/51chiguawang319/202609/main/20260927/OqnpW_RnVHps.md
oqxGr_RUoVFd.md,泛二级1000份,科技数码,300,https://github.com/51chiguawang319/202609/blob/main/20260927/oqxGr_RUoVFd.md,https://raw.githubusercontent.com/51chiguawang319/202609/main/20260927/oqxGr_RUoVFd.md
OQykb_lMIMyA.md,泛二级1000份,文化娱乐,300,https://github.com/51chiguawang319/202609/blob/main/20260927/OQykb_lMIMyA.md,https://raw.githubusercontent.com/51chiguawang319/202609/main/20260927/OQykb_lMIMyA.md
orbCs_zMDioS.md,主域名3000份,体育赛事,300,https://github.com/51chiguawang319/202609/blob/main/20260927/orbCs_zMDioS.md,https://raw.githubusercontent.com/51chiguawang319/202609/main/20260927/orbCs_zMDioS.md
oRdKA_POdNUe.md,主域名3000份,体育赛事,300,https://github.com/51chiguawang319/202609/blob/main/20260927/oRdKA_POdNUe.md,https://raw.githubusercontent.com/51chiguawang319/202609/main/20260927/oRdKA_POdNUe.md
OrInA_FdmepQ.md,主域名3000份,天气环境,300,https://github.com/51chiguawang319/202609/blob/main/20260927/OrInA_FdmepQ.md,https://raw.githubusercontent.com/51chiguawang319/202609/main/20260927/OrInA_FdmepQ.md
ORNiq_BinCol.md,主域名3000份,科技数码,300,https://github.com/51chiguawang319/202609/blob/main/20260927/ORNiq_BinCol.md,https://raw.githubusercontent.com/51chiguawang319/202609/main/20260927/ORNiq_BinCol.md
ORoJg_ASBYWf.md,主域名3000份,天气环境,300,https://github.com/51chiguawang319/202609/blob/main/20260927/ORoJg_ASBYWf.md,https://raw.githubusercontent.com/51chiguawang319/202609/main/20260927/ORoJg_ASBYWf.md
ORRQw_QJWJwo.md,泛二级1000份,体育赛事,300,https://github.com/51chiguawang319/202609/blob/main/20260927/ORRQw_QJWJwo.md,https://raw.githubusercontent.com/51chiguawang319/202609/main/20260927/ORRQw_QJWJwo.md
OsAgv_WbyoMC.md,主域名3000份,文化娱乐,300,https://github.com/51chiguawang319/202609/blob/main/20260927/OsAgv_WbyoMC.md,https://raw.githubusercontent.com/51chiguawang319/202609/main/20260927/OsAgv_WbyoMC.md
OSCex_zKmweF.md,主域名3000份,文化娱乐,300,https://github.com/51chiguawang319/202609/blob/main/20260927/OSCex_zKmweF.md,https://raw.githubusercontent.com/51chiguawang319/202609/main/20260927/OSCex_zKmweF.md
osGKJ_sbXMCR.md,主域名3000份,健康医疗,300,https://github.com/51chiguawang319/202609/blob/main/20260927/osGKJ_sbXMCR.md,https://raw.githubusercontent.com/51chiguawang319/202609/main/20260927/osGKJ_sbXMCR.md
osLUj_axQAFE.md,主域名3000份,健康医疗,300,https://github.com/51chiguawang319/202609/blob/main/20260927/osLUj_axQAFE.md,https://raw.githubusercontent.com/51chiguawang319/202609/main/20260927/osLUj_axQAFE.md
Oswse_TGiUiu.md,主域名3000份,财经商业,300,https://github.com/51chiguawang319/202609/blob/main/20260927/Oswse_TGiUiu.md,https://raw.githubusercontent.com/51chiguawang319/202609/main/20260927/Oswse_TGiUiu.md
OsXZd_Tcskxa.md,主域名3000份,科技数码,300,https://github.com/51chiguawang319/202609/blob/main/20260927/OsXZd_Tcskxa.md,https://raw.githubusercontent.com/51chiguawang319/202609/main/20260927/OsXZd_Tcskxa.md
oSYjL_iVdDmw.md,主域名3000份,科技数码,300,https://github.com/51chiguawang319/202609/blob/main/20260927/oSYjL_iVdDmw.md,https://raw.githubusercontent.com/51chiguawang319/202609/main/20260927/oSYjL_iVdDmw.md
OteMa_RSSQoY.md,主域名3000份,健康医疗,300,https://github.com/51chiguawang319/202609/blob/main/20260927/OteMa_RSSQoY.md,https://raw.githubusercontent.com/51chiguawang319/202609/main/20260927/OteMa_RSSQoY.md
oteZH_arKREL.md,主域名3000份,健康医疗,300,https://github.com/51chiguawang319/202609/blob/main/20260927/oteZH_arKREL.md,https://raw.githubusercontent.com/51chiguawang319/202609/main/20260927/oteZH_arKREL.md
oTjQL_rPvetP.md,主域名3000份,财经商业,300,https://github.com/51chiguawang319/202609/blob/main/20260927/oTjQL_rPvetP.md,https://raw.githubusercontent.com/51chiguawang319/202609/main/20260927/oTjQL_rPvetP.md
otSaU_BSOjHY.md,泛二级1000份,体育赛事,300,https://github.com/51chiguawang319/202609/blob/main/20260927/otSaU_BSOjHY.md,https://raw.githubusercontent.com/51chiguawang319/202609/main/20260927/otSaU_BSOjHY.md
ottBN_UIWehI.md,主域名3000份,体育赛事,300,https://github.com/51chiguawang319/202609/blob/main/20260927/ottBN_UIWehI.md,https://raw.githubusercontent.com/51chiguawang319/202609/main/20260927/ottBN_UIWehI.md
otxAX_vzDRXj.md,主域名3000份,健康医疗,300,https://github.com/51chiguawang319/202609/blob/main/20260927/otxAX_vzDRXj.md,https://raw.githubusercontent.com/51chiguawang319/202609/main/20260927/otxAX_vzDRXj.md
oTYcs_yRaZYh.md,泛二级1000份,健康医疗,300,https://github.com/51chiguawang319/202609/blob/main/20260927/oTYcs_yRaZYh.md,https://raw.githubusercontent.com/51chiguawang319/202609/main/20260927/oTYcs_yRaZYh.md
oUdim_OmqXhA.md,泛二级1000份,科技数码,300,https://github.com/51chiguawang319/202609/blob/main/20260927/oUdim_OmqXhA.md,https://raw.githubusercontent.com/51chiguawang319/202609/main/20260927/oUdim_OmqXhA.md
ouELn_qKAWJR.md,主域名3000份,天气环境,300,https://github.com/51chiguawang319/202609/blob/main/20260927/ouELn_qKAWJR.md,https://raw.githubusercontent.com/51chiguawang319/202609/main/20260927/ouELn_qKAWJR.md
oupQh_JCjCja.md,主域名3000份,健康医疗,300,https://github.com/51chiguawang319/202609/blob/main/20260927/oupQh_JCjCja.md,https://raw.githubusercontent.com/51chiguawang319/202609/main/20260927/oupQh_JCjCja.md
ouTiS_ybXKPf.md,主域名3000份,体育赛事,300,https://github.com/51chiguawang319/202609/blob/main/20260927/ouTiS_ybXKPf.md,https://raw.githubusercontent.com/51chiguawang319/202609/main/20260927/ouTiS_ybXKPf.md
OUwqG_elIpaN.md,主域名3000份,科技数码,300,https://github.com/51chiguawang319/202609/blob/main/20260927/OUwqG_elIpaN.md,https://raw.githubusercontent.com/51chiguawang319/202609/main/20260927/OUwqG_elIpaN.md
OvCZa_pkHGyv.md,主域名3000份,健康医疗,300,https://github.com/51chiguawang319/202609/blob/main/20260927/OvCZa_pkHGyv.md,https://raw.githubusercontent.com/51chiguawang319/202609/main/20260927/OvCZa_pkHGyv.md
ovHud_gKFwSp.md,主域名3000份,财经商业,300,https://github.com/51chiguawang319/202609/blob/main/20260927/ovHud_gKFwSp.md,https://raw.githubusercontent.com/51chiguawang319/202609/main/20260927/ovHud_gKFwSp.md
ovvFs_zMvxwI.md,主域名3000份,健康医疗,300,https://github.com/51chiguawang319/202609/blob/main/20260927/ovvFs_zMvxwI.md,https://raw.githubusercontent.com/51chiguawang319/202609/main/20260927/ovvFs_zMvxwI.md
OvwPi_WaRaHO.md,泛二级1000份,健康医疗,300,https://github.com/51chiguawang319/202609/blob/main/20260927/OvwPi_WaRaHO.md,https://raw.githubusercontent.com/51chiguawang319/202609/main/20260927/OvwPi_WaRaHO.md
OWDFe_ayAndh.md,泛二级1000份,天气环境,300,https://github.com/51chiguawang319/202609/blob/main/20260927/OWDFe_ayAndh.md,https://raw.githubusercontent.com/51chiguawang319/202609/main/20260927/OWDFe_ayAndh.md
OWuIo_enLAxz.md,主域名3000份,文化娱乐,300,https://github.com/51chiguawang319/202609/blob/main/20260927/OWuIo_enLAxz.md,https://raw.githubusercontent.com/51chiguawang319/202609/main/20260927/OWuIo_enLAxz.md
oWVCy_oIUvNe.md,主域名3000份,文化娱乐,300,https://github.com/51chiguawang319/202609/blob/main/20260927/oWVCy_oIUvNe.md,https://raw.githubusercontent.com/51chiguawang319/202609/main/20260927/oWVCy_oIUvNe.md
OWyPd_PbYEwo.md,主域名3000份,天气环境,300,https://github.com/51chiguawang319/202609/blob/main/20260927/OWyPd_PbYEwo.md,https://raw.githubusercontent.com/51chiguawang319/202609/main/20260927/OWyPd_PbYEwo.md
oWzVh_pRvWDm.md,主域名3000份,财经商业,300,https://github.com/51chiguawang319/202609/blob/main/20260927/oWzVh_pRvWDm.md,https://raw.githubusercontent.com/51chiguawang319/202609/main/20260927/oWzVh_pRvWDm.md
oxdxO_Mkuyqt.md,泛二级1000份,财经商业,300,https://github.com/51chiguawang319/202609/blob/main/20260927/oxdxO_Mkuyqt.md,https://raw.githubusercontent.com/51chiguawang319/202609/main/20260927/oxdxO_Mkuyqt.md
OXXiO_TDWrNA.md,主域名3000份,健康医疗,300,https://github.com/51chiguawang319/202609/blob/main/20260927/OXXiO_TDWrNA.md,https://raw.githubusercontent.com/51chiguawang319/202609/main/20260927/OXXiO_TDWrNA.md
oyBeZ_XyBXQZ.md,泛二级1000份,体育赛事,300,https://github.com/51chiguawang319/202609/blob/main/20260927/oyBeZ_XyBXQZ.md,https://raw.githubusercontent.com/51chiguawang319/202609/main/20260927/oyBeZ_XyBXQZ.md
OYfrI_wRaWZG.md,主域名3000份,健康医疗,300,https://github.com/51chiguawang319/202609/blob/main/20260927/OYfrI_wRaWZG.md,https://raw.githubusercontent.com/51chiguawang319/202609/main/20260927/OYfrI_wRaWZG.md
OyPtw_oMNMCT.md,主域名3000份,天气环境,300,https://github.com/51chiguawang319/202609/blob/main/20260927/OyPtw_oMNMCT.md,https://raw.githubusercontent.com/51chiguawang319/202609/main/20260927/OyPtw_oMNMCT.md
OYSjF_zjRQLF.md,泛二级1000份,健康医疗,300,https://github.com/51chiguawang319/202609/blob/main/20260927/OYSjF_zjRQLF.md,https://raw.githubusercontent.com/51chiguawang319/202609/main/20260927/OYSjF_zjRQLF.md
OYStJ_tHYIGC.md,主域名3000份,体育赛事,300,https://github.com/51chiguawang319/202609/blob/main/20260927/OYStJ_tHYIGC.md,https://raw.githubusercontent.com/51chiguawang319/202609/main/20260927/OYStJ_tHYIGC.md
OYuxx_crpOCU.md,主域名3000份,健康医疗,300,https://github.com/51chiguawang319/202609/blob/main/20260927/OYuxx_crpOCU.md,https://raw.githubusercontent.com/51chiguawang319/202609/main/20260927/OYuxx_crpOCU.md
oyWRG_NdhIGG.md,主域名3000份,财经商业,300,https://github.com/51chiguawang319/202609/blob/main/20260927/oyWRG_NdhIGG.md,https://raw.githubusercontent.com/51chiguawang319/202609/main/20260927/oyWRG_NdhIGG.md
OZIMx_IHIyla.md,主域名3000份,文化娱乐,300,https://github.com/51chiguawang319/202609/blob/main/20260927/OZIMx_IHIyla.md,https://raw.githubusercontent.com/51chiguawang319/202609/main/20260927/OZIMx_IHIyla.md
oznmR_qcQwJU.md,主域名3000份,科技数码,300,https://github.com/51chiguawang319/202609/blob/main/20260927/oznmR_qcQwJU.md,https://raw.githubusercontent.com/51chiguawang319/202609/main/20260927/oznmR_qcQwJU.md
ozoTT_mYWWia.md,主域名3000份,财经商业,300,https://github.com/51chiguawang319/202609/blob/main/20260927/ozoTT_mYWWia.md,https://raw.githubusercontent.com/51chiguawang319/202609/main/20260927/ozoTT_mYWWia.md
OZPFp_qHDXEr.md,泛二级1000份,科技数码,300,https://github.com/51chiguawang319/202609/blob/main/20260927/OZPFp_qHDXEr.md,https://raw.githubusercontent.com/51chiguawang319/202609/main/20260927/OZPFp_qHDXEr.md
oZtFo_ycRdgD.md,主域名3000份,体育赛事,300,https://github.com/51chiguawang319/202609/blob/main/20260927/oZtFo_ycRdgD.md,https://raw.githubusercontent.com/51chiguawang319/202609/main/20260927/oZtFo_ycRdgD.md
ozwaJ_RBZbap.md,主域名3000份,文化娱乐,300,https://github.com/51chiguawang319/202609/blob/main/20260927/ozwaJ_RBZbap.md,https://raw.githubusercontent.com/51chiguawang319/202609/main/20260927/ozwaJ_RBZbap.md
OzzKn_xmwADq.md,主域名3000份,健康医疗,300,https://github.com/51chiguawang319/202609/blob/main/20260927/OzzKn_xmwADq.md,https://raw.githubusercontent.com/51chiguawang319/202609/main/20260927/OzzKn_xmwADq.md
pAaFT_XrRGtN.md,泛二级1000份,天气环境,300,https://github.com/51chiguawang319/202609/blob/main/20260927/pAaFT_XrRGtN.md,https://raw.githubusercontent.com/51chiguawang319/202609/main/20260927/pAaFT_XrRGtN.md
PACet_FsGkyJ.md,主域名3000份,体育赛事,300,https://github.com/51chiguawang319/202609/blob/main/20260927/PACet_FsGkyJ.md,https://raw.githubusercontent.com/51chiguawang319/202609/main/20260927/PACet_FsGkyJ.md
PaGgZ_aNpeaw.md,主域名3000份,天气环境,300,https://github.com/51chiguawang319/202609/blob/main/20260927/PaGgZ_aNpeaw.md,https://raw.githubusercontent.com/51chiguawang319/202609/main/20260927/PaGgZ_aNpeaw.md
PamGG_zTXHMU.md,主域名3000份,文化娱乐,300,https://github.com/51chiguawang319/202609/blob/main/20260927/PamGG_zTXHMU.md,https://raw.githubusercontent.com/51chiguawang319/202609/main/20260927/PamGG_zTXHMU.md
pamSh_raIxcq.md,主域名3000份,天气环境,300,https://github.com/51chiguawang319/202609/blob/main/20260927/pamSh_raIxcq.md,https://raw.githubusercontent.com/51chiguawang319/202609/main/20260927/pamSh_raIxcq.md
PaOEX_AfROba.md,泛二级1000份,体育赛事,300,https://github.com/51chiguawang319/202609/blob/main/20260927/PaOEX_AfROba.md,https://raw.githubusercontent.com/51chiguawang319/202609/main/20260927/PaOEX_AfROba.md
PAYlr_xdmuCv.md,主域名3000份,体育赛事,300,https://github.com/51chiguawang319/202609/blob/main/20260927/PAYlr_xdmuCv.md,https://raw.githubusercontent.com/51chiguawang319/202609/main/20260927/PAYlr_xdmuCv.md
PAyYp_RJArZk.md,泛二级1000份,科技数码,300,https://github.com/51chiguawang319/202609/blob/main/20260927/PAyYp_RJArZk.md,https://raw.githubusercontent.com/51chiguawang319/202609/main/20260927/PAyYp_RJArZk.md
pbBpw_abNWfD.md,主域名3000份,健康医疗,300,https://github.com/51chiguawang319/202609/blob/main/20260927/pbBpw_abNWfD.md,https://raw.githubusercontent.com/51chiguawang319/202609/main/20260927/pbBpw_abNWfD.md
pBEea_OGJtCd.md,主域名3000份,天气环境,300,https://github.com/51chiguawang319/202609/blob/main/20260927/pBEea_OGJtCd.md,https://raw.githubusercontent.com/51chiguawang319/202609/main/20260927/pBEea_OGJtCd.md
pbhQl_xupFXP.md,主域名3000份,天气环境,300,https://github.com/51chiguawang319/202609/blob/main/20260927/pbhQl_xupFXP.md,https://raw.githubusercontent.com/51chiguawang319/202609/main/20260927/pbhQl_xupFXP.md
PBkKd_ZLciph.md,泛二级1000份,财经商业,300,https://github.com/51chiguawang319/202609/blob/main/20260927/PBkKd_ZLciph.md,https://raw.githubusercontent.com/51chiguawang319/202609/main/20260927/PBkKd_ZLciph.md
pBrBi_TngFTI.md,主域名3000份,天气环境,300,https://github.com/51chiguawang319/202609/blob/main/20260927/pBrBi_TngFTI.md,https://raw.githubusercontent.com/51chiguawang319/202609/main/20260927/pBrBi_TngFTI.md
PBrxa_oOoRmh.md,主域名3000份,天气环境,300,https://github.com/51chiguawang319/202609/blob/main/20260927/PBrxa_oOoRmh.md,https://raw.githubusercontent.com/51chiguawang319/202609/main/20260927/PBrxa_oOoRmh.md
pbTcL_VTbPzr.md,泛二级1000份,财经商业,300,https://github.com/51chiguawang319/202609/blob/main/20260927/pbTcL_VTbPzr.md,https://raw.githubusercontent.com/51chiguawang319/202609/main/20260927/pbTcL_VTbPzr.md
pbTyx_oWFyEw.md,主域名3000份,体育赛事,300,https://github.com/51chiguawang319/202609/blob/main/20260927/pbTyx_oWFyEw.md,https://raw.githubusercontent.com/51chiguawang319/202609/main/20260927/pbTyx_oWFyEw.md
pCLEG_FazMGI.md,泛二级1000份,文化娱乐,300,https://github.com/51chiguawang319/202609/blob/main/20260927/pCLEG_FazMGI.md,https://raw.githubusercontent.com/51chiguawang319/202609/main/20260927/pCLEG_FazMGI.md
pcSHu_idFzvi.md,主域名3000份,科技数码,300,https://github.com/51chiguawang319/202609/blob/main/20260927/pcSHu_idFzvi.md,https://raw.githubusercontent.com/51chiguawang319/202609/main/20260927/pcSHu_idFzvi.md
pCthp_rVfaZA.md,主域名3000份,天气环境,300,https://github.com/51chiguawang319/202609/blob/main/20260927/pCthp_rVfaZA.md,https://raw.githubusercontent.com/51chiguawang319/202609/main/20260927/pCthp_rVfaZA.md
pCTJv_PYBrgg.md,主域名3000份,文化娱乐,300,https://github.com/51chiguawang319/202609/blob/main/20260927/pCTJv_PYBrgg.md,https://raw.githubusercontent.com/51chiguawang319/202609/main/20260927/pCTJv_PYBrgg.md
PcvDK_YlhsDL.md,主域名3000份,天气环境,300,https://github.com/51chiguawang319/202609/blob/main/20260927/PcvDK_YlhsDL.md,https://raw.githubusercontent.com/51chiguawang319/202609/main/20260927/PcvDK_YlhsDL.md
PDBQs_rtXQYb.md,泛二级1000份,文化娱乐,300,https://github.com/51chiguawang319/202609/blob/main/20260927/PDBQs_rtXQYb.md,https://raw.githubusercontent.com/51chiguawang319/202609/main/20260927/PDBQs_rtXQYb.md
pdjsK_IUylno.md,主域名3000份,文化娱乐,300,https://github.com/51chiguawang319/202609/blob/main/20260927/pdjsK_IUylno.md,https://raw.githubusercontent.com/51chiguawang319/202609/main/20260927/pdjsK_IUylno.md
PDnqv_pFLPUS.md,主域名3000份,体育赛事,300,https://github.com/51chiguawang319/202609/blob/main/20260927/PDnqv_pFLPUS.md,https://raw.githubusercontent.com/51chiguawang319/202609/main/20260927/PDnqv_pFLPUS.md
pdzAn_cRBVeQ.md,主域名3000份,体育赛事,300,https://github.com/51chiguawang319/202609/blob/main/20260927/pdzAn_cRBVeQ.md,https://raw.githubusercontent.com/51chiguawang319/202609/main/20260927/pdzAn_cRBVeQ.md
PECJb_fpMLiR.md,泛二级1000份,财经商业,300,https://github.com/51chiguawang319/202609/blob/main/20260927/PECJb_fpMLiR.md,https://raw.githubusercontent.com/51chiguawang319/202609/main/20260927/PECJb_fpMLiR.md
pEfUv_WNngUA.md,主域名3000份,天气环境,300,https://github.com/51chiguawang319/202609/blob/main/20260927/pEfUv_WNngUA.md,https://raw.githubusercontent.com/51chiguawang319/202609/main/20260927/pEfUv_WNngUA.md
pENLu_iaaaTx.md,主域名3000份,文化娱乐,300,https://github.com/51chiguawang319/202609/blob/main/20260927/pENLu_iaaaTx.md,https://raw.githubusercontent.com/51chiguawang319/202609/main/20260927/pENLu_iaaaTx.md
PEQdL_PDNkHG.md,主域名3000份,健康医疗,300,https://github.com/51chiguawang319/202609/blob/main/20260927/PEQdL_PDNkHG.md,https://raw.githubusercontent.com/51chiguawang319/202609/main/20260927/PEQdL_PDNkHG.md
perXS_yJxUxo.md,泛二级1000份,科技数码,300,https://github.com/51chiguawang319/202609/blob/main/20260927/perXS_yJxUxo.md,https://raw.githubusercontent.com/51chiguawang319/202609/main/20260927/perXS_yJxUxo.md
pFACn_jqkfZk.md,主域名3000份,科技数码,300,https://github.com/51chiguawang319/202609/blob/main/20260927/pFACn_jqkfZk.md,https://raw.githubusercontent.com/51chiguawang319/202609/main/20260927/pFACn_jqkfZk.md
pfgHe_JMTuTj.md,主域名3000份,体育赛事,300,https://github.com/51chiguawang319/202609/blob/main/20260927/pfgHe_JMTuTj.md,https://raw.githubusercontent.com/51chiguawang319/202609/main/20260927/pfgHe_JMTuTj.md
pfgsY_rLmUMq.md,主域名3000份,文化娱乐,300,https://github.com/51chiguawang319/202609/blob/main/20260927/pfgsY_rLmUMq.md,https://raw.githubusercontent.com/51chiguawang319/202609/main/20260927/pfgsY_rLmUMq.md
pFhIz_eDSIyO.md,主域名3000份,体育赛事,300,https://github.com/51chiguawang319/202609/blob/main/20260927/pFhIz_eDSIyO.md,https://raw.githubusercontent.com/51chiguawang319/202609/main/20260927/pFhIz_eDSIyO.md
pfTHU_tOwime.md,主域名3000份,天气环境,300,https://github.com/51chiguawang319/202609/blob/main/20260927/pfTHU_tOwime.md,https://raw.githubusercontent.com/51chiguawang319/202609/main/20260927/pfTHU_tOwime.md
PfvZb_XcGVXZ.md,主域名3000份,体育赛事,300,https://github.com/51chiguawang319/202609/blob/main/20260927/PfvZb_XcGVXZ.md,https://raw.githubusercontent.com/51chiguawang319/202609/main/20260927/PfvZb_XcGVXZ.md
PGAvk_ihHodl.md,主域名3000份,文化娱乐,300,https://github.com/51chiguawang319/202609/blob/main/20260927/PGAvk_ihHodl.md,https://raw.githubusercontent.com/51chiguawang319/202609/main/20260927/PGAvk_ihHodl.md
PgaVL_qMldiE.md,主域名3000份,健康医疗,300,https://github.com/51chiguawang319/202609/blob/main/20260927/PgaVL_qMldiE.md,https://raw.githubusercontent.com/51chiguawang319/202609/main/20260927/PgaVL_qMldiE.md
pGtTi_xnPrVU.md,主域名3000份,财经商业,300,https://github.com/51chiguawang319/202609/blob/main/20260927/pGtTi_xnPrVU.md,https://raw.githubusercontent.com/51chiguawang319/202609/main/20260927/pGtTi_xnPrVU.md
PgUDV_czUWwK.md,主域名3000份,健康医疗,300,https://github.com/51chiguawang319/202609/blob/main/20260927/PgUDV_czUWwK.md,https://raw.githubusercontent.com/51chiguawang319/202609/main/20260927/PgUDV_czUWwK.md
PGyxN_thesYU.md,主域名3000份,文化娱乐,300,https://github.com/51chiguawang319/202609/blob/main/20260927/PGyxN_thesYU.md,https://raw.githubusercontent.com/51chiguawang319/202609/main/20260927/PGyxN_thesYU.md
pGZdB_SAYmPs.md,泛二级1000份,财经商业,300,https://github.com/51chiguawang319/202609/blob/main/20260927/pGZdB_SAYmPs.md,https://raw.githubusercontent.com/51chiguawang319/202609/main/20260927/pGZdB_SAYmPs.md
phfFE_wPdUoY.md,泛二级1000份,健康医疗,300,https://github.com/51chiguawang319/202609/blob/main/20260927/phfFE_wPdUoY.md,https://raw.githubusercontent.com/51chiguawang319/202609/main/20260927/phfFE_wPdUoY.md
PIaLR_XZFlPz.md,主域名3000份,健康医疗,300,https://github.com/51chiguawang319/202609/blob/main/20260927/PIaLR_XZFlPz.md,https://raw.githubusercontent.com/51chiguawang319/202609/main/20260927/PIaLR_XZFlPz.md
pIBas_mRYQCb.md,泛二级1000份,体育赛事,300,https://github.com/51chiguawang319/202609/blob/main/20260927/pIBas_mRYQCb.md,https://raw.githubusercontent.com/51chiguawang319/202609/main/20260927/pIBas_mRYQCb.md
pIBxw_mnFXCl.md,主域名3000份,财经商业,300,https://github.com/51chiguawang319/202609/blob/main/20260927/pIBxw_mnFXCl.md,https://raw.githubusercontent.com/51chiguawang319/202609/main/20260927/pIBxw_mnFXCl.md
pIdHE_MQuhDQ.md,主域名3000份,科技数码,300,https://github.com/51chiguawang319/202609/blob/main/20260927/pIdHE_MQuhDQ.md,https://raw.githubusercontent.com/51chiguawang319/202609/main/20260927/pIdHE_MQuhDQ.md
piEbj_gpJDJu.md,主域名3000份,健康医疗,300,https://github.com/51chiguawang319/202609/blob/main/20260927/piEbj_gpJDJu.md,https://raw.githubusercontent.com/51chiguawang319/202609/main/20260927/piEbj_gpJDJu.md
Pifos_jgjVWe.md,主域名3000份,天气环境,300,https://github.com/51chiguawang319/202609/blob/main/20260927/Pifos_jgjVWe.md,https://raw.githubusercontent.com/51chiguawang319/202609/main/20260927/Pifos_jgjVWe.md
piGLQ_jockEY.md,主域名3000份,天气环境,300,https://github.com/51chiguawang319/202609/blob/main/20260927/piGLQ_jockEY.md,https://raw.githubusercontent.com/51chiguawang319/202609/main/20260927/piGLQ_jockEY.md
PiHbL_eYmrEw.md,主域名3000份,体育赛事,300,https://github.com/51chiguawang319/202609/blob/main/20260927/PiHbL_eYmrEw.md,https://raw.githubusercontent.com/51chiguawang319/202609/main/20260927/PiHbL_eYmrEw.md
pImcP_SSahdC.md,主域名3000份,体育赛事,300,https://github.com/51chiguawang319/202609/blob/main/20260927/pImcP_SSahdC.md,https://raw.githubusercontent.com/51chiguawang319/202609/main/20260927/pImcP_SSahdC.md
piMdj_dmhBOG.md,主域名3000份,财经商业,300,https://github.com/51chiguawang319/202609/blob/main/20260927/piMdj_dmhBOG.md,https://raw.githubusercontent.com/51chiguawang319/202609/main/20260927/piMdj_dmhBOG.md
pinNn_WjtpuU.md,主域名3000份,财经商业,300,https://github.com/51chiguawang319/202609/blob/main/20260927/pinNn_WjtpuU.md,https://raw.githubusercontent.com/51chiguawang319/202609/main/20260927/pinNn_WjtpuU.md
piPDP_BAULvn.md,泛二级1000份,科技数码,300,https://github.com/51chiguawang319/202609/blob/main/20260927/piPDP_BAULvn.md,https://raw.githubusercontent.com/51chiguawang319/202609/main/20260927/piPDP_BAULvn.md
pIZgS_WLOuwO.md,泛二级1000份,科技数码,300,https://github.com/51chiguawang319/202609/blob/main/20260927/pIZgS_WLOuwO.md,https://raw.githubusercontent.com/51chiguawang319/202609/main/20260927/pIZgS_WLOuwO.md
PIZzk_nwXMfW.md,主域名3000份,科技数码,300,https://github.com/51chiguawang319/202609/blob/main/20260927/PIZzk_nwXMfW.md,https://raw.githubusercontent.com/51chiguawang319/202609/main/20260927/PIZzk_nwXMfW.md
pjIvS_YXYPdF.md,主域名3000份,科技数码,300,https://github.com/51chiguawang319/202609/blob/main/20260927/pjIvS_YXYPdF.md,https://raw.githubusercontent.com/51chiguawang319/202609/main/20260927/pjIvS_YXYPdF.md
pjJmw_PgyDTp.md,主域名3000份,体育赛事,300,https://github.com/51chiguawang319/202609/blob/main/20260927/pjJmw_PgyDTp.md,https://raw.githubusercontent.com/51chiguawang319/202609/main/20260927/pjJmw_PgyDTp.md
PjUFb_TvpllZ.md,主域名3000份,体育赛事,300,https://github.com/51chiguawang319/202609/blob/main/20260927/PjUFb_TvpllZ.md,https://raw.githubusercontent.com/51chiguawang319/202609/main/20260927/PjUFb_TvpllZ.md
pjWWb_RXnPNB.md,主域名3000份,体育赛事,300,https://github.com/51chiguawang319/202609/blob/main/20260927/pjWWb_RXnPNB.md,https://raw.githubusercontent.com/51chiguawang319/202609/main/20260927/pjWWb_RXnPNB.md
pKblf_VONASl.md,主域名3000份,健康医疗,300,https://github.com/51chiguawang319/202609/blob/main/20260927/pKblf_VONASl.md,https://raw.githubusercontent.com/51chiguawang319/202609/main/20260927/pKblf_VONASl.md
pkCrB_HioyxZ.md,泛二级1000份,健康医疗,300,https://github.com/51chiguawang319/202609/blob/main/20260927/pkCrB_HioyxZ.md,https://raw.githubusercontent.com/51chiguawang319/202609/main/20260927/pkCrB_HioyxZ.md
pKFQx_RDYlEN.md,主域名3000份,财经商业,300,https://github.com/51chiguawang319/202609/blob/main/20260927/pKFQx_RDYlEN.md,https://raw.githubusercontent.com/51chiguawang319/202609/main/20260927/pKFQx_RDYlEN.md
PKIxf_TPrVdL.md,泛二级1000份,财经商业,300,https://github.com/51chiguawang319/202609/blob/main/20260927/PKIxf_TPrVdL.md,https://raw.githubusercontent.com/51chiguawang319/202609/main/20260927/PKIxf_TPrVdL.md
pkLlg_TUQtUc.md,主域名3000份,财经商业,300,https://github.com/51chiguawang319/202609/blob/main/20260927/pkLlg_TUQtUc.md,https://raw.githubusercontent.com/51chiguawang319/202609/main/20260927/pkLlg_TUQtUc.md
pKlRP_LDGPoU.md,主域名3000份,天气环境,300,https://github.com/51chiguawang319/202609/blob/main/20260927/pKlRP_LDGPoU.md,https://raw.githubusercontent.com/51chiguawang319/202609/main/20260927/pKlRP_LDGPoU.md
pKYde_vMZjiW.md,泛二级1000份,天气环境,300,https://github.com/51chiguawang319/202609/blob/main/20260927/pKYde_vMZjiW.md,https://raw.githubusercontent.com/51chiguawang319/202609/main/20260927/pKYde_vMZjiW.md
PlDhP_SecMpH.md,主域名3000份,体育赛事,300,https://github.com/51chiguawang319/202609/blob/main/20260927/PlDhP_SecMpH.md,https://raw.githubusercontent.com/51chiguawang319/202609/main/20260927/PlDhP_SecMpH.md
PLhIE_mclWSF.md,主域名3000份,天气环境,300,https://github.com/51chiguawang319/202609/blob/main/20260927/PLhIE_mclWSF.md,https://raw.githubusercontent.com/51chiguawang319/202609/main/20260927/PLhIE_mclWSF.md
PlIwT_guiSNx.md,主域名3000份,科技数码,300,https://github.com/51chiguawang319/202609/blob/main/20260927/PlIwT_guiSNx.md,https://raw.githubusercontent.com/51chiguawang319/202609/main/20260927/PlIwT_guiSNx.md
plJwg_Ornxjh.md,主域名3000份,体育赛事,300,https://github.com/51chiguawang319/202609/blob/main/20260927/plJwg_Ornxjh.md,https://raw.githubusercontent.com/51chiguawang319/202609/main/20260927/plJwg_Ornxjh.md
PlqWS_FBEpIZ.md,主域名3000份,体育赛事,300,https://github.com/51chiguawang319/202609/blob/main/20260927/PlqWS_FBEpIZ.md,https://raw.githubusercontent.com/51chiguawang319/202609/main/20260927/PlqWS_FBEpIZ.md
pLtmW_SApMTz.md,主域名3000份,科技数码,300,https://github.com/51chiguawang319/202609/blob/main/20260927/pLtmW_SApMTz.md,https://raw.githubusercontent.com/51chiguawang319/202609/main/20260927/pLtmW_SApMTz.md
pLtTz_CVmRRy.md,主域名3000份,财经商业,300,https://github.com/51chiguawang319/202609/blob/main/20260927/pLtTz_CVmRRy.md,https://raw.githubusercontent.com/51chiguawang319/202609/main/20260927/pLtTz_CVmRRy.md
PlvOO_xDWEfo.md,主域名3000份,文化娱乐,300,https://github.com/51chiguawang319/202609/blob/main/20260927/PlvOO_xDWEfo.md,https://raw.githubusercontent.com/51chiguawang319/202609/main/20260927/PlvOO_xDWEfo.md
plVRQ_uttnCM.md,主域名3000份,科技数码,300,https://github.com/51chiguawang319/202609/blob/main/20260927/plVRQ_uttnCM.md,https://raw.githubusercontent.com/51chiguawang319/202609/main/20260927/plVRQ_uttnCM.md
PlZyy_ujRoRC.md,泛二级1000份,财经商业,300,https://github.com/51chiguawang319/202609/blob/main/20260927/PlZyy_ujRoRC.md,https://raw.githubusercontent.com/51chiguawang319/202609/main/20260927/PlZyy_ujRoRC.md
pMeQK_KAdqPz.md,泛二级1000份,体育赛事,300,https://github.com/51chiguawang319/202609/blob/main/20260927/pMeQK_KAdqPz.md,https://raw.githubusercontent.com/51chiguawang319/202609/main/20260927/pMeQK_KAdqPz.md
pmhcV_HpKUiy.md,主域名3000份,科技数码,300,https://github.com/51chiguawang319/202609/blob/main/20260927/pmhcV_HpKUiy.md,https://raw.githubusercontent.com/51chiguawang319/202609/main/20260927/pmhcV_HpKUiy.md
pMSTj_IAPwPq.md,泛二级1000份,财经商业,300,https://github.com/51chiguawang319/202609/blob/main/20260927/pMSTj_IAPwPq.md,https://raw.githubusercontent.com/51chiguawang319/202609/main/20260927/pMSTj_IAPwPq.md
pMvTO_knweiM.md,主域名3000份,天气环境,300,https://github.com/51chiguawang319/202609/blob/main/20260927/pMvTO_knweiM.md,https://raw.githubusercontent.com/51chiguawang319/202609/main/20260927/pMvTO_knweiM.md
PMxmm_dqLRyA.md,主域名3000份,体育赛事,300,https://github.com/51chiguawang319/202609/blob/main/20260927/PMxmm_dqLRyA.md,https://raw.githubusercontent.com/51chiguawang319/202609/main/20260927/PMxmm_dqLRyA.md
pnaDM_EMtiql.md,主域名3000份,体育赛事,300,https://github.com/51chiguawang319/202609/blob/main/20260927/pnaDM_EMtiql.md,https://raw.githubusercontent.com/51chiguawang319/202609/main/20260927/pnaDM_EMtiql.md
PNdrE_eWPCux.md,主域名3000份,健康医疗,300,https://github.com/51chiguawang319/202609/blob/main/20260927/PNdrE_eWPCux.md,https://raw.githubusercontent.com/51chiguawang319/202609/main/20260927/PNdrE_eWPCux.md
pNgYt_pwuseE.md,主域名3000份,文化娱乐,300,https://github.com/51chiguawang319/202609/blob/main/20260927/pNgYt_pwuseE.md,https://raw.githubusercontent.com/51chiguawang319/202609/main/20260927/pNgYt_pwuseE.md
PnhGa_FIXUhE.md,主域名3000份,天气环境,300,https://github.com/51chiguawang319/202609/blob/main/20260927/PnhGa_FIXUhE.md,https://raw.githubusercontent.com/51chiguawang319/202609/main/20260927/PnhGa_FIXUhE.md
pNlhl_afGqEn.md,主域名3000份,财经商业,300,https://github.com/51chiguawang319/202609/blob/main/20260927/pNlhl_afGqEn.md,https://raw.githubusercontent.com/51chiguawang319/202609/main/20260927/pNlhl_afGqEn.md
pnToz_qkxMLW.md,泛二级1000份,体育赛事,300,https://github.com/51chiguawang319/202609/blob/main/20260927/pnToz_qkxMLW.md,https://raw.githubusercontent.com/51chiguawang319/202609/main/20260927/pnToz_qkxMLW.md
PnXOc_LXjYXW.md,主域名3000份,科技数码,300,https://github.com/51chiguawang319/202609/blob/main/20260927/PnXOc_LXjYXW.md,https://raw.githubusercontent.com/51chiguawang319/202609/main/20260927/PnXOc_LXjYXW.md
pOGSH_Tqzvlw.md,泛二级1000份,财经商业,300,https://github.com/51chiguawang319/202609/blob/main/20260927/pOGSH_Tqzvlw.md,https://raw.githubusercontent.com/51chiguawang319/202609/main/20260927/pOGSH_Tqzvlw.md
poJSp_zaSuWY.md,主域名3000份,财经商业,300,https://github.com/51chiguawang319/202609/blob/main/20260927/poJSp_zaSuWY.md,https://raw.githubusercontent.com/51chiguawang319/202609/main/20260927/poJSp_zaSuWY.md
polVM_TkuFuF.md,泛二级1000份,文化娱乐,300,https://github.com/51chiguawang319/202609/blob/main/20260927/polVM_TkuFuF.md,https://raw.githubusercontent.com/51chiguawang319/202609/main/20260927/polVM_TkuFuF.md
pomPk_QjvFsG.md,主域名3000份,天气环境,300,https://github.com/51chiguawang319/202609/blob/main/20260927/pomPk_QjvFsG.md,https://raw.githubusercontent.com/51chiguawang319/202609/main/20260927/pomPk_QjvFsG.md
PonYg_mJImTN.md,主域名3000份,财经商业,300,https://github.com/51chiguawang319/202609/blob/main/20260927/PonYg_mJImTN.md,https://raw.githubusercontent.com/51chiguawang319/202609/main/20260927/PonYg_mJImTN.md
POQay_NMdvnp.md,主域名3000份,财经商业,300,https://github.com/51chiguawang319/202609/blob/main/20260927/POQay_NMdvnp.md,https://raw.githubusercontent.com/51chiguawang319/202609/main/20260927/POQay_NMdvnp.md
PpaFk_ADuMqi.md,主域名3000份,文化娱乐,300,https://github.com/51chiguawang319/202609/blob/main/20260927/PpaFk_ADuMqi.md,https://raw.githubusercontent.com/51chiguawang319/202609/main/20260927/PpaFk_ADuMqi.md
pPFEf_eVDXkV.md,主域名3000份,文化娱乐,300,https://github.com/51chiguawang319/202609/blob/main/20260927/pPFEf_eVDXkV.md,https://raw.githubusercontent.com/51chiguawang319/202609/main/20260927/pPFEf_eVDXkV.md
ppPtB_SiGfjy.md,主域名3000份,体育赛事,300,https://github.com/51chiguawang319/202609/blob/main/20260927/ppPtB_SiGfjy.md,https://raw.githubusercontent.com/51chiguawang319/202609/main/20260927/ppPtB_SiGfjy.md
PQnZg_xEDAAL.md,主域名3000份,天气环境,300,https://github.com/51chiguawang319/202609/blob/main/20260927/PQnZg_xEDAAL.md,https://raw.githubusercontent.com/51chiguawang319/202609/main/20260927/PQnZg_xEDAAL.md
PQOcw_hhgDsc.md,主域名3000份,文化娱乐,300,https://github.com/51chiguawang319/202609/blob/main/20260927/PQOcw_hhgDsc.md,https://raw.githubusercontent.com/51chiguawang319/202609/main/20260927/PQOcw_hhgDsc.md
PQqka_nacrSs.md,主域名3000份,文化娱乐,300,https://github.com/51chiguawang319/202609/blob/main/20260927/PQqka_nacrSs.md,https://raw.githubusercontent.com/51chiguawang319/202609/main/20260927/PQqka_nacrSs.md
pQqSy_nDKizH.md,泛二级1000份,健康医疗,300,https://github.com/51chiguawang319/202609/blob/main/20260927/pQqSy_nDKizH.md,https://raw.githubusercontent.com/51chiguawang319/202609/main/20260927/pQqSy_nDKizH.md
pQqxe_XcmXQe.md,主域名3000份,天气环境,300,https://github.com/51chiguawang319/202609/blob/main/20260927/pQqxe_XcmXQe.md,https://raw.githubusercontent.com/51chiguawang319/202609/main/20260927/pQqxe_XcmXQe.md
PQudk_kdyFQH.md,主域名3000份,健康医疗,300,https://github.com/51chiguawang319/202609/blob/main/20260927/PQudk_kdyFQH.md,https://raw.githubusercontent.com/51chiguawang319/202609/main/20260927/PQudk_kdyFQH.md
pQWxq_OeEsqf.md,主域名3000份,科技数码,300,https://github.com/51chiguawang319/202609/blob/main/20260927/pQWxq_OeEsqf.md,https://raw.githubusercontent.com/51chiguawang319/202609/main/20260927/pQWxq_OeEsqf.md
PrLcp_MqjPUh.md,主域名3000份,文化娱乐,300,https://github.com/51chiguawang319/202609/blob/main/20260927/PrLcp_MqjPUh.md,https://raw.githubusercontent.com/51chiguawang319/202609/main/20260927/PrLcp_MqjPUh.md
pRNdC_pEGjXg.md,泛二级1000份,体育赛事,300,https://github.com/51chiguawang319/202609/blob/main/20260927/pRNdC_pEGjXg.md,https://raw.githubusercontent.com/51chiguawang319/202609/main/20260927/pRNdC_pEGjXg.md
pScqd_sjMBfQ.md,主域名3000份,文化娱乐,300,https://github.com/51chiguawang319/202609/blob/main/20260927/pScqd_sjMBfQ.md,https://raw.githubusercontent.com/51chiguawang319/202609/main/20260927/pScqd_sjMBfQ.md
pSeRd_MmfjMI.md,主域名3000份,天气环境,300,https://github.com/51chiguawang319/202609/blob/main/20260927/pSeRd_MmfjMI.md,https://raw.githubusercontent.com/51chiguawang319/202609/main/20260927/pSeRd_MmfjMI.md
PsFfk_SEGOiF.md,主域名3000份,财经商业,300,https://github.com/51chiguawang319/202609/blob/main/20260927/PsFfk_SEGOiF.md,https://raw.githubusercontent.com/51chiguawang319/202609/main/20260927/PsFfk_SEGOiF.md
pSjaB_uwYMve.md,泛二级1000份,财经商业,300,https://github.com/51chiguawang319/202609/blob/main/20260927/pSjaB_uwYMve.md,https://raw.githubusercontent.com/51chiguawang319/202609/main/20260927/pSjaB_uwYMve.md
PSJaT_HUngan.md,主域名3000份,财经商业,300,https://github.com/51chiguawang319/202609/blob/main/20260927/PSJaT_HUngan.md,https://raw.githubusercontent.com/51chiguawang319/202609/main/20260927/PSJaT_HUngan.md
psrcS_ASJmfI.md,主域名3000份,科技数码,300,https://github.com/51chiguawang319/202609/blob/main/20260927/psrcS_ASJmfI.md,https://raw.githubusercontent.com/51chiguawang319/202609/main/20260927/psrcS_ASJmfI.md
PsyjK_brbivG.md,泛二级1000份,文化娱乐,300,https://github.com/51chiguawang319/202609/blob/main/20260927/PsyjK_brbivG.md,https://raw.githubusercontent.com/51chiguawang319/202609/main/20260927/PsyjK_brbivG.md
PsZGZ_OXyXIh.md,主域名3000份,财经商业,300,https://github.com/51chiguawang319/202609/blob/main/20260927/PsZGZ_OXyXIh.md,https://raw.githubusercontent.com/51chiguawang319/202609/main/20260927/PsZGZ_OXyXIh.md
PtaWQ_vrDdsg.md,泛二级1000份,体育赛事,300,https://github.com/51chiguawang319/202609/blob/main/20260927/PtaWQ_vrDdsg.md,https://raw.githubusercontent.com/51chiguawang319/202609/main/20260927/PtaWQ_vrDdsg.md
ptCnJ_UezMaO.md,主域名3000份,文化娱乐,300,https://github.com/51chiguawang319/202609/blob/main/20260927/ptCnJ_UezMaO.md,https://raw.githubusercontent.com/51chiguawang319/202609/main/20260927/ptCnJ_UezMaO.md
PuBir_cNfFKI.md,主域名3000份,科技数码,300,https://github.com/51chiguawang319/202609/blob/main/20260927/PuBir_cNfFKI.md,https://raw.githubusercontent.com/51chiguawang319/202609/main/20260927/PuBir_cNfFKI.md
PUcKl_nGtBnR.md,主域名3000份,财经商业,300,https://github.com/51chiguawang319/202609/blob/main/20260927/PUcKl_nGtBnR.md,https://raw.githubusercontent.com/51chiguawang319/202609/main/20260927/PUcKl_nGtBnR.md
PUCZh_kXYRsB.md,主域名3000份,健康医疗,300,https://github.com/51chiguawang319/202609/blob/main/20260927/PUCZh_kXYRsB.md,https://raw.githubusercontent.com/51chiguawang319/202609/main/20260927/PUCZh_kXYRsB.md
PUDkt_MqHkqe.md,主域名3000份,天气环境,300,https://github.com/51chiguawang319/202609/blob/main/20260927/PUDkt_MqHkqe.md,https://raw.githubusercontent.com/51chiguawang319/202609/main/20260927/PUDkt_MqHkqe.md
PUiIh_EoZIKh.md,主域名3000份,财经商业,300,https://github.com/51chiguawang319/202609/blob/main/20260927/PUiIh_EoZIKh.md,https://raw.githubusercontent.com/51chiguawang319/202609/main/20260927/PUiIh_EoZIKh.md
PUKXv_hgAQFG.md,泛二级1000份,体育赛事,300,https://github.com/51chiguawang319/202609/blob/main/20260927/PUKXv_hgAQFG.md,https://raw.githubusercontent.com/51chiguawang319/202609/main/20260927/PUKXv_hgAQFG.md
pUlIc_YyGNzD.md,主域名3000份,天气环境,300,https://github.com/51chiguawang319/202609/blob/main/20260927/pUlIc_YyGNzD.md,https://raw.githubusercontent.com/51chiguawang319/202609/main/20260927/pUlIc_YyGNzD.md
pUmjH_usKSHz.md,主域名3000份,体育赛事,300,https://github.com/51chiguawang319/202609/blob/main/20260927/pUmjH_usKSHz.md,https://raw.githubusercontent.com/51chiguawang319/202609/main/20260927/pUmjH_usKSHz.md
PuoVm_cAUEcr.md,主域名3000份,健康医疗,300,https://github.com/51chiguawang319/202609/blob/main/20260927/PuoVm_cAUEcr.md,https://raw.githubusercontent.com/51chiguawang319/202609/main/20260927/PuoVm_cAUEcr.md
PUpqX_XBVhWB.md,主域名3000份,科技数码,300,https://github.com/51chiguawang319/202609/blob/main/20260927/PUpqX_XBVhWB.md,https://raw.githubusercontent.com/51chiguawang319/202609/main/20260927/PUpqX_XBVhWB.md
pUqmw_qJuMMq.md,主域名3000份,健康医疗,300,https://github.com/51chiguawang319/202609/blob/main/20260927/pUqmw_qJuMMq.md,https://raw.githubusercontent.com/51chiguawang319/202609/main/20260927/pUqmw_qJuMMq.md
pUwTW_yWOZBB.md,主域名3000份,科技数码,300,https://github.com/51chiguawang319/202609/blob/main/20260927/pUwTW_yWOZBB.md,https://raw.githubusercontent.com/51chiguawang319/202609/main/20260927/pUwTW_yWOZBB.md
pVbFf_LchYMl.md,主域名3000份,体育赛事,300,https://github.com/51chiguawang319/202609/blob/main/20260927/pVbFf_LchYMl.md,https://raw.githubusercontent.com/51chiguawang319/202609/main/20260927/pVbFf_LchYMl.md
PvCBS_xwNLcA.md,主域名3000份,天气环境,300,https://github.com/51chiguawang319/202609/blob/main/20260927/PvCBS_xwNLcA.md,https://raw.githubusercontent.com/51chiguawang319/202609/main/20260927/PvCBS_xwNLcA.md
PvFHf_SObLor.md,主域名3000份,健康医疗,300,https://github.com/51chiguawang319/202609/blob/main/20260927/PvFHf_SObLor.md,https://raw.githubusercontent.com/51chiguawang319/202609/main/20260927/PvFHf_SObLor.md
pvhSj_pYgqhO.md,主域名3000份,体育赛事,300,https://github.com/51chiguawang319/202609/blob/main/20260927/pvhSj_pYgqhO.md,https://raw.githubusercontent.com/51chiguawang319/202609/main/20260927/pvhSj_pYgqhO.md
pvxOw_IlkSgB.md,主域名3000份,体育赛事,300,https://github.com/51chiguawang319/202609/blob/main/20260927/pvxOw_IlkSgB.md,https://raw.githubusercontent.com/51chiguawang319/202609/main/20260927/pvxOw_IlkSgB.md
PvyAr_qjnDJY.md,主域名3000份,文化娱乐,300,https://github.com/51chiguawang319/202609/blob/main/20260927/PvyAr_qjnDJY.md,https://raw.githubusercontent.com/51chiguawang319/202609/main/20260927/PvyAr_qjnDJY.md
pwBaE_ctoNVN.md,泛二级1000份,天气环境,300,https://github.com/51chiguawang319/202609/blob/main/20260927/pwBaE_ctoNVN.md,https://raw.githubusercontent.com/51chiguawang319/202609/main/20260927/pwBaE_ctoNVN.md
pWdll_iHAFtz.md,主域名3000份,健康医疗,300,https://github.com/51chiguawang319/202609/blob/main/20260927/pWdll_iHAFtz.md,https://raw.githubusercontent.com/51chiguawang319/202609/main/20260927/pWdll_iHAFtz.md
PWDwP_SArLXd.md,泛二级1000份,天气环境,300,https://github.com/51chiguawang319/202609/blob/main/20260927/PWDwP_SArLXd.md,https://raw.githubusercontent.com/51chiguawang319/202609/main/20260927/PWDwP_SArLXd.md
pWdYQ_fnZquE.md,主域名3000份,体育赛事,300,https://github.com/51chiguawang319/202609/blob/main/20260927/pWdYQ_fnZquE.md,https://raw.githubusercontent.com/51chiguawang319/202609/main/20260927/pWdYQ_fnZquE.md
pwibH_GkRjlI.md,主域名3000份,健康医疗,300,https://github.com/51chiguawang319/202609/blob/main/20260927/pwibH_GkRjlI.md,https://raw.githubusercontent.com/51chiguawang319/202609/main/20260927/pwibH_GkRjlI.md
pWieu_EiBwbq.md,泛二级1000份,财经商业,300,https://github.com/51chiguawang319/202609/blob/main/20260927/pWieu_EiBwbq.md,https://raw.githubusercontent.com/51chiguawang319/202609/main/20260927/pWieu_EiBwbq.md
PwpJT_Jzjoyw.md,主域名3000份,体育赛事,300,https://github.com/51chiguawang319/202609/blob/main/20260927/PwpJT_Jzjoyw.md,https://raw.githubusercontent.com/51chiguawang319/202609/main/20260927/PwpJT_Jzjoyw.md
PWSeV_CSkHUv.md,主域名3000份,文化娱乐,300,https://github.com/51chiguawang319/202609/blob/main/20260927/PWSeV_CSkHUv.md,https://raw.githubusercontent.com/51chiguawang319/202609/main/20260927/PWSeV_CSkHUv.md
PwwWj_DFkQVW.md,主域名3000份,天气环境,300,https://github.com/51chiguawang319/202609/blob/main/20260927/PwwWj_DFkQVW.md,https://raw.githubusercontent.com/51chiguawang319/202609/main/20260927/PwwWj_DFkQVW.md
pXbrE_EnhzwR.md,泛二级1000份,文化娱乐,300,https://github.com/51chiguawang319/202609/blob/main/20260927/pXbrE_EnhzwR.md,https://raw.githubusercontent.com/51chiguawang319/202609/main/20260927/pXbrE_EnhzwR.md
PxefQ_uYEaDr.md,主域名3000份,科技数码,300,https://github.com/51chiguawang319/202609/blob/main/20260927/PxefQ_uYEaDr.md,https://raw.githubusercontent.com/51chiguawang319/202609/main/20260927/PxefQ_uYEaDr.md
pxGqI_WnIQfa.md,主域名3000份,科技数码,300,https://github.com/51chiguawang319/202609/blob/main/20260927/pxGqI_WnIQfa.md,https://raw.githubusercontent.com/51chiguawang319/202609/main/20260927/pxGqI_WnIQfa.md
pXgYm_jFvwkB.md,泛二级1000份,天气环境,300,https://github.com/51chiguawang319/202609/blob/main/20260927/pXgYm_jFvwkB.md,https://raw.githubusercontent.com/51chiguawang319/202609/main/20260927/pXgYm_jFvwkB.md
pxMng_BtpHSC.md,主域名3000份,文化娱乐,300,https://github.com/51chiguawang319/202609/blob/main/20260927/pxMng_BtpHSC.md,https://raw.githubusercontent.com/51chiguawang319/202609/main/20260927/pxMng_BtpHSC.md
pxuOk_OHHViS.md,泛二级1000份,文化娱乐,300,https://github.com/51chiguawang319/202609/blob/main/20260927/pxuOk_OHHViS.md,https://raw.githubusercontent.com/51chiguawang319/202609/main/20260927/pxuOk_OHHViS.md
PxWae_qEzGZS.md,泛二级1000份,天气环境,300,https://github.com/51chiguawang319/202609/blob/main/20260927/PxWae_qEzGZS.md,https://raw.githubusercontent.com/51chiguawang319/202609/main/20260927/PxWae_qEzGZS.md
PxYsD_kNOUVs.md,主域名3000份,财经商业,300,https://github.com/51chiguawang319/202609/blob/main/20260927/PxYsD_kNOUVs.md,https://raw.githubusercontent.com/51chiguawang319/202609/main/20260927/PxYsD_kNOUVs.md
pyNgW_yXoCwE.md,泛二级1000份,体育赛事,300,https://github.com/51chiguawang319/202609/blob/main/20260927/pyNgW_yXoCwE.md,https://raw.githubusercontent.com/51chiguawang319/202609/main/20260927/pyNgW_yXoCwE.md
pYRNl_fBmwDW.md,泛二级1000份,科技数码,300,https://github.com/51chiguawang319/202609/blob/main/20260927/pYRNl_fBmwDW.md,https://raw.githubusercontent.com/51chiguawang319/202609/main/20260927/pYRNl_fBmwDW.md
PyRtc_wZyQbF.md,主域名3000份,健康医疗,300,https://github.com/51chiguawang319/202609/blob/main/20260927/PyRtc_wZyQbF.md,https://raw.githubusercontent.com/51chiguawang319/202609/main/20260927/PyRtc_wZyQbF.md
PyTne_LAnBtK.md,泛二级1000份,财经商业,300,https://github.com/51chiguawang319/202609/blob/main/20260927/PyTne_LAnBtK.md,https://raw.githubusercontent.com/51chiguawang319/202609/main/20260927/PyTne_LAnBtK.md
PyYGI_WRpqPu.md,主域名3000份,天气环境,300,https://github.com/51chiguawang319/202609/blob/main/20260927/PyYGI_WRpqPu.md,https://raw.githubusercontent.com/51chiguawang319/202609/main/20260927/PyYGI_WRpqPu.md
PzAqi_rJmbNP.md,主域名3000份,体育赛事,300,https://github.com/51chiguawang319/202609/blob/main/20260927/PzAqi_rJmbNP.md,https://raw.githubusercontent.com/51chiguawang319/202609/main/20260927/PzAqi_rJmbNP.md
PZdAR_KAiDCC.md,主域名3000份,健康医疗,300,https://github.com/51chiguawang319/202609/blob/main/20260927/PZdAR_KAiDCC.md,https://raw.githubusercontent.com/51chiguawang319/202609/main/20260927/PZdAR_KAiDCC.md
pZkDv_PZZTah.md,泛二级1000份,体育赛事,300,https://github.com/51chiguawang319/202609/blob/main/20260927/pZkDv_PZZTah.md,https://raw.githubusercontent.com/51chiguawang319/202609/main/20260927/pZkDv_PZZTah.md
PzORk_hWxLIn.md,主域名3000份,健康医疗,300,https://github.com/51chiguawang319/202609/blob/main/20260927/PzORk_hWxLIn.md,https://raw.githubusercontent.com/51chiguawang319/202609/main/20260927/PzORk_hWxLIn.md
pzqtR_XXeMyN.md,泛二级1000份,体育赛事,300,https://github.com/51chiguawang319/202609/blob/main/20260927/pzqtR_XXeMyN.md,https://raw.githubusercontent.com/51chiguawang319/202609/main/20260927/pzqtR_XXeMyN.md
pZVeR_LTwadn.md,主域名3000份,科技数码,300,https://github.com/51chiguawang319/202609/blob/main/20260927/pZVeR_LTwadn.md,https://raw.githubusercontent.com/51chiguawang319/202609/main/20260927/pZVeR_LTwadn.md
qabgJ_MLmpCr.md,主域名3000份,科技数码,300,https://github.com/51chiguawang319/202609/blob/main/20260927/qabgJ_MLmpCr.md,https://raw.githubusercontent.com/51chiguawang319/202609/main/20260927/qabgJ_MLmpCr.md
qAdfv_vLsNxC.md,主域名3000份,财经商业,300,https://github.com/51chiguawang319/202609/blob/main/20260927/qAdfv_vLsNxC.md,https://raw.githubusercontent.com/51chiguawang319/202609/main/20260927/qAdfv_vLsNxC.md
qajaA_vSNGPl.md,主域名3000份,体育赛事,300,https://github.com/51chiguawang319/202609/blob/main/20260927/qajaA_vSNGPl.md,https://raw.githubusercontent.com/51chiguawang319/202609/main/20260927/qajaA_vSNGPl.md
qAjma_eAQYLQ.md,主域名3000份,健康医疗,300,https://github.com/51chiguawang319/202609/blob/main/20260927/qAjma_eAQYLQ.md,https://raw.githubusercontent.com/51chiguawang319/202609/main/20260927/qAjma_eAQYLQ.md
qAnnj_vVPubK.md,泛二级1000份,文化娱乐,300,https://github.com/51chiguawang319/202609/blob/main/20260927/qAnnj_vVPubK.md,https://raw.githubusercontent.com/51chiguawang319/202609/main/20260927/qAnnj_vVPubK.md
QANqv_iZnPHn.md,泛二级1000份,文化娱乐,300,https://github.com/51chiguawang319/202609/blob/main/20260927/QANqv_iZnPHn.md,https://raw.githubusercontent.com/51chiguawang319/202609/main/20260927/QANqv_iZnPHn.md
qAPtV_hhiGDU.md,主域名3000份,健康医疗,300,https://github.com/51chiguawang319/202609/blob/main/20260927/qAPtV_hhiGDU.md,https://raw.githubusercontent.com/51chiguawang319/202609/main/20260927/qAPtV_hhiGDU.md
qaSCU_REHVCb.md,主域名3000份,健康医疗,300,https://github.com/51chiguawang319/202609/blob/main/20260927/qaSCU_REHVCb.md,https://raw.githubusercontent.com/51chiguawang319/202609/main/20260927/qaSCU_REHVCb.md
QAtpY_txjiQg.md,主域名3000份,财经商业,300,https://github.com/51chiguawang319/202609/blob/main/20260927/QAtpY_txjiQg.md,https://raw.githubusercontent.com/51chiguawang319/202609/main/20260927/QAtpY_txjiQg.md
qatSf_qLEpQL.md,泛二级1000份,健康医疗,300,https://github.com/51chiguawang319/202609/blob/main/20260927/qatSf_qLEpQL.md,https://raw.githubusercontent.com/51chiguawang319/202609/main/20260927/qatSf_qLEpQL.md
qBCKg_FvzCCZ.md,主域名3000份,文化娱乐,300,https://github.com/51chiguawang319/202609/blob/main/20260927/qBCKg_FvzCCZ.md,https://raw.githubusercontent.com/51chiguawang319/202609/main/20260927/qBCKg_FvzCCZ.md
qBFsm_QweJJM.md,泛二级1000份,健康医疗,300,https://github.com/51chiguawang319/202609/blob/main/20260927/qBFsm_QweJJM.md,https://raw.githubusercontent.com/51chiguawang319/202609/main/20260927/qBFsm_QweJJM.md
QbiZW_ReLNos.md,主域名3000份,财经商业,300,https://github.com/51chiguawang319/202609/blob/main/20260927/QbiZW_ReLNos.md,https://raw.githubusercontent.com/51chiguawang319/202609/main/20260927/QbiZW_ReLNos.md
qbkMy_gXjjxk.md,泛二级1000份,健康医疗,300,https://github.com/51chiguawang319/202609/blob/main/20260927/qbkMy_gXjjxk.md,https://raw.githubusercontent.com/51chiguawang319/202609/main/20260927/qbkMy_gXjjxk.md
QBOBf_cLTssJ.md,主域名3000份,体育赛事,300,https://github.com/51chiguawang319/202609/blob/main/20260927/QBOBf_cLTssJ.md,https://raw.githubusercontent.com/51chiguawang319/202609/main/20260927/QBOBf_cLTssJ.md
qBQWL_XYiPxY.md,泛二级1000份,科技数码,300,https://github.com/51chiguawang319/202609/blob/main/20260927/qBQWL_XYiPxY.md,https://raw.githubusercontent.com/51chiguawang319/202609/main/20260927/qBQWL_XYiPxY.md
qbrnI_UmcZli.md,主域名3000份,天气环境,300,https://github.com/51chiguawang319/202609/blob/main/20260927/qbrnI_UmcZli.md,https://raw.githubusercontent.com/51chiguawang319/202609/main/20260927/qbrnI_UmcZli.md
QcGGl_oMJViI.md,主域名3000份,健康医疗,300,https://github.com/51chiguawang319/202609/blob/main/20260927/QcGGl_oMJViI.md,https://raw.githubusercontent.com/51chiguawang319/202609/main/20260927/QcGGl_oMJViI.md
qCIxX_OxqyJG.md,主域名3000份,财经商业,300,https://github.com/51chiguawang319/202609/blob/main/20260927/qCIxX_OxqyJG.md,https://raw.githubusercontent.com/51chiguawang319/202609/main/20260927/qCIxX_OxqyJG.md
qcjMy_xGULhX.md,泛二级1000份,科技数码,300,https://github.com/51chiguawang319/202609/blob/main/20260927/qcjMy_xGULhX.md,https://raw.githubusercontent.com/51chiguawang319/202609/main/20260927/qcjMy_xGULhX.md
qCnOF_rQzbym.md,主域名3000份,财经商业,300,https://github.com/51chiguawang319/202609/blob/main/20260927/qCnOF_rQzbym.md,https://raw.githubusercontent.com/51chiguawang319/202609/main/20260927/qCnOF_rQzbym.md
QcVkT_xDEeno.md,主域名3000份,天气环境,300,https://github.com/51chiguawang319/202609/blob/main/20260927/QcVkT_xDEeno.md,https://raw.githubusercontent.com/51chiguawang319/202609/main/20260927/QcVkT_xDEeno.md
QcWCT_zdiJMM.md,主域名3000份,文化娱乐,300,https://github.com/51chiguawang319/202609/blob/main/20260927/QcWCT_zdiJMM.md,https://raw.githubusercontent.com/51chiguawang319/202609/main/20260927/QcWCT_zdiJMM.md
QDjYJ_QSZpjm.md,主域名3000份,健康医疗,300,https://github.com/51chiguawang319/202609/blob/main/20260927/QDjYJ_QSZpjm.md,https://raw.githubusercontent.com/51chiguawang319/202609/main/20260927/QDjYJ_QSZpjm.md
qeaKm_jwzSvC.md,主域名3000份,文化娱乐,300,https://github.com/51chiguawang319/202609/blob/main/20260927/qeaKm_jwzSvC.md,https://raw.githubusercontent.com/51chiguawang319/202609/main/20260927/qeaKm_jwzSvC.md
qeBXS_OyfYGv.md,泛二级1000份,文化娱乐,300,https://github.com/51chiguawang319/202609/blob/main/20260927/qeBXS_OyfYGv.md,https://raw.githubusercontent.com/51chiguawang319/202609/main/20260927/qeBXS_OyfYGv.md
QecNU_ZuBuza.md,泛二级1000份,科技数码,300,https://github.com/51chiguawang319/202609/blob/main/20260927/QecNU_ZuBuza.md,https://raw.githubusercontent.com/51chiguawang319/202609/main/20260927/QecNU_ZuBuza.md
qeLeM_zyVrsd.md,泛二级1000份,体育赛事,300,https://github.com/51chiguawang319/202609/blob/main/20260927/qeLeM_zyVrsd.md,https://raw.githubusercontent.com/51chiguawang319/202609/main/20260927/qeLeM_zyVrsd.md
qElgb_wFFQGw.md,泛二级1000份,健康医疗,300,https://github.com/51chiguawang319/202609/blob/main/20260927/qElgb_wFFQGw.md,https://raw.githubusercontent.com/51chiguawang319/202609/main/20260927/qElgb_wFFQGw.md
qEZah_SdCmQq.md,主域名3000份,科技数码,300,https://github.com/51chiguawang319/202609/blob/main/20260927/qEZah_SdCmQq.md,https://raw.githubusercontent.com/51chiguawang319/202609/main/20260927/qEZah_SdCmQq.md
qfIlP_gDaKDA.md,泛二级1000份,健康医疗,300,https://github.com/51chiguawang319/202609/blob/main/20260927/qfIlP_gDaKDA.md,https://raw.githubusercontent.com/51chiguawang319/202609/main/20260927/qfIlP_gDaKDA.md
qFLpg_UfHXkN.md,泛二级1000份,文化娱乐,300,https://github.com/51chiguawang319/202609/blob/main/20260927/qFLpg_UfHXkN.md,https://raw.githubusercontent.com/51chiguawang319/202609/main/20260927/qFLpg_UfHXkN.md
QfPPd_VHUgcF.md,主域名3000份,体育赛事,300,https://github.com/51chiguawang319/202609/blob/main/20260927/QfPPd_VHUgcF.md,https://raw.githubusercontent.com/51chiguawang319/202609/main/20260927/QfPPd_VHUgcF.md
qFSIr_DAANkC.md,主域名3000份,科技数码,300,https://github.com/51chiguawang319/202609/blob/main/20260927/qFSIr_DAANkC.md,https://raw.githubusercontent.com/51chiguawang319/202609/main/20260927/qFSIr_DAANkC.md
qfTCH_MPsoXF.md,主域名3000份,科技数码,300,https://github.com/51chiguawang319/202609/blob/main/20260927/qfTCH_MPsoXF.md,https://raw.githubusercontent.com/51chiguawang319/202609/main/20260927/qfTCH_MPsoXF.md
qfYLB_vWVZbW.md,泛二级1000份,文化娱乐,300,https://github.com/51chiguawang319/202609/blob/main/20260927/qfYLB_vWVZbW.md,https://raw.githubusercontent.com/51chiguawang319/202609/main/20260927/qfYLB_vWVZbW.md
qfYuL_bzpsRM.md,主域名3000份,文化娱乐,300,https://github.com/51chiguawang319/202609/blob/main/20260927/qfYuL_bzpsRM.md,https://raw.githubusercontent.com/51chiguawang319/202609/main/20260927/qfYuL_bzpsRM.md
QgMmt_jqHkLj.md,主域名3000份,体育赛事,300,https://github.com/51chiguawang319/202609/blob/main/20260927/QgMmt_jqHkLj.md,https://raw.githubusercontent.com/51chiguawang319/202609/main/20260927/QgMmt_jqHkLj.md
QgnWb_DVrwlC.md,泛二级1000份,财经商业,300,https://github.com/51chiguawang319/202609/blob/main/20260927/QgnWb_DVrwlC.md,https://raw.githubusercontent.com/51chiguawang319/202609/main/20260927/QgnWb_DVrwlC.md
qgRJj_DyNAob.md,主域名3000份,天气环境,300,https://github.com/51chiguawang319/202609/blob/main/20260927/qgRJj_DyNAob.md,https://raw.githubusercontent.com/51chiguawang319/202609/main/20260927/qgRJj_DyNAob.md
qgUut_fnaZba.md,泛二级1000份,健康医疗,300,https://github.com/51chiguawang319/202609/blob/main/20260927/qgUut_fnaZba.md,https://raw.githubusercontent.com/51chiguawang319/202609/main/20260927/qgUut_fnaZba.md
qgXqd_ZKXogS.md,主域名3000份,体育赛事,300,https://github.com/51chiguawang319/202609/blob/main/20260927/qgXqd_ZKXogS.md,https://raw.githubusercontent.com/51chiguawang319/202609/main/20260927/qgXqd_ZKXogS.md
qgXxO_jjOhCl.md,主域名3000份,天气环境,300,https://github.com/51chiguawang319/202609/blob/main/20260927/qgXxO_jjOhCl.md,https://raw.githubusercontent.com/51chiguawang319/202609/main/20260927/qgXxO_jjOhCl.md
QHbpA_EjlysM.md,主域名3000份,体育赛事,300,https://github.com/51chiguawang319/202609/blob/main/20260927/QHbpA_EjlysM.md,https://raw.githubusercontent.com/51chiguawang319/202609/main/20260927/QHbpA_EjlysM.md
QhFfB_QQlJgi.md,泛二级1000份,财经商业,300,https://github.com/51chiguawang319/202609/blob/main/20260927/QhFfB_QQlJgi.md,https://raw.githubusercontent.com/51chiguawang319/202609/main/20260927/QhFfB_QQlJgi.md
qhMCh_JDnnWH.md,主域名3000份,文化娱乐,300,https://github.com/51chiguawang319/202609/blob/main/20260927/qhMCh_JDnnWH.md,https://raw.githubusercontent.com/51chiguawang319/202609/main/20260927/qhMCh_JDnnWH.md
QhvQz_LOgiDt.md,泛二级1000份,文化娱乐,300,https://github.com/51chiguawang319/202609/blob/main/20260927/QhvQz_LOgiDt.md,https://raw.githubusercontent.com/51chiguawang319/202609/main/20260927/QhvQz_LOgiDt.md
qidUg_mEflcW.md,主域名3000份,天气环境,300,https://github.com/51chiguawang319/202609/blob/main/20260927/qidUg_mEflcW.md,https://raw.githubusercontent.com/51chiguawang319/202609/main/20260927/qidUg_mEflcW.md
qihFW_SQzLCz.md,泛二级1000份,文化娱乐,300,https://github.com/51chiguawang319/202609/blob/main/20260927/qihFW_SQzLCz.md,https://raw.githubusercontent.com/51chiguawang319/202609/main/20260927/qihFW_SQzLCz.md
QihHm_rPVJbz.md,泛二级1000份,科技数码,300,https://github.com/51chiguawang319/202609/blob/main/20260927/QihHm_rPVJbz.md,https://raw.githubusercontent.com/51chiguawang319/202609/main/20260927/QihHm_rPVJbz.md
qILCJ_ZycuBH.md,泛二级1000份,财经商业,300,https://github.com/51chiguawang319/202609/blob/main/20260927/qILCJ_ZycuBH.md,https://raw.githubusercontent.com/51chiguawang319/202609/main/20260927/qILCJ_ZycuBH.md
QiLCL_IPiwhW.md,主域名3000份,财经商业,300,https://github.com/51chiguawang319/202609/blob/main/20260927/QiLCL_IPiwhW.md,https://raw.githubusercontent.com/51chiguawang319/202609/main/20260927/QiLCL_IPiwhW.md
qIpFR_LZwWbK.md,泛二级1000份,天气环境,300,https://github.com/51chiguawang319/202609/blob/main/20260927/qIpFR_LZwWbK.md,https://raw.githubusercontent.com/51chiguawang319/202609/main/20260927/qIpFR_LZwWbK.md
qITZQ_ZyTAsX.md,主域名3000份,科技数码,300,https://github.com/51chiguawang319/202609/blob/main/20260927/qITZQ_ZyTAsX.md,https://raw.githubusercontent.com/51chiguawang319/202609/main/20260927/qITZQ_ZyTAsX.md
qiUdW_SaWQnk.md,主域名3000份,健康医疗,300,https://github.com/51chiguawang319/202609/blob/main/20260927/qiUdW_SaWQnk.md,https://raw.githubusercontent.com/51chiguawang319/202609/main/20260927/qiUdW_SaWQnk.md
qIVWk_lmpTKZ.md,泛二级1000份,财经商业,300,https://github.com/51chiguawang319/202609/blob/main/20260927/qIVWk_lmpTKZ.md,https://raw.githubusercontent.com/51chiguawang319/202609/main/20260927/qIVWk_lmpTKZ.md
QIZjc_YhEBsm.md,主域名3000份,天气环境,300,https://github.com/51chiguawang319/202609/blob/main/20260927/QIZjc_YhEBsm.md,https://raw.githubusercontent.com/51chiguawang319/202609/main/20260927/QIZjc_YhEBsm.md
QjbaH_yNVLNq.md,主域名3000份,天气环境,300,https://github.com/51chiguawang319/202609/blob/main/20260927/QjbaH_yNVLNq.md,https://raw.githubusercontent.com/51chiguawang319/202609/main/20260927/QjbaH_yNVLNq.md
qjHrf_SAijDo.md,主域名3000份,财经商业,300,https://github.com/51chiguawang319/202609/blob/main/20260927/qjHrf_SAijDo.md,https://raw.githubusercontent.com/51chiguawang319/202609/main/20260927/qjHrf_SAijDo.md
QjpgP_oNhSOn.md,主域名3000份,文化娱乐,300,https://github.com/51chiguawang319/202609/blob/main/20260927/QjpgP_oNhSOn.md,https://raw.githubusercontent.com/51chiguawang319/202609/main/20260927/QjpgP_oNhSOn.md
qJWXh_qLNfIm.md,主域名3000份,财经商业,300,https://github.com/51chiguawang319/202609/blob/main/20260927/qJWXh_qLNfIm.md,https://raw.githubusercontent.com/51chiguawang319/202609/main/20260927/qJWXh_qLNfIm.md
qjXnH_pRNzWp.md,主域名3000份,体育赛事,300,https://github.com/51chiguawang319/202609/blob/main/20260927/qjXnH_pRNzWp.md,https://raw.githubusercontent.com/51chiguawang319/202609/main/20260927/qjXnH_pRNzWp.md
QKALs_zNYdWu.md,主域名3000份,科技数码,300,https://github.com/51chiguawang319/202609/blob/main/20260927/QKALs_zNYdWu.md,https://raw.githubusercontent.com/51chiguawang319/202609/main/20260927/QKALs_zNYdWu.md
Qknmt_GDywkk.md,主域名3000份,体育赛事,300,https://github.com/51chiguawang319/202609/blob/main/20260927/Qknmt_GDywkk.md,https://raw.githubusercontent.com/51chiguawang319/202609/main/20260927/Qknmt_GDywkk.md
qkPEB_LzKBYC.md,主域名3000份,文化娱乐,300,https://github.com/51chiguawang319/202609/blob/main/20260927/qkPEB_LzKBYC.md,https://raw.githubusercontent.com/51chiguawang319/202609/main/20260927/qkPEB_LzKBYC.md
Qksaq_gtYiCK.md,主域名3000份,财经商业,300,https://github.com/51chiguawang319/202609/blob/main/20260927/Qksaq_gtYiCK.md,https://raw.githubusercontent.com/51chiguawang319/202609/main/20260927/Qksaq_gtYiCK.md
QlAWU_cExvyH.md,泛二级1000份,文化娱乐,300,https://github.com/51chiguawang319/202609/blob/main/20260927/QlAWU_cExvyH.md,https://raw.githubusercontent.com/51chiguawang319/202609/main/20260927/QlAWU_cExvyH.md
qLkIq_fkQxMa.md,主域名3000份,体育赛事,300,https://github.com/51chiguawang319/202609/blob/main/20260927/qLkIq_fkQxMa.md,https://raw.githubusercontent.com/51chiguawang319/202609/main/20260927/qLkIq_fkQxMa.md
qLPXW_tVNspV.md,主域名3000份,体育赛事,300,https://github.com/51chiguawang319/202609/blob/main/20260927/qLPXW_tVNspV.md,https://raw.githubusercontent.com/51chiguawang319/202609/main/20260927/qLPXW_tVNspV.md
QlQpw_OskNYN.md,主域名3000份,文化娱乐,300,https://github.com/51chiguawang319/202609/blob/main/20260927/QlQpw_OskNYN.md,https://raw.githubusercontent.com/51chiguawang319/202609/main/20260927/QlQpw_OskNYN.md
QLQqV_cBXrIl.md,泛二级1000份,文化娱乐,300,https://github.com/51chiguawang319/202609/blob/main/20260927/QLQqV_cBXrIl.md,https://raw.githubusercontent.com/51chiguawang319/202609/main/20260927/QLQqV_cBXrIl.md
QlRcI_wRCrVs.md,主域名3000份,天气环境,300,https://github.com/51chiguawang319/202609/blob/main/20260927/QlRcI_wRCrVs.md,https://raw.githubusercontent.com/51chiguawang319/202609/main/20260927/QlRcI_wRCrVs.md
qLzyE_lZpCIp.md,主域名3000份,天气环境,300,https://github.com/51chiguawang319/202609/blob/main/20260927/qLzyE_lZpCIp.md,https://raw.githubusercontent.com/51chiguawang319/202609/main/20260927/qLzyE_lZpCIp.md
QmhHh_PefHRi.md,主域名3000份,文化娱乐,300,https://github.com/51chiguawang319/202609/blob/main/20260927/QmhHh_PefHRi.md,https://raw.githubusercontent.com/51chiguawang319/202609/main/20260927/QmhHh_PefHRi.md
QmjgF_KhCkeB.md,主域名3000份,科技数码,300,https://github.com/51chiguawang319/202609/blob/main/20260927/QmjgF_KhCkeB.md,https://raw.githubusercontent.com/51chiguawang319/202609/main/20260927/QmjgF_KhCkeB.md
qmkOy_UzjcPc.md,主域名3000份,财经商业,300,https://github.com/51chiguawang319/202609/blob/main/20260927/qmkOy_UzjcPc.md,https://raw.githubusercontent.com/51chiguawang319/202609/main/20260927/qmkOy_UzjcPc.md
QmQeI_CTMuPE.md,泛二级1000份,科技数码,300,https://github.com/51chiguawang319/202609/blob/main/20260927/QmQeI_CTMuPE.md,https://raw.githubusercontent.com/51chiguawang319/202609/main/20260927/QmQeI_CTMuPE.md
QmtGk_AkWnQM.md,主域名3000份,财经商业,300,https://github.com/51chiguawang319/202609/blob/main/20260927/QmtGk_AkWnQM.md,https://raw.githubusercontent.com/51chiguawang319/202609/main/20260927/QmtGk_AkWnQM.md
QmXPo_NOWOgW.md,主域名3000份,财经商业,300,https://github.com/51chiguawang319/202609/blob/main/20260927/QmXPo_NOWOgW.md,https://raw.githubusercontent.com/51chiguawang319/202609/main/20260927/QmXPo_NOWOgW.md
QNbOT_SQMGYh.md,主域名3000份,财经商业,300,https://github.com/51chiguawang319/202609/blob/main/20260927/QNbOT_SQMGYh.md,https://raw.githubusercontent.com/51chiguawang319/202609/main/20260927/QNbOT_SQMGYh.md
qndqB_wBJLyE.md,主域名3000份,天气环境,300,https://github.com/51chiguawang319/202609/blob/main/20260927/qndqB_wBJLyE.md,https://raw.githubusercontent.com/51chiguawang319/202609/main/20260927/qndqB_wBJLyE.md
qnGaW_AQaLrW.md,主域名3000份,财经商业,300,https://github.com/51chiguawang319/202609/blob/main/20260927/qnGaW_AQaLrW.md,https://raw.githubusercontent.com/51chiguawang319/202609/main/20260927/qnGaW_AQaLrW.md
QnrFG_TlNyOJ.md,主域名3000份,财经商业,300,https://github.com/51chiguawang319/202609/blob/main/20260927/QnrFG_TlNyOJ.md,https://raw.githubusercontent.com/51chiguawang319/202609/main/20260927/QnrFG_TlNyOJ.md
qnrIy_qTdXRv.md,主域名3000份,科技数码,300,https://github.com/51chiguawang319/202609/blob/main/20260927/qnrIy_qTdXRv.md,https://raw.githubusercontent.com/51chiguawang319/202609/main/20260927/qnrIy_qTdXRv.md
QNRvk_YbASzh.md,主域名3000份,文化娱乐,300,https://github.com/51chiguawang319/202609/blob/main/20260927/QNRvk_YbASzh.md,https://raw.githubusercontent.com/51chiguawang319/202609/main/20260927/QNRvk_YbASzh.md
qnvJV_BewuyE.md,主域名3000份,财经商业,300,https://github.com/51chiguawang319/202609/blob/main/20260927/qnvJV_BewuyE.md,https://raw.githubusercontent.com/51chiguawang319/202609/main/20260927/qnvJV_BewuyE.md
qOaZE_zWXZQe.md,泛二级1000份,文化娱乐,300,https://github.com/51chiguawang319/202609/blob/main/20260927/qOaZE_zWXZQe.md,https://raw.githubusercontent.com/51chiguawang319/202609/main/20260927/qOaZE_zWXZQe.md
qOeqb_DlfQhQ.md,主域名3000份,文化娱乐,300,https://github.com/51chiguawang319/202609/blob/main/20260927/qOeqb_DlfQhQ.md,https://raw.githubusercontent.com/51chiguawang319/202609/main/20260927/qOeqb_DlfQhQ.md
qOeYE_KhBgDi.md,泛二级1000份,财经商业,300,https://github.com/51chiguawang319/202609/blob/main/20260927/qOeYE_KhBgDi.md,https://raw.githubusercontent.com/51chiguawang319/202609/main/20260927/qOeYE_KhBgDi.md
qOLwk_fpYyDD.md,主域名3000份,财经商业,300,https://github.com/51chiguawang319/202609/blob/main/20260927/qOLwk_fpYyDD.md,https://raw.githubusercontent.com/51chiguawang319/202609/main/20260927/qOLwk_fpYyDD.md
qOMZG_hGVkyN.md,主域名3000份,文化娱乐,300,https://github.com/51chiguawang319/202609/blob/main/20260927/qOMZG_hGVkyN.md,https://raw.githubusercontent.com/51chiguawang319/202609/main/20260927/qOMZG_hGVkyN.md
qoNwj_VzNEhe.md,主域名3000份,科技数码,300,https://github.com/51chiguawang319/202609/blob/main/20260927/qoNwj_VzNEhe.md,https://raw.githubusercontent.com/51chiguawang319/202609/main/20260927/qoNwj_VzNEhe.md
QopBw_rFKVRB.md,主域名3000份,财经商业,300,https://github.com/51chiguawang319/202609/blob/main/20260927/QopBw_rFKVRB.md,https://raw.githubusercontent.com/51chiguawang319/202609/main/20260927/QopBw_rFKVRB.md
QopxM_LJxbwa.md,泛二级1000份,健康医疗,300,https://github.com/51chiguawang319/202609/blob/main/20260927/QopxM_LJxbwa.md,https://raw.githubusercontent.com/51chiguawang319/202609/main/20260927/QopxM_LJxbwa.md
QOUiR_jokcOP.md,主域名3000份,文化娱乐,300,https://github.com/51chiguawang319/202609/blob/main/20260927/QOUiR_jokcOP.md,https://raw.githubusercontent.com/51chiguawang319/202609/main/20260927/QOUiR_jokcOP.md
qovUW_MJmXyB.md,主域名3000份,天气环境,300,https://github.com/51chiguawang319/202609/blob/main/20260927/qovUW_MJmXyB.md,https://raw.githubusercontent.com/51chiguawang319/202609/main/20260927/qovUW_MJmXyB.md
QoWxP_AJZxHt.md,主域名3000份,健康医疗,300,https://github.com/51chiguawang319/202609/blob/main/20260927/QoWxP_AJZxHt.md,https://raw.githubusercontent.com/51chiguawang319/202609/main/20260927/QoWxP_AJZxHt.md
QOzOQ_fVSjaw.md,主域名3000份,健康医疗,300,https://github.com/51chiguawang319/202609/blob/main/20260927/QOzOQ_fVSjaw.md,https://raw.githubusercontent.com/51chiguawang319/202609/main/20260927/QOzOQ_fVSjaw.md
qpdPC_WsGlSe.md,泛二级1000份,健康医疗,300,https://github.com/51chiguawang319/202609/blob/main/20260927/qpdPC_WsGlSe.md,https://raw.githubusercontent.com/51chiguawang319/202609/main/20260927/qpdPC_WsGlSe.md
qPLCB_okRRZp.md,主域名3000份,文化娱乐,300,https://github.com/51chiguawang319/202609/blob/main/20260927/qPLCB_okRRZp.md,https://raw.githubusercontent.com/51chiguawang319/202609/main/20260927/qPLCB_okRRZp.md
QPweS_qNfwwD.md,主域名3000份,科技数码,300,https://github.com/51chiguawang319/202609/blob/main/20260927/QPweS_qNfwwD.md,https://raw.githubusercontent.com/51chiguawang319/202609/main/20260927/QPweS_qNfwwD.md
QqaXU_ejQsvI.md,主域名3000份,财经商业,300,https://github.com/51chiguawang319/202609/blob/main/20260927/QqaXU_ejQsvI.md,https://raw.githubusercontent.com/51chiguawang319/202609/main/20260927/QqaXU_ejQsvI.md
qQjRA_LVLGWs.md,主域名3000份,科技数码,300,https://github.com/51chiguawang319/202609/blob/main/20260927/qQjRA_LVLGWs.md,https://raw.githubusercontent.com/51chiguawang319/202609/main/20260927/qQjRA_LVLGWs.md
qqQgA_NjgHrF.md,主域名3000份,体育赛事,300,https://github.com/51chiguawang319/202609/blob/main/20260927/qqQgA_NjgHrF.md,https://raw.githubusercontent.com/51chiguawang319/202609/main/20260927/qqQgA_NjgHrF.md
QqTGE_wqOXhS.md,主域名3000份,科技数码,300,https://github.com/51chiguawang319/202609/blob/main/20260927/QqTGE_wqOXhS.md,https://raw.githubusercontent.com/51chiguawang319/202609/main/20260927/QqTGE_wqOXhS.md
QqTTW_huvLni.md,泛二级1000份,体育赛事,300,https://github.com/51chiguawang319/202609/blob/main/20260927/QqTTW_huvLni.md,https://raw.githubusercontent.com/51chiguawang319/202609/main/20260927/QqTTW_huvLni.md
QqWjJ_HcFAjP.md,主域名3000份,财经商业,300,https://github.com/51chiguawang319/202609/blob/main/20260927/QqWjJ_HcFAjP.md,https://raw.githubusercontent.com/51chiguawang319/202609/main/20260927/QqWjJ_HcFAjP.md
QRfeV_RhFtDo.md,主域名3000份,天气环境,300,https://github.com/51chiguawang319/202609/blob/main/20260927/QRfeV_RhFtDo.md,https://raw.githubusercontent.com/51chiguawang319/202609/main/20260927/QRfeV_RhFtDo.md
QRiPz_TYqQkB.md,主域名3000份,天气环境,300,https://github.com/51chiguawang319/202609/blob/main/20260927/QRiPz_TYqQkB.md,https://raw.githubusercontent.com/51chiguawang319/202609/main/20260927/QRiPz_TYqQkB.md
qRRNe_FnSGrN.md,主域名3000份,体育赛事,300,https://github.com/51chiguawang319/202609/blob/main/20260927/qRRNe_FnSGrN.md,https://raw.githubusercontent.com/51chiguawang319/202609/main/20260927/qRRNe_FnSGrN.md
QSenZ_UjWHCv.md,主域名3000份,文化娱乐,300,https://github.com/51chiguawang319/202609/blob/main/20260927/QSenZ_UjWHCv.md,https://raw.githubusercontent.com/51chiguawang319/202609/main/20260927/QSenZ_UjWHCv.md
QSFBb_naXAfn.md,主域名3000份,科技数码,300,https://github.com/51chiguawang319/202609/blob/main/20260927/QSFBb_naXAfn.md,https://raw.githubusercontent.com/51chiguawang319/202609/main/20260927/QSFBb_naXAfn.md
QSIlO_vhEoPW.md,主域名3000份,健康医疗,300,https://github.com/51chiguawang319/202609/blob/main/20260927/QSIlO_vhEoPW.md,https://raw.githubusercontent.com/51chiguawang319/202609/main/20260927/QSIlO_vhEoPW.md
QSKKe_fSaLWV.md,主域名3000份,财经商业,300,https://github.com/51chiguawang319/202609/blob/main/20260927/QSKKe_fSaLWV.md,https://raw.githubusercontent.com/51chiguawang319/202609/main/20260927/QSKKe_fSaLWV.md
QskpL_EOEnmp.md,主域名3000份,财经商业,300,https://github.com/51chiguawang319/202609/blob/main/20260927/QskpL_EOEnmp.md,https://raw.githubusercontent.com/51chiguawang319/202609/main/20260927/QskpL_EOEnmp.md
qsLfH_VNtQCV.md,主域名3000份,天气环境,300,https://github.com/51chiguawang319/202609/blob/main/20260927/qsLfH_VNtQCV.md,https://raw.githubusercontent.com/51chiguawang319/202609/main/20260927/qsLfH_VNtQCV.md
Qsliy_TNXCix.md,主域名3000份,健康医疗,300,https://github.com/51chiguawang319/202609/blob/main/20260927/Qsliy_TNXCix.md,https://raw.githubusercontent.com/51chiguawang319/202609/main/20260927/Qsliy_TNXCix.md
qSOxD_INcxJt.md,主域名3000份,科技数码,300,https://github.com/51chiguawang319/202609/blob/main/20260927/qSOxD_INcxJt.md,https://raw.githubusercontent.com/51chiguawang319/202609/main/20260927/qSOxD_INcxJt.md
QspfE_IzCvhJ.md,主域名3000份,文化娱乐,300,https://github.com/51chiguawang319/202609/blob/main/20260927/QspfE_IzCvhJ.md,https://raw.githubusercontent.com/51chiguawang319/202609/main/20260927/QspfE_IzCvhJ.md
QSuYs_EZzCPx.md,主域名3000份,财经商业,300,https://github.com/51chiguawang319/202609/blob/main/20260927/QSuYs_EZzCPx.md,https://raw.githubusercontent.com/51chiguawang319/202609/main/20260927/QSuYs_EZzCPx.md
QsWlO_HMsAyL.md,主域名3000份,文化娱乐,300,https://github.com/51chiguawang319/202609/blob/main/20260927/QsWlO_HMsAyL.md,https://raw.githubusercontent.com/51chiguawang319/202609/main/20260927/QsWlO_HMsAyL.md
qSXgF_GPfgVR.md,主域名3000份,财经商业,300,https://github.com/51chiguawang319/202609/blob/main/20260927/qSXgF_GPfgVR.md,https://raw.githubusercontent.com/51chiguawang319/202609/main/20260927/qSXgF_GPfgVR.md
qsyPO_KHwyEu.md,泛二级1000份,文化娱乐,300,https://github.com/51chiguawang319/202609/blob/main/20260927/qsyPO_KHwyEu.md,https://raw.githubusercontent.com/51chiguawang319/202609/main/20260927/qsyPO_KHwyEu.md
qTIEc_idHriw.md,主域名3000份,天气环境,300,https://github.com/51chiguawang319/202609/blob/main/20260927/qTIEc_idHriw.md,https://raw.githubusercontent.com/51chiguawang319/202609/main/20260927/qTIEc_idHriw.md
QtklK_pWeWlg.md,主域名3000份,文化娱乐,300,https://github.com/51chiguawang319/202609/blob/main/20260927/QtklK_pWeWlg.md,https://raw.githubusercontent.com/51chiguawang319/202609/main/20260927/QtklK_pWeWlg.md
qTLAO_zfcINN.md,主域名3000份,财经商业,300,https://github.com/51chiguawang319/202609/blob/main/20260927/qTLAO_zfcINN.md,https://raw.githubusercontent.com/51chiguawang319/202609/main/20260927/qTLAO_zfcINN.md
QtYdJ_HFOnmK.md,主域名3000份,财经商业,300,https://github.com/51chiguawang319/202609/blob/main/20260927/QtYdJ_HFOnmK.md,https://raw.githubusercontent.com/51chiguawang319/202609/main/20260927/QtYdJ_HFOnmK.md
QUdbl_TbbOCj.md,主域名3000份,科技数码,300,https://github.com/51chiguawang319/202609/blob/main/20260927/QUdbl_TbbOCj.md,https://raw.githubusercontent.com/51chiguawang319/202609/main/20260927/QUdbl_TbbOCj.md
QUFOi_GLlNcM.md,主域名3000份,文化娱乐,300,https://github.com/51chiguawang319/202609/blob/main/20260927/QUFOi_GLlNcM.md,https://raw.githubusercontent.com/51chiguawang319/202609/main/20260927/QUFOi_GLlNcM.md
qUfrl_JKXrEe.md,主域名3000份,科技数码,300,https://github.com/51chiguawang319/202609/blob/main/20260927/qUfrl_JKXrEe.md,https://raw.githubusercontent.com/51chiguawang319/202609/main/20260927/qUfrl_JKXrEe.md
QUjqC_AIZCrM.md,主域名3000份,文化娱乐,300,https://github.com/51chiguawang319/202609/blob/main/20260927/QUjqC_AIZCrM.md,https://raw.githubusercontent.com/51chiguawang319/202609/main/20260927/QUjqC_AIZCrM.md
QUlib_TcUKAC.md,泛二级1000份,天气环境,300,https://github.com/51chiguawang319/202609/blob/main/20260927/QUlib_TcUKAC.md,https://raw.githubusercontent.com/51chiguawang319/202609/main/20260927/QUlib_TcUKAC.md
quLZD_GVWJal.md,泛二级1000份,天气环境,300,https://github.com/51chiguawang319/202609/blob/main/20260927/quLZD_GVWJal.md,https://raw.githubusercontent.com/51chiguawang319/202609/main/20260927/quLZD_GVWJal.md
QuMFQ_rsQZxh.md,主域名3000份,财经商业,300,https://github.com/51chiguawang319/202609/blob/main/20260927/QuMFQ_rsQZxh.md,https://raw.githubusercontent.com/51chiguawang319/202609/main/20260927/QuMFQ_rsQZxh.md
QumPz_TaFRbi.md,主域名3000份,体育赛事,300,https://github.com/51chiguawang319/202609/blob/main/20260927/QumPz_TaFRbi.md,https://raw.githubusercontent.com/51chiguawang319/202609/main/20260927/QumPz_TaFRbi.md
qUnrJ_QpHBKy.md,泛二级1000份,科技数码,300,https://github.com/51chiguawang319/202609/blob/main/20260927/qUnrJ_QpHBKy.md,https://raw.githubusercontent.com/51chiguawang319/202609/main/20260927/qUnrJ_QpHBKy.md
qUtUp_EmkbBZ.md,主域名3000份,天气环境,300,https://github.com/51chiguawang319/202609/blob/main/20260927/qUtUp_EmkbBZ.md,https://raw.githubusercontent.com/51chiguawang319/202609/main/20260927/qUtUp_EmkbBZ.md
qUwdq_HUffMZ.md,泛二级1000份,体育赛事,300,https://github.com/51chiguawang319/202609/blob/main/20260927/qUwdq_HUffMZ.md,https://raw.githubusercontent.com/51chiguawang319/202609/main/20260927/qUwdq_HUffMZ.md
qvCuV_EgrsRw.md,主域名3000份,财经商业,300,https://github.com/51chiguawang319/202609/blob/main/20260927/qvCuV_EgrsRw.md,https://raw.githubusercontent.com/51chiguawang319/202609/main/20260927/qvCuV_EgrsRw.md
QvDHy_TogumY.md,泛二级1000份,健康医疗,300,https://github.com/51chiguawang319/202609/blob/main/20260927/QvDHy_TogumY.md,https://raw.githubusercontent.com/51chiguawang319/202609/main/20260927/QvDHy_TogumY.md
qVHbB_kmzXyX.md,主域名3000份,天气环境,300,https://github.com/51chiguawang319/202609/blob/main/20260927/qVHbB_kmzXyX.md,https://raw.githubusercontent.com/51chiguawang319/202609/main/20260927/qVHbB_kmzXyX.md
qvJHr_XoGSYU.md,泛二级1000份,科技数码,300,https://github.com/51chiguawang319/202609/blob/main/20260927/qvJHr_XoGSYU.md,https://raw.githubusercontent.com/51chiguawang319/202609/main/20260927/qvJHr_XoGSYU.md
QvjYq_DArgZE.md,主域名3000份,文化娱乐,300,https://github.com/51chiguawang319/202609/blob/main/20260927/QvjYq_DArgZE.md,https://raw.githubusercontent.com/51chiguawang319/202609/main/20260927/QvjYq_DArgZE.md
QVMBu_pmtrDr.md,主域名3000份,健康医疗,300,https://github.com/51chiguawang319/202609/blob/main/20260927/QVMBu_pmtrDr.md,https://raw.githubusercontent.com/51chiguawang319/202609/main/20260927/QVMBu_pmtrDr.md
QvxZI_LpzmOO.md,主域名3000份,科技数码,300,https://github.com/51chiguawang319/202609/blob/main/20260927/QvxZI_LpzmOO.md,https://raw.githubusercontent.com/51chiguawang319/202609/main/20260927/QvxZI_LpzmOO.md
qvZIf_ELsOUY.md,主域名3000份,体育赛事,300,https://github.com/51chiguawang319/202609/blob/main/20260927/qvZIf_ELsOUY.md,https://raw.githubusercontent.com/51chiguawang319/202609/main/20260927/qvZIf_ELsOUY.md
QvZpj_tJXGPL.md,主域名3000份,财经商业,300,https://github.com/51chiguawang319/202609/blob/main/20260927/QvZpj_tJXGPL.md,https://raw.githubusercontent.com/51chiguawang319/202609/main/20260927/QvZpj_tJXGPL.md
qwDAc_Feljdq.md,主域名3000份,财经商业,300,https://github.com/51chiguawang319/202609/blob/main/20260927/qwDAc_Feljdq.md,https://raw.githubusercontent.com/51chiguawang319/202609/main/20260927/qwDAc_Feljdq.md
QwfYD_fkKSBU.md,主域名3000份,体育赛事,300,https://github.com/51chiguawang319/202609/blob/main/20260927/QwfYD_fkKSBU.md,https://raw.githubusercontent.com/51chiguawang319/202609/main/20260927/QwfYD_fkKSBU.md
qWJdG_PsMuPv.md,主域名3000份,财经商业,300,https://github.com/51chiguawang319/202609/blob/main/20260927/qWJdG_PsMuPv.md,https://raw.githubusercontent.com/51chiguawang319/202609/main/20260927/qWJdG_PsMuPv.md
qWOCa_DKyyWo.md,泛二级1000份,体育赛事,300,https://github.com/51chiguawang319/202609/blob/main/20260927/qWOCa_DKyyWo.md,https://raw.githubusercontent.com/51chiguawang319/202609/main/20260927/qWOCa_DKyyWo.md
qWtJY_vlzBqd.md,主域名3000份,天气环境,300,https://github.com/51chiguawang319/202609/blob/main/20260927/qWtJY_vlzBqd.md,https://raw.githubusercontent.com/51chiguawang319/202609/main/20260927/qWtJY_vlzBqd.md
qWZah_WhZFaR.md,主域名3000份,财经商业,300,https://github.com/51chiguawang319/202609/blob/main/20260927/qWZah_WhZFaR.md,https://raw.githubusercontent.com/51chiguawang319/202609/main/20260927/qWZah_WhZFaR.md
qxIsA_bxINKF.md,主域名3000份,体育赛事,300,https://github.com/51chiguawang319/202609/blob/main/20260927/qxIsA_bxINKF.md,https://raw.githubusercontent.com/51chiguawang319/202609/main/20260927/qxIsA_bxINKF.md
QxJNt_mwXLAF.md,主域名3000份,科技数码,300,https://github.com/51chiguawang319/202609/blob/main/20260927/QxJNt_mwXLAF.md,https://raw.githubusercontent.com/51chiguawang319/202609/main/20260927/QxJNt_mwXLAF.md
qxKid_gtsGVc.md,主域名3000份,科技数码,300,https://github.com/51chiguawang319/202609/blob/main/20260927/qxKid_gtsGVc.md,https://raw.githubusercontent.com/51chiguawang319/202609/main/20260927/qxKid_gtsGVc.md
qxLfg_LyyzVb.md,主域名3000份,健康医疗,300,https://github.com/51chiguawang319/202609/blob/main/20260927/qxLfg_LyyzVb.md,https://raw.githubusercontent.com/51chiguawang319/202609/main/20260927/qxLfg_LyyzVb.md
QxMQR_fKBzzg.md,主域名3000份,科技数码,300,https://github.com/51chiguawang319/202609/blob/main/20260927/QxMQR_fKBzzg.md,https://raw.githubusercontent.com/51chiguawang319/202609/main/20260927/QxMQR_fKBzzg.md
qxOvA_jRpgtC.md,泛二级1000份,文化娱乐,300,https://github.com/51chiguawang319/202609/blob/main/20260927/qxOvA_jRpgtC.md,https://raw.githubusercontent.com/51chiguawang319/202609/main/20260927/qxOvA_jRpgtC.md
QXQfi_giVpZo.md,主域名3000份,体育赛事,300,https://github.com/51chiguawang319/202609/blob/main/20260927/QXQfi_giVpZo.md,https://raw.githubusercontent.com/51chiguawang319/202609/main/20260927/QXQfi_giVpZo.md
qxTHN_IvECGE.md,主域名3000份,科技数码,300,https://github.com/51chiguawang319/202609/blob/main/20260927/qxTHN_IvECGE.md,https://raw.githubusercontent.com/51chiguawang319/202609/main/20260927/qxTHN_IvECGE.md
qxWNW_pcWTsq.md,主域名3000份,文化娱乐,300,https://github.com/51chiguawang319/202609/blob/main/20260927/qxWNW_pcWTsq.md,https://raw.githubusercontent.com/51chiguawang319/202609/main/20260927/qxWNW_pcWTsq.md
qxxPg_yPBrHL.md,主域名3000份,文化娱乐,300,https://github.com/51chiguawang319/202609/blob/main/20260927/qxxPg_yPBrHL.md,https://raw.githubusercontent.com/51chiguawang319/202609/main/20260927/qxxPg_yPBrHL.md
QXYFn_Uarhzk.md,主域名3000份,文化娱乐,300,https://github.com/51chiguawang319/202609/blob/main/20260927/QXYFn_Uarhzk.md,https://raw.githubusercontent.com/51chiguawang319/202609/main/20260927/QXYFn_Uarhzk.md
QXzXp_rDBvTc.md,主域名3000份,体育赛事,300,https://github.com/51chiguawang319/202609/blob/main/20260927/QXzXp_rDBvTc.md,https://raw.githubusercontent.com/51chiguawang319/202609/main/20260927/QXzXp_rDBvTc.md
QYaSr_aEyOic.md,主域名3000份,天气环境,300,https://github.com/51chiguawang319/202609/blob/main/20260927/QYaSr_aEyOic.md,https://raw.githubusercontent.com/51chiguawang319/202609/main/20260927/QYaSr_aEyOic.md
QYIqi_QWkzQQ.md,主域名3000份,健康医疗,300,https://github.com/51chiguawang319/202609/blob/main/20260927/QYIqi_QWkzQQ.md,https://raw.githubusercontent.com/51chiguawang319/202609/main/20260927/QYIqi_QWkzQQ.md
qYkxz_YvHicM.md,主域名3000份,健康医疗,300,https://github.com/51chiguawang319/202609/blob/main/20260927/qYkxz_YvHicM.md,https://raw.githubusercontent.com/51chiguawang319/202609/main/20260927/qYkxz_YvHicM.md
qyoTh_eYibie.md,主域名3000份,体育赛事,300,https://github.com/51chiguawang319/202609/blob/main/20260927/qyoTh_eYibie.md,https://raw.githubusercontent.com/51chiguawang319/202609/main/20260927/qyoTh_eYibie.md
QYQus_tnLaQX.md,主域名3000份,体育赛事,300,https://github.com/51chiguawang319/202609/blob/main/20260927/QYQus_tnLaQX.md,https://raw.githubusercontent.com/51chiguawang319/202609/main/20260927/QYQus_tnLaQX.md
qyrgZ_FiZSrB.md,泛二级1000份,财经商业,300,https://github.com/51chiguawang319/202609/blob/main/20260927/qyrgZ_FiZSrB.md,https://raw.githubusercontent.com/51chiguawang319/202609/main/20260927/qyrgZ_FiZSrB.md
qysnO_MUMDtl.md,泛二级1000份,科技数码,300,https://github.com/51chiguawang319/202609/blob/main/20260927/qysnO_MUMDtl.md,https://raw.githubusercontent.com/51chiguawang319/202609/main/20260927/qysnO_MUMDtl.md
QzCKV_RDrQnE.md,主域名3000份,体育赛事,300,https://github.com/51chiguawang319/202609/blob/main/20260927/QzCKV_RDrQnE.md,https://raw.githubusercontent.com/51chiguawang319/202609/main/20260927/QzCKV_RDrQnE.md
qzLhh_wlCyLf.md,主域名3000份,科技数码,300,https://github.com/51chiguawang319/202609/blob/main/20260927/qzLhh_wlCyLf.md,https://raw.githubusercontent.com/51chiguawang319/202609/main/20260927/qzLhh_wlCyLf.md
qZMNI_VEeERf.md,主域名3000份,健康医疗,300,https://github.com/51chiguawang319/202609/blob/main/20260927/qZMNI_VEeERf.md,https://raw.githubusercontent.com/51chiguawang319/202609/main/20260927/qZMNI_VEeERf.md
qZtOE_vLXxnI.md,主域名3000份,健康医疗,300,https://github.com/51chiguawang319/202609/blob/main/20260927/qZtOE_vLXxnI.md,https://raw.githubusercontent.com/51chiguawang319/202609/main/20260927/qZtOE_vLXxnI.md
QZxJd_wEKGAO.md,主域名3000份,体育赛事,300,https://github.com/51chiguawang319/202609/blob/main/20260927/QZxJd_wEKGAO.md,https://raw.githubusercontent.com/51chiguawang319/202609/main/20260927/QZxJd_wEKGAO.md
rAaxN_zXnQuv.md,主域名3000份,文化娱乐,300,https://github.com/51chiguawang319/202609/blob/main/20260927/rAaxN_zXnQuv.md,https://raw.githubusercontent.com/51chiguawang319/202609/main/20260927/rAaxN_zXnQuv.md
radVV_HkAxoG.md,主域名3000份,体育赛事,300,https://github.com/51chiguawang319/202609/blob/main/20260927/radVV_HkAxoG.md,https://raw.githubusercontent.com/51chiguawang319/202609/main/20260927/radVV_HkAxoG.md
RaKNi_rngFKk.md,泛二级1000份,财经商业,300,https://github.com/51chiguawang319/202609/blob/main/20260927/RaKNi_rngFKk.md,https://raw.githubusercontent.com/51chiguawang319/202609/main/20260927/RaKNi_rngFKk.md
RaOgs_IfZzHS.md,主域名3000份,健康医疗,300,https://github.com/51chiguawang319/202609/blob/main/20260927/RaOgs_IfZzHS.md,https://raw.githubusercontent.com/51chiguawang319/202609/main/20260927/RaOgs_IfZzHS.md
RAsuH_rhHHXF.md,主域名3000份,文化娱乐,300,https://github.com/51chiguawang319/202609/blob/main/20260927/RAsuH_rhHHXF.md,https://raw.githubusercontent.com/51chiguawang319/202609/main/20260927/RAsuH_rhHHXF.md
rAtZV_yLEnmh.md,主域名3000份,财经商业,300,https://github.com/51chiguawang319/202609/blob/main/20260927/rAtZV_yLEnmh.md,https://raw.githubusercontent.com/51chiguawang319/202609/main/20260927/rAtZV_yLEnmh.md
RbacB_SKOdOE.md,主域名3000份,科技数码,300,https://github.com/51chiguawang319/202609/blob/main/20260927/RbacB_SKOdOE.md,https://raw.githubusercontent.com/51chiguawang319/202609/main/20260927/RbacB_SKOdOE.md
rBHXZ_cNfWIq.md,主域名3000份,体育赛事,300,https://github.com/51chiguawang319/202609/blob/main/20260927/rBHXZ_cNfWIq.md,https://raw.githubusercontent.com/51chiguawang319/202609/main/20260927/rBHXZ_cNfWIq.md
RBmSG_lRKtEE.md,主域名3000份,文化娱乐,300,https://github.com/51chiguawang319/202609/blob/main/20260927/RBmSG_lRKtEE.md,https://raw.githubusercontent.com/51chiguawang319/202609/main/20260927/RBmSG_lRKtEE.md
RBTnV_vsOWSA.md,主域名3000份,健康医疗,300,https://github.com/51chiguawang319/202609/blob/main/20260927/RBTnV_vsOWSA.md,https://raw.githubusercontent.com/51chiguawang319/202609/main/20260927/RBTnV_vsOWSA.md
RBxba_FkzmVS.md,泛二级1000份,天气环境,300,https://github.com/51chiguawang319/202609/blob/main/20260927/RBxba_FkzmVS.md,https://raw.githubusercontent.com/51chiguawang319/202609/main/20260927/RBxba_FkzmVS.md
rbyXL_vhWvnv.md,泛二级1000份,文化娱乐,300,https://github.com/51chiguawang319/202609/blob/main/20260927/rbyXL_vhWvnv.md,https://raw.githubusercontent.com/51chiguawang319/202609/main/20260927/rbyXL_vhWvnv.md
rBzTD_ujgWfA.md,主域名3000份,健康医疗,300,https://github.com/51chiguawang319/202609/blob/main/20260927/rBzTD_ujgWfA.md,https://raw.githubusercontent.com/51chiguawang319/202609/main/20260927/rBzTD_ujgWfA.md
rcbLH_zhLnSp.md,主域名3000份,健康医疗,300,https://github.com/51chiguawang319/202609/blob/main/20260927/rcbLH_zhLnSp.md,https://raw.githubusercontent.com/51chiguawang319/202609/main/20260927/rcbLH_zhLnSp.md
RCISy_OpIZcR.md,主域名3000份,文化娱乐,300,https://github.com/51chiguawang319/202609/blob/main/20260927/RCISy_OpIZcR.md,https://raw.githubusercontent.com/51chiguawang319/202609/main/20260927/RCISy_OpIZcR.md
rcmSE_dImiUj.md,泛二级1000份,科技数码,300,https://github.com/51chiguawang319/202609/blob/main/20260927/rcmSE_dImiUj.md,https://raw.githubusercontent.com/51chiguawang319/202609/main/20260927/rcmSE_dImiUj.md
RCVRy_AKLwxW.md,主域名3000份,天气环境,300,https://github.com/51chiguawang319/202609/blob/main/20260927/RCVRy_AKLwxW.md,https://raw.githubusercontent.com/51chiguawang319/202609/main/20260927/RCVRy_AKLwxW.md
rcXAJ_Colsaj.md,泛二级1000份,科技数码,300,https://github.com/51chiguawang319/202609/blob/main/20260927/rcXAJ_Colsaj.md,https://raw.githubusercontent.com/51chiguawang319/202609/main/20260927/rcXAJ_Colsaj.md
RCYZm_jvhysC.md,主域名3000份,科技数码,300,https://github.com/51chiguawang319/202609/blob/main/20260927/RCYZm_jvhysC.md,https://raw.githubusercontent.com/51chiguawang319/202609/main/20260927/RCYZm_jvhysC.md
rDeNG_wDPzyd.md,主域名3000份,体育赛事,300,https://github.com/51chiguawang319/202609/blob/main/20260927/rDeNG_wDPzyd.md,https://raw.githubusercontent.com/51chiguawang319/202609/main/20260927/rDeNG_wDPzyd.md
rdhIh_pXkqmk.md,泛二级1000份,健康医疗,300,https://github.com/51chiguawang319/202609/blob/main/20260927/rdhIh_pXkqmk.md,https://raw.githubusercontent.com/51chiguawang319/202609/main/20260927/rdhIh_pXkqmk.md
RDHqs_UUHgCd.md,主域名3000份,科技数码,300,https://github.com/51chiguawang319/202609/blob/main/20260927/RDHqs_UUHgCd.md,https://raw.githubusercontent.com/51chiguawang319/202609/main/20260927/RDHqs_UUHgCd.md
rdKFz_yPhURT.md,主域名3000份,文化娱乐,300,https://github.com/51chiguawang319/202609/blob/main/20260927/rdKFz_yPhURT.md,https://raw.githubusercontent.com/51chiguawang319/202609/main/20260927/rdKFz_yPhURT.md
rDUFD_oGOzSC.md,主域名3000份,文化娱乐,300,https://github.com/51chiguawang319/202609/blob/main/20260927/rDUFD_oGOzSC.md,https://raw.githubusercontent.com/51chiguawang319/202609/main/20260927/rDUFD_oGOzSC.md
RdvEV_pcNRQm.md,泛二级1000份,体育赛事,300,https://github.com/51chiguawang319/202609/blob/main/20260927/RdvEV_pcNRQm.md,https://raw.githubusercontent.com/51chiguawang319/202609/main/20260927/RdvEV_pcNRQm.md
Rdwsw_ohDdCB.md,主域名3000份,健康医疗,300,https://github.com/51chiguawang319/202609/blob/main/20260927/Rdwsw_ohDdCB.md,https://raw.githubusercontent.com/51chiguawang319/202609/main/20260927/Rdwsw_ohDdCB.md
rdXgY_sEBCaJ.md,主域名3000份,体育赛事,300,https://github.com/51chiguawang319/202609/blob/main/20260927/rdXgY_sEBCaJ.md,https://raw.githubusercontent.com/51chiguawang319/202609/main/20260927/rdXgY_sEBCaJ.md
rdYbZ_jyncRP.md,主域名3000份,科技数码,300,https://github.com/51chiguawang319/202609/blob/main/20260927/rdYbZ_jyncRP.md,https://raw.githubusercontent.com/51chiguawang319/202609/main/20260927/rdYbZ_jyncRP.md
reaTN_RWrfVu.md,泛二级1000份,科技数码,300,https://github.com/51chiguawang319/202609/blob/main/20260927/reaTN_RWrfVu.md,https://raw.githubusercontent.com/51chiguawang319/202609/main/20260927/reaTN_RWrfVu.md
regEf_tcOqUi.md,主域名3000份,体育赛事,300,https://github.com/51chiguawang319/202609/blob/main/20260927/regEf_tcOqUi.md,https://raw.githubusercontent.com/51chiguawang319/202609/main/20260927/regEf_tcOqUi.md
REGge_cWYNhY.md,主域名3000份,科技数码,300,https://github.com/51chiguawang319/202609/blob/main/20260927/REGge_cWYNhY.md,https://raw.githubusercontent.com/51chiguawang319/202609/main/20260927/REGge_cWYNhY.md
REIjK_iIUNZE.md,主域名3000份,科技数码,300,https://github.com/51chiguawang319/202609/blob/main/20260927/REIjK_iIUNZE.md,https://raw.githubusercontent.com/51chiguawang319/202609/main/20260927/REIjK_iIUNZE.md
REqux_JMhSPS.md,主域名3000份,科技数码,300,https://github.com/51chiguawang319/202609/blob/main/20260927/REqux_JMhSPS.md,https://raw.githubusercontent.com/51chiguawang319/202609/main/20260927/REqux_JMhSPS.md
revBg_ZBSyeQ.md,泛二级1000份,天气环境,300,https://github.com/51chiguawang319/202609/blob/main/20260927/revBg_ZBSyeQ.md,https://raw.githubusercontent.com/51chiguawang319/202609/main/20260927/revBg_ZBSyeQ.md
rExQu_IkZEcv.md,主域名3000份,体育赛事,300,https://github.com/51chiguawang319/202609/blob/main/20260927/rExQu_IkZEcv.md,https://raw.githubusercontent.com/51chiguawang319/202609/main/20260927/rExQu_IkZEcv.md
rEyoE_vhCpem.md,主域名3000份,天气环境,300,https://github.com/51chiguawang319/202609/blob/main/20260927/rEyoE_vhCpem.md,https://raw.githubusercontent.com/51chiguawang319/202609/main/20260927/rEyoE_vhCpem.md
rEZGv_IChOhs.md,主域名3000份,健康医疗,300,https://github.com/51chiguawang319/202609/blob/main/20260927/rEZGv_IChOhs.md,https://raw.githubusercontent.com/51chiguawang319/202609/main/20260927/rEZGv_IChOhs.md
Rfcbe_cQlVxf.md,主域名3000份,健康医疗,300,https://github.com/51chiguawang319/202609/blob/main/20260927/Rfcbe_cQlVxf.md,https://raw.githubusercontent.com/51chiguawang319/202609/main/20260927/Rfcbe_cQlVxf.md
rfcMo_aUhYlm.md,主域名3000份,文化娱乐,300,https://github.com/51chiguawang319/202609/blob/main/20260927/rfcMo_aUhYlm.md,https://raw.githubusercontent.com/51chiguawang319/202609/main/20260927/rfcMo_aUhYlm.md
rFRVd_oquSat.md,泛二级1000份,科技数码,300,https://github.com/51chiguawang319/202609/blob/main/20260927/rFRVd_oquSat.md,https://raw.githubusercontent.com/51chiguawang319/202609/main/20260927/rFRVd_oquSat.md
rFSDR_wQlqGL.md,主域名3000份,财经商业,300,https://github.com/51chiguawang319/202609/blob/main/20260927/rFSDR_wQlqGL.md,https://raw.githubusercontent.com/51chiguawang319/202609/main/20260927/rFSDR_wQlqGL.md
rFueM_NmEJhs.md,泛二级1000份,科技数码,300,https://github.com/51chiguawang319/202609/blob/main/20260927/rFueM_NmEJhs.md,https://raw.githubusercontent.com/51chiguawang319/202609/main/20260927/rFueM_NmEJhs.md
Rgkfr_UbJLVl.md,泛二级1000份,财经商业,300,https://github.com/51chiguawang319/202609/blob/main/20260927/Rgkfr_UbJLVl.md,https://raw.githubusercontent.com/51chiguawang319/202609/main/20260927/Rgkfr_UbJLVl.md
rGlIZ_GLaTIZ.md,主域名3000份,天气环境,300,https://github.com/51chiguawang319/202609/blob/main/20260927/rGlIZ_GLaTIZ.md,https://raw.githubusercontent.com/51chiguawang319/202609/main/20260927/rGlIZ_GLaTIZ.md
RgOAa_VwFpCW.md,主域名3000份,科技数码,300,https://github.com/51chiguawang319/202609/blob/main/20260927/RgOAa_VwFpCW.md,https://raw.githubusercontent.com/51chiguawang319/202609/main/20260927/RgOAa_VwFpCW.md
RgtJu_kOvtTW.md,主域名3000份,健康医疗,300,https://github.com/51chiguawang319/202609/blob/main/20260927/RgtJu_kOvtTW.md,https://raw.githubusercontent.com/51chiguawang319/202609/main/20260927/RgtJu_kOvtTW.md
RgyRT_sPwEYo.md,主域名3000份,体育赛事,300,https://github.com/51chiguawang319/202609/blob/main/20260927/RgyRT_sPwEYo.md,https://raw.githubusercontent.com/51chiguawang319/202609/main/20260927/RgyRT_sPwEYo.md
rHeFS_Pgzqsw.md,主域名3000份,健康医疗,300,https://github.com/51chiguawang319/202609/blob/main/20260927/rHeFS_Pgzqsw.md,https://raw.githubusercontent.com/51chiguawang319/202609/main/20260927/rHeFS_Pgzqsw.md
RhGhq_YZkpJa.md,主域名3000份,健康医疗,300,https://github.com/51chiguawang319/202609/blob/main/20260927/RhGhq_YZkpJa.md,https://raw.githubusercontent.com/51chiguawang319/202609/main/20260927/RhGhq_YZkpJa.md
rhkpZ_BtvTPC.md,主域名3000份,科技数码,300,https://github.com/51chiguawang319/202609/blob/main/20260927/rhkpZ_BtvTPC.md,https://raw.githubusercontent.com/51chiguawang319/202609/main/20260927/rhkpZ_BtvTPC.md
rHlbb_NnkfkU.md,主域名3000份,文化娱乐,300,https://github.com/51chiguawang319/202609/blob/main/20260927/rHlbb_NnkfkU.md,https://raw.githubusercontent.com/51chiguawang319/202609/main/20260927/rHlbb_NnkfkU.md
rIdhA_RAafnL.md,主域名3000份,天气环境,300,https://github.com/51chiguawang319/202609/blob/main/20260927/rIdhA_RAafnL.md,https://raw.githubusercontent.com/51chiguawang319/202609/main/20260927/rIdhA_RAafnL.md
RiEXL_FGiFBN.md,主域名3000份,科技数码,300,https://github.com/51chiguawang319/202609/blob/main/20260927/RiEXL_FGiFBN.md,https://raw.githubusercontent.com/51chiguawang319/202609/main/20260927/RiEXL_FGiFBN.md
rIhHT_LPojFZ.md,主域名3000份,科技数码,300,https://github.com/51chiguawang319/202609/blob/main/20260927/rIhHT_LPojFZ.md,https://raw.githubusercontent.com/51chiguawang319/202609/main/20260927/rIhHT_LPojFZ.md
rIkeT_kNReSv.md,主域名3000份,财经商业,300,https://github.com/51chiguawang319/202609/blob/main/20260927/rIkeT_kNReSv.md,https://raw.githubusercontent.com/51chiguawang319/202609/main/20260927/rIkeT_kNReSv.md
rIlpJ_maTjUB.md,主域名3000份,健康医疗,300,https://github.com/51chiguawang319/202609/blob/main/20260927/rIlpJ_maTjUB.md,https://raw.githubusercontent.com/51chiguawang319/202609/main/20260927/rIlpJ_maTjUB.md
RiPtA_fxhPYg.md,主域名3000份,天气环境,300,https://github.com/51chiguawang319/202609/blob/main/20260927/RiPtA_fxhPYg.md,https://raw.githubusercontent.com/51chiguawang319/202609/main/20260927/RiPtA_fxhPYg.md
RIrlR_XhMdsc.md,主域名3000份,科技数码,300,https://github.com/51chiguawang319/202609/blob/main/20260927/RIrlR_XhMdsc.md,https://raw.githubusercontent.com/51chiguawang319/202609/main/20260927/RIrlR_XhMdsc.md
rIYMl_AhbhTr.md,主域名3000份,财经商业,300,https://github.com/51chiguawang319/202609/blob/main/20260927/rIYMl_AhbhTr.md,https://raw.githubusercontent.com/51chiguawang319/202609/main/20260927/rIYMl_AhbhTr.md
riyzI_PHYzyW.md,主域名3000份,天气环境,300,https://github.com/51chiguawang319/202609/blob/main/20260927/riyzI_PHYzyW.md,https://raw.githubusercontent.com/51chiguawang319/202609/main/20260927/riyzI_PHYzyW.md
rjBjS_GkZMNu.md,泛二级1000份,健康医疗,300,https://github.com/51chiguawang319/202609/blob/main/20260927/rjBjS_GkZMNu.md,https://raw.githubusercontent.com/51chiguawang319/202609/main/20260927/rjBjS_GkZMNu.md
rJdyv_dcFjYy.md,主域名3000份,健康医疗,300,https://github.com/51chiguawang319/202609/blob/main/20260927/rJdyv_dcFjYy.md,https://raw.githubusercontent.com/51chiguawang319/202609/main/20260927/rJdyv_dcFjYy.md
RjETe_xNOxYn.md,泛二级1000份,体育赛事,300,https://github.com/51chiguawang319/202609/blob/main/20260927/RjETe_xNOxYn.md,https://raw.githubusercontent.com/51chiguawang319/202609/main/20260927/RjETe_xNOxYn.md
rJhej_YrChMu.md,主域名3000份,科技数码,300,https://github.com/51chiguawang319/202609/blob/main/20260927/rJhej_YrChMu.md,https://raw.githubusercontent.com/51chiguawang319/202609/main/20260927/rJhej_YrChMu.md
rjLWb_PjRoXS.md,主域名3000份,科技数码,300,https://github.com/51chiguawang319/202609/blob/main/20260927/rjLWb_PjRoXS.md,https://raw.githubusercontent.com/51chiguawang319/202609/main/20260927/rjLWb_PjRoXS.md
RjSHR_UxpVXm.md,泛二级1000份,健康医疗,300,https://github.com/51chiguawang319/202609/blob/main/20260927/RjSHR_UxpVXm.md,https://raw.githubusercontent.com/51chiguawang319/202609/main/20260927/RjSHR_UxpVXm.md
RjXpP_YXKCpx.md,主域名3000份,体育赛事,300,https://github.com/51chiguawang319/202609/blob/main/20260927/RjXpP_YXKCpx.md,https://raw.githubusercontent.com/51chiguawang319/202609/main/20260927/RjXpP_YXKCpx.md
rKcgg_UkchdY.md,主域名3000份,文化娱乐,300,https://github.com/51chiguawang319/202609/blob/main/20260927/rKcgg_UkchdY.md,https://raw.githubusercontent.com/51chiguawang319/202609/main/20260927/rKcgg_UkchdY.md
RKDUa_OTnTaD.md,主域名3000份,天气环境,300,https://github.com/51chiguawang319/202609/blob/main/20260927/RKDUa_OTnTaD.md,https://raw.githubusercontent.com/51chiguawang319/202609/main/20260927/RKDUa_OTnTaD.md
rKHUo_gdqVbh.md,泛二级1000份,天气环境,300,https://github.com/51chiguawang319/202609/blob/main/20260927/rKHUo_gdqVbh.md,https://raw.githubusercontent.com/51chiguawang319/202609/main/20260927/rKHUo_gdqVbh.md
RKjUb_dloWQb.md,主域名3000份,科技数码,300,https://github.com/51chiguawang319/202609/blob/main/20260927/RKjUb_dloWQb.md,https://raw.githubusercontent.com/51chiguawang319/202609/main/20260927/RKjUb_dloWQb.md
RkMpH_MrQmyx.md,主域名3000份,天气环境,300,https://github.com/51chiguawang319/202609/blob/main/20260927/RkMpH_MrQmyx.md,https://raw.githubusercontent.com/51chiguawang319/202609/main/20260927/RkMpH_MrQmyx.md
Rktpv_JJSgOF.md,主域名3000份,体育赛事,300,https://github.com/51chiguawang319/202609/blob/main/20260927/Rktpv_JJSgOF.md,https://raw.githubusercontent.com/51chiguawang319/202609/main/20260927/Rktpv_JJSgOF.md
rkwXP_RErmgd.md,泛二级1000份,天气环境,300,https://github.com/51chiguawang319/202609/blob/main/20260927/rkwXP_RErmgd.md,https://raw.githubusercontent.com/51chiguawang319/202609/main/20260927/rkwXP_RErmgd.md
rKzZG_DgaItL.md,主域名3000份,财经商业,300,https://github.com/51chiguawang319/202609/blob/main/20260927/rKzZG_DgaItL.md,https://raw.githubusercontent.com/51chiguawang319/202609/main/20260927/rKzZG_DgaItL.md
rLEnD_kBbZar.md,主域名3000份,天气环境,300,https://github.com/51chiguawang319/202609/blob/main/20260927/rLEnD_kBbZar.md,https://raw.githubusercontent.com/51chiguawang319/202609/main/20260927/rLEnD_kBbZar.md
rlKPF_XCbUti.md,主域名3000份,文化娱乐,300,https://github.com/51chiguawang319/202609/blob/main/20260927/rlKPF_XCbUti.md,https://raw.githubusercontent.com/51chiguawang319/202609/main/20260927/rlKPF_XCbUti.md
rLKsP_xXqoXS.md,主域名3000份,文化娱乐,300,https://github.com/51chiguawang319/202609/blob/main/20260927/rLKsP_xXqoXS.md,https://raw.githubusercontent.com/51chiguawang319/202609/main/20260927/rLKsP_xXqoXS.md
rMAii_haXKCz.md,主域名3000份,天气环境,300,https://github.com/51chiguawang319/202609/blob/main/20260927/rMAii_haXKCz.md,https://raw.githubusercontent.com/51chiguawang319/202609/main/20260927/rMAii_haXKCz.md
RMemI_qAZFot.md,主域名3000份,科技数码,300,https://github.com/51chiguawang319/202609/blob/main/20260927/RMemI_qAZFot.md,https://raw.githubusercontent.com/51chiguawang319/202609/main/20260927/RMemI_qAZFot.md
rmeSO_NPfMwk.md,主域名3000份,健康医疗,300,https://github.com/51chiguawang319/202609/blob/main/20260927/rmeSO_NPfMwk.md,https://raw.githubusercontent.com/51chiguawang319/202609/main/20260927/rmeSO_NPfMwk.md
RmoVt_FrfNoN.md,主域名3000份,科技数码,300,https://github.com/51chiguawang319/202609/blob/main/20260927/RmoVt_FrfNoN.md,https://raw.githubusercontent.com/51chiguawang319/202609/main/20260927/RmoVt_FrfNoN.md
rMRnb_AdIXpr.md,主域名3000份,健康医疗,300,https://github.com/51chiguawang319/202609/blob/main/20260927/rMRnb_AdIXpr.md,https://raw.githubusercontent.com/51chiguawang319/202609/main/20260927/rMRnb_AdIXpr.md
RMrpd_AnGLPg.md,主域名3000份,文化娱乐,300,https://github.com/51chiguawang319/202609/blob/main/20260927/RMrpd_AnGLPg.md,https://raw.githubusercontent.com/51chiguawang319/202609/main/20260927/RMrpd_AnGLPg.md
rmsiI_Darcqr.md,主域名3000份,天气环境,300,https://github.com/51chiguawang319/202609/blob/main/20260927/rmsiI_Darcqr.md,https://raw.githubusercontent.com/51chiguawang319/202609/main/20260927/rmsiI_Darcqr.md
rNBMq_kNTMpt.md,主域名3000份,文化娱乐,300,https://github.com/51chiguawang319/202609/blob/main/20260927/rNBMq_kNTMpt.md,https://raw.githubusercontent.com/51chiguawang319/202609/main/20260927/rNBMq_kNTMpt.md
RncGZ_yUMtOV.md,泛二级1000份,文化娱乐,300,https://github.com/51chiguawang319/202609/blob/main/20260927/RncGZ_yUMtOV.md,https://raw.githubusercontent.com/51chiguawang319/202609/main/20260927/RncGZ_yUMtOV.md
RnjIo_xtYBWs.md,主域名3000份,天气环境,300,https://github.com/51chiguawang319/202609/blob/main/20260927/RnjIo_xtYBWs.md,https://raw.githubusercontent.com/51chiguawang319/202609/main/20260927/RnjIo_xtYBWs.md
RnuKJ_MyJfaD.md,主域名3000份,科技数码,300,https://github.com/51chiguawang319/202609/blob/main/20260927/RnuKJ_MyJfaD.md,https://raw.githubusercontent.com/51chiguawang319/202609/main/20260927/RnuKJ_MyJfaD.md
rnWcY_jJfxIb.md,主域名3000份,财经商业,300,https://github.com/51chiguawang319/202609/blob/main/20260927/rnWcY_jJfxIb.md,https://raw.githubusercontent.com/51chiguawang319/202609/main/20260927/rnWcY_jJfxIb.md
rNwuE_fBTuWI.md,主域名3000份,文化娱乐,300,https://github.com/51chiguawang319/202609/blob/main/20260927/rNwuE_fBTuWI.md,https://raw.githubusercontent.com/51chiguawang319/202609/main/20260927/rNwuE_fBTuWI.md
rOcEx_vPqNlX.md,泛二级1000份,文化娱乐,300,https://github.com/51chiguawang319/202609/blob/main/20260927/rOcEx_vPqNlX.md,https://raw.githubusercontent.com/51chiguawang319/202609/main/20260927/rOcEx_vPqNlX.md
ROjZq_HNrsxK.md,主域名3000份,科技数码,300,https://github.com/51chiguawang319/202609/blob/main/20260927/ROjZq_HNrsxK.md,https://raw.githubusercontent.com/51chiguawang319/202609/main/20260927/ROjZq_HNrsxK.md
rpdIM_hloZor.md,主域名3000份,文化娱乐,300,https://github.com/51chiguawang319/202609/blob/main/20260927/rpdIM_hloZor.md,https://raw.githubusercontent.com/51chiguawang319/202609/main/20260927/rpdIM_hloZor.md
RpDvZ_BLAqzR.md,主域名3000份,科技数码,300,https://github.com/51chiguawang319/202609/blob/main/20260927/RpDvZ_BLAqzR.md,https://raw.githubusercontent.com/51chiguawang319/202609/main/20260927/RpDvZ_BLAqzR.md
rPfuj_zSKHSB.md,主域名3000份,健康医疗,300,https://github.com/51chiguawang319/202609/blob/main/20260927/rPfuj_zSKHSB.md,https://raw.githubusercontent.com/51chiguawang319/202609/main/20260927/rPfuj_zSKHSB.md
rpgRO_iqBCpm.md,泛二级1000份,天气环境,300,https://github.com/51chiguawang319/202609/blob/main/20260927/rpgRO_iqBCpm.md,https://raw.githubusercontent.com/51chiguawang319/202609/main/20260927/rpgRO_iqBCpm.md
RPiOm_vhueMm.md,主域名3000份,体育赛事,300,https://github.com/51chiguawang319/202609/blob/main/20260927/RPiOm_vhueMm.md,https://raw.githubusercontent.com/51chiguawang319/202609/main/20260927/RPiOm_vhueMm.md
rPLgx_qytQFl.md,主域名3000份,体育赛事,300,https://github.com/51chiguawang319/202609/blob/main/20260927/rPLgx_qytQFl.md,https://raw.githubusercontent.com/51chiguawang319/202609/main/20260927/rPLgx_qytQFl.md
RPMun_bIaAip.md,主域名3000份,文化娱乐,300,https://github.com/51chiguawang319/202609/blob/main/20260927/RPMun_bIaAip.md,https://raw.githubusercontent.com/51chiguawang319/202609/main/20260927/RPMun_bIaAip.md
rPPQS_RjCHJv.md,泛二级1000份,天气环境,300,https://github.com/51chiguawang319/202609/blob/main/20260927/rPPQS_RjCHJv.md,https://raw.githubusercontent.com/51chiguawang319/202609/main/20260927/rPPQS_RjCHJv.md
RPQJp_vVoTsV.md,主域名3000份,科技数码,300,https://github.com/51chiguawang319/202609/blob/main/20260927/RPQJp_vVoTsV.md,https://raw.githubusercontent.com/51chiguawang319/202609/main/20260927/RPQJp_vVoTsV.md
rQAKn_qiUIyX.md,主域名3000份,天气环境,300,https://github.com/51chiguawang319/202609/blob/main/20260927/rQAKn_qiUIyX.md,https://raw.githubusercontent.com/51chiguawang319/202609/main/20260927/rQAKn_qiUIyX.md
rQHiX_cOkWUd.md,主域名3000份,天气环境,300,https://github.com/51chiguawang319/202609/blob/main/20260927/rQHiX_cOkWUd.md,https://raw.githubusercontent.com/51chiguawang319/202609/main/20260927/rQHiX_cOkWUd.md
rQnXV_TtriqP.md,主域名3000份,科技数码,300,https://github.com/51chiguawang319/202609/blob/main/20260927/rQnXV_TtriqP.md,https://raw.githubusercontent.com/51chiguawang319/202609/main/20260927/rQnXV_TtriqP.md
RqRDB_YnItMA.md,泛二级1000份,天气环境,300,https://github.com/51chiguawang319/202609/blob/main/20260927/RqRDB_YnItMA.md,https://raw.githubusercontent.com/51chiguawang319/202609/main/20260927/RqRDB_YnItMA.md
RqZMh_HkYMJL.md,主域名3000份,健康医疗,300,https://github.com/51chiguawang319/202609/blob/main/20260927/RqZMh_HkYMJL.md,https://raw.githubusercontent.com/51chiguawang319/202609/main/20260927/RqZMh_HkYMJL.md
rrDui_rHzVAw.md,主域名3000份,文化娱乐,300,https://github.com/51chiguawang319/202609/blob/main/20260927/rrDui_rHzVAw.md,https://raw.githubusercontent.com/51chiguawang319/202609/main/20260927/rrDui_rHzVAw.md
RrGrM_danFmF.md,主域名3000份,体育赛事,300,https://github.com/51chiguawang319/202609/blob/main/20260927/RrGrM_danFmF.md,https://raw.githubusercontent.com/51chiguawang319/202609/main/20260927/RrGrM_danFmF.md
rRhOT_dsvplW.md,主域名3000份,体育赛事,300,https://github.com/51chiguawang319/202609/blob/main/20260927/rRhOT_dsvplW.md,https://raw.githubusercontent.com/51chiguawang319/202609/main/20260927/rRhOT_dsvplW.md
rRhqs_XStTyv.md,主域名3000份,科技数码,300,https://github.com/51chiguawang319/202609/blob/main/20260927/rRhqs_XStTyv.md,https://raw.githubusercontent.com/51chiguawang319/202609/main/20260927/rRhqs_XStTyv.md
RRnrl_bYBuIb.md,主域名3000份,科技数码,300,https://github.com/51chiguawang319/202609/blob/main/20260927/RRnrl_bYBuIb.md,https://raw.githubusercontent.com/51chiguawang319/202609/main/20260927/RRnrl_bYBuIb.md
rrqEB_OMCTAa.md,主域名3000份,文化娱乐,300,https://github.com/51chiguawang319/202609/blob/main/20260927/rrqEB_OMCTAa.md,https://raw.githubusercontent.com/51chiguawang319/202609/main/20260927/rrqEB_OMCTAa.md
RrQSi_YXfkvs.md,泛二级1000份,体育赛事,300,https://github.com/51chiguawang319/202609/blob/main/20260927/RrQSi_YXfkvs.md,https://raw.githubusercontent.com/51chiguawang319/202609/main/20260927/RrQSi_YXfkvs.md
RrSzt_bUlQGH.md,主域名3000份,健康医疗,300,https://github.com/51chiguawang319/202609/blob/main/20260927/RrSzt_bUlQGH.md,https://raw.githubusercontent.com/51chiguawang319/202609/main/20260927/RrSzt_bUlQGH.md
RSFaL_srwGzY.md,主域名3000份,科技数码,300,https://github.com/51chiguawang319/202609/blob/main/20260927/RSFaL_srwGzY.md,https://raw.githubusercontent.com/51chiguawang319/202609/main/20260927/RSFaL_srwGzY.md
RsVFu_cLZYOd.md,泛二级1000份,天气环境,300,https://github.com/51chiguawang319/202609/blob/main/20260927/RsVFu_cLZYOd.md,https://raw.githubusercontent.com/51chiguawang319/202609/main/20260927/RsVFu_cLZYOd.md
rTDIO_Xzuciv.md,主域名3000份,体育赛事,300,https://github.com/51chiguawang319/202609/blob/main/20260927/rTDIO_Xzuciv.md,https://raw.githubusercontent.com/51chiguawang319/202609/main/20260927/rTDIO_Xzuciv.md
RtHbW_MBLhnh.md,主域名3000份,科技数码,300,https://github.com/51chiguawang319/202609/blob/main/20260927/RtHbW_MBLhnh.md,https://raw.githubusercontent.com/51chiguawang319/202609/main/20260927/RtHbW_MBLhnh.md
rtIFY_OqFLZe.md,主域名3000份,健康医疗,300,https://github.com/51chiguawang319/202609/blob/main/20260927/rtIFY_OqFLZe.md,https://raw.githubusercontent.com/51chiguawang319/202609/main/20260927/rtIFY_OqFLZe.md
rTKUA_ffqsBG.md,主域名3000份,体育赛事,300,https://github.com/51chiguawang319/202609/blob/main/20260927/rTKUA_ffqsBG.md,https://raw.githubusercontent.com/51chiguawang319/202609/main/20260927/rTKUA_ffqsBG.md
rTwaX_NUbXAv.md,主域名3000份,体育赛事,300,https://github.com/51chiguawang319/202609/blob/main/20260927/rTwaX_NUbXAv.md,https://raw.githubusercontent.com/51chiguawang319/202609/main/20260927/rTwaX_NUbXAv.md
rUAjz_ZsZeWO.md,主域名3000份,体育赛事,300,https://github.com/51chiguawang319/202609/blob/main/20260927/rUAjz_ZsZeWO.md,https://raw.githubusercontent.com/51chiguawang319/202609/main/20260927/rUAjz_ZsZeWO.md
RUpmz_LoGbqs.md,泛二级1000份,健康医疗,300,https://github.com/51chiguawang319/202609/blob/main/20260927/RUpmz_LoGbqs.md,https://raw.githubusercontent.com/51chiguawang319/202609/main/20260927/RUpmz_LoGbqs.md
RutPz_qkTtzO.md,主域名3000份,天气环境,300,https://github.com/51chiguawang319/202609/blob/main/20260927/RutPz_qkTtzO.md,https://raw.githubusercontent.com/51chiguawang319/202609/main/20260927/RutPz_qkTtzO.md
RUuVz_nYSKNs.md,主域名3000份,科技数码,300,https://github.com/51chiguawang319/202609/blob/main/20260927/RUuVz_nYSKNs.md,https://raw.githubusercontent.com/51chiguawang319/202609/main/20260927/RUuVz_nYSKNs.md
RuyjZ_nqYjdm.md,主域名3000份,文化娱乐,300,https://github.com/51chiguawang319/202609/blob/main/20260927/RuyjZ_nqYjdm.md,https://raw.githubusercontent.com/51chiguawang319/202609/main/20260927/RuyjZ_nqYjdm.md
RvaJG_pGcHWn.md,主域名3000份,文化娱乐,300,https://github.com/51chiguawang319/202609/blob/main/20260927/RvaJG_pGcHWn.md,https://raw.githubusercontent.com/51chiguawang319/202609/main/20260927/RvaJG_pGcHWn.md
rvNbP_oXNUuv.md,主域名3000份,体育赛事,300,https://github.com/51chiguawang319/202609/blob/main/20260927/rvNbP_oXNUuv.md,https://raw.githubusercontent.com/51chiguawang319/202609/main/20260927/rvNbP_oXNUuv.md
rVqFf_PDaiva.md,主域名3000份,体育赛事,300,https://github.com/51chiguawang319/202609/blob/main/20260927/rVqFf_PDaiva.md,https://raw.githubusercontent.com/51chiguawang319/202609/main/20260927/rVqFf_PDaiva.md
rVQmx_yYgrQh.md,主域名3000份,财经商业,300,https://github.com/51chiguawang319/202609/blob/main/20260927/rVQmx_yYgrQh.md,https://raw.githubusercontent.com/51chiguawang319/202609/main/20260927/rVQmx_yYgrQh.md
rVQoS_nwfOrR.md,主域名3000份,文化娱乐,300,https://github.com/51chiguawang319/202609/blob/main/20260927/rVQoS_nwfOrR.md,https://raw.githubusercontent.com/51chiguawang319/202609/main/20260927/rVQoS_nwfOrR.md
rVQqh_HTZLDw.md,主域名3000份,健康医疗,300,https://github.com/51chiguawang319/202609/blob/main/20260927/rVQqh_HTZLDw.md,https://raw.githubusercontent.com/51chiguawang319/202609/main/20260927/rVQqh_HTZLDw.md
RWbkS_JJhxwG.md,主域名3000份,文化娱乐,300,https://github.com/51chiguawang319/202609/blob/main/20260927/RWbkS_JJhxwG.md,https://raw.githubusercontent.com/51chiguawang319/202609/main/20260927/RWbkS_JJhxwG.md
RwGZk_pBUSmr.md,主域名3000份,体育赛事,300,https://github.com/51chiguawang319/202609/blob/main/20260927/RwGZk_pBUSmr.md,https://raw.githubusercontent.com/51chiguawang319/202609/main/20260927/RwGZk_pBUSmr.md
rWKez_bOsGXN.md,主域名3000份,文化娱乐,300,https://github.com/51chiguawang319/202609/blob/main/20260927/rWKez_bOsGXN.md,https://raw.githubusercontent.com/51chiguawang319/202609/main/20260927/rWKez_bOsGXN.md
rwLig_sFcLlr.md,泛二级1000份,健康医疗,300,https://github.com/51chiguawang319/202609/blob/main/20260927/rwLig_sFcLlr.md,https://raw.githubusercontent.com/51chiguawang319/202609/main/20260927/rwLig_sFcLlr.md
RWmFw_fqgruM.md,泛二级1000份,体育赛事,300,https://github.com/51chiguawang319/202609/blob/main/20260927/RWmFw_fqgruM.md,https://raw.githubusercontent.com/51chiguawang319/202609/main/20260927/RWmFw_fqgruM.md
RWoSt_sODYVF.md,主域名3000份,财经商业,300,https://github.com/51chiguawang319/202609/blob/main/20260927/RWoSt_sODYVF.md,https://raw.githubusercontent.com/51chiguawang319/202609/main/20260927/RWoSt_sODYVF.md
RWYCr_xMgCYh.md,主域名3000份,体育赛事,300,https://github.com/51chiguawang319/202609/blob/main/20260927/RWYCr_xMgCYh.md,https://raw.githubusercontent.com/51chiguawang319/202609/main/20260927/RWYCr_xMgCYh.md
rxGds_bGWgFR.md,主域名3000份,文化娱乐,300,https://github.com/51chiguawang319/202609/blob/main/20260927/rxGds_bGWgFR.md,https://raw.githubusercontent.com/51chiguawang319/202609/main/20260927/rxGds_bGWgFR.md
RxKcT_YOFbDv.md,泛二级1000份,健康医疗,300,https://github.com/51chiguawang319/202609/blob/main/20260927/RxKcT_YOFbDv.md,https://raw.githubusercontent.com/51chiguawang319/202609/main/20260927/RxKcT_YOFbDv.md
RxkpU_YbsuPY.md,泛二级1000份,天气环境,300,https://github.com/51chiguawang319/202609/blob/main/20260927/RxkpU_YbsuPY.md,https://raw.githubusercontent.com/51chiguawang319/202609/main/20260927/RxkpU_YbsuPY.md
rXYOl_EPSRPm.md,主域名3000份,体育赛事,300,https://github.com/51chiguawang319/202609/blob/main/20260927/rXYOl_EPSRPm.md,https://raw.githubusercontent.com/51chiguawang319/202609/main/20260927/rXYOl_EPSRPm.md
ryAjm_kPVABN.md,主域名3000份,健康医疗,300,https://github.com/51chiguawang319/202609/blob/main/20260927/ryAjm_kPVABN.md,https://raw.githubusercontent.com/51chiguawang319/202609/main/20260927/ryAjm_kPVABN.md
RYazD_UoaXPz.md,主域名3000份,健康医疗,300,https://github.com/51chiguawang319/202609/blob/main/20260927/RYazD_UoaXPz.md,https://raw.githubusercontent.com/51chiguawang319/202609/main/20260927/RYazD_UoaXPz.md
RYcWN_LQiwxi.md,主域名3000份,财经商业,300,https://github.com/51chiguawang319/202609/blob/main/20260927/RYcWN_LQiwxi.md,https://raw.githubusercontent.com/51chiguawang319/202609/main/20260927/RYcWN_LQiwxi.md
ryHUV_VVqiRy.md,主域名3000份,财经商业,300,https://github.com/51chiguawang319/202609/blob/main/20260927/ryHUV_VVqiRy.md,https://raw.githubusercontent.com/51chiguawang319/202609/main/20260927/ryHUV_VVqiRy.md
Ryosr_ikgDyK.md,泛二级1000份,天气环境,300,https://github.com/51chiguawang319/202609/blob/main/20260927/Ryosr_ikgDyK.md,https://raw.githubusercontent.com/51chiguawang319/202609/main/20260927/Ryosr_ikgDyK.md
RYPbu_AdWDty.md,主域名3000份,科技数码,300,https://github.com/51chiguawang319/202609/blob/main/20260927/RYPbu_AdWDty.md,https://raw.githubusercontent.com/51chiguawang319/202609/main/20260927/RYPbu_AdWDty.md
ryPCj_AKgcGD.md,主域名3000份,财经商业,300,https://github.com/51chiguawang319/202609/blob/main/20260927/ryPCj_AKgcGD.md,https://raw.githubusercontent.com/51chiguawang319/202609/main/20260927/ryPCj_AKgcGD.md
rzgLH_iKKzXW.md,主域名3000份,文化娱乐,300,https://github.com/51chiguawang319/202609/blob/main/20260927/rzgLH_iKKzXW.md,https://raw.githubusercontent.com/51chiguawang319/202609/main/20260927/rzgLH_iKKzXW.md
RZkIm_CBLCdX.md,主域名3000份,体育赛事,300,https://github.com/51chiguawang319/202609/blob/main/20260927/RZkIm_CBLCdX.md,https://raw.githubusercontent.com/51chiguawang319/202609/main/20260927/RZkIm_CBLCdX.md
RzLbu_EYFnzw.md,泛二级1000份,健康医疗,300,https://github.com/51chiguawang319/202609/blob/main/20260927/RzLbu_EYFnzw.md,https://raw.githubusercontent.com/51chiguawang319/202609/main/20260927/RzLbu_EYFnzw.md
rzwLp_pPigdB.md,泛二级1000份,文化娱乐,300,https://github.com/51chiguawang319/202609/blob/main/20260927/rzwLp_pPigdB.md,https://raw.githubusercontent.com/51chiguawang319/202609/main/20260927/rzwLp_pPigdB.md
RZZBn_xlQuqK.md,泛二级1000份,天气环境,300,https://github.com/51chiguawang319/202609/blob/main/20260927/RZZBn_xlQuqK.md,https://raw.githubusercontent.com/51chiguawang319/202609/main/20260927/RZZBn_xlQuqK.md
SaNjx_cZUbrc.md,主域名3000份,健康医疗,300,https://github.com/51chiguawang319/202609/blob/main/20260927/SaNjx_cZUbrc.md,https://raw.githubusercontent.com/51chiguawang319/202609/main/20260927/SaNjx_cZUbrc.md
savJL_wENUFB.md,主域名3000份,科技数码,300,https://github.com/51chiguawang319/202609/blob/main/20260927/savJL_wENUFB.md,https://raw.githubusercontent.com/51chiguawang319/202609/main/20260927/savJL_wENUFB.md
sAYYY_JhcJSn.md,泛二级1000份,体育赛事,300,https://github.com/51chiguawang319/202609/blob/main/20260927/sAYYY_JhcJSn.md,https://raw.githubusercontent.com/51chiguawang319/202609/main/20260927/sAYYY_JhcJSn.md
saZfj_jClPYD.md,主域名3000份,天气环境,300,https://github.com/51chiguawang319/202609/blob/main/20260927/saZfj_jClPYD.md,https://raw.githubusercontent.com/51chiguawang319/202609/main/20260927/saZfj_jClPYD.md
SbleH_NAvjHS.md,主域名3000份,天气环境,300,https://github.com/51chiguawang319/202609/blob/main/20260927/SbleH_NAvjHS.md,https://raw.githubusercontent.com/51chiguawang319/202609/main/20260927/SbleH_NAvjHS.md
scCaB_XdmwMt.md,泛二级1000份,文化娱乐,300,https://github.com/51chiguawang319/202609/blob/main/20260927/scCaB_XdmwMt.md,https://raw.githubusercontent.com/51chiguawang319/202609/main/20260927/scCaB_XdmwMt.md
sCNof_MYcYut.md,主域名3000份,科技数码,300,https://github.com/51chiguawang319/202609/blob/main/20260927/sCNof_MYcYut.md,https://raw.githubusercontent.com/51chiguawang319/202609/main/20260927/sCNof_MYcYut.md
scOXv_mrXayg.md,主域名3000份,财经商业,300,https://github.com/51chiguawang319/202609/blob/main/20260927/scOXv_mrXayg.md,https://raw.githubusercontent.com/51chiguawang319/202609/main/20260927/scOXv_mrXayg.md
sCpVZ_wCBJyB.md,主域名3000份,健康医疗,300,https://github.com/51chiguawang319/202609/blob/main/20260927/sCpVZ_wCBJyB.md,https://raw.githubusercontent.com/51chiguawang319/202609/main/20260927/sCpVZ_wCBJyB.md
sCQnf_MxrRty.md,主域名3000份,体育赛事,300,https://github.com/51chiguawang319/202609/blob/main/20260927/sCQnf_MxrRty.md,https://raw.githubusercontent.com/51chiguawang319/202609/main/20260927/sCQnf_MxrRty.md
scTly_vFpzBX.md,主域名3000份,天气环境,300,https://github.com/51chiguawang319/202609/blob/main/20260927/scTly_vFpzBX.md,https://raw.githubusercontent.com/51chiguawang319/202609/main/20260927/scTly_vFpzBX.md
sczHD_wxmMLR.md,泛二级1000份,科技数码,300,https://github.com/51chiguawang319/202609/blob/main/20260927/sczHD_wxmMLR.md,https://raw.githubusercontent.com/51chiguawang319/202609/main/20260927/sczHD_wxmMLR.md
sDBTZ_PhAPVu.md,主域名3000份,科技数码,300,https://github.com/51chiguawang319/202609/blob/main/20260927/sDBTZ_PhAPVu.md,https://raw.githubusercontent.com/51chiguawang319/202609/main/20260927/sDBTZ_PhAPVu.md
sDctz_uUpnVq.md,泛二级1000份,财经商业,300,https://github.com/51chiguawang319/202609/blob/main/20260927/sDctz_uUpnVq.md,https://raw.githubusercontent.com/51chiguawang319/202609/main/20260927/sDctz_uUpnVq.md
sdcZg_zMLNIU.md,主域名3000份,文化娱乐,300,https://github.com/51chiguawang319/202609/blob/main/20260927/sdcZg_zMLNIU.md,https://raw.githubusercontent.com/51chiguawang319/202609/main/20260927/sdcZg_zMLNIU.md
sDdFl_ETPUcZ.md,主域名3000份,天气环境,300,https://github.com/51chiguawang319/202609/blob/main/20260927/sDdFl_ETPUcZ.md,https://raw.githubusercontent.com/51chiguawang319/202609/main/20260927/sDdFl_ETPUcZ.md
SDiDw_KBMgac.md,主域名3000份,科技数码,300,https://github.com/51chiguawang319/202609/blob/main/20260927/SDiDw_KBMgac.md,https://raw.githubusercontent.com/51chiguawang319/202609/main/20260927/SDiDw_KBMgac.md
Sdjws_vvQjiA.md,泛二级1000份,体育赛事,300,https://github.com/51chiguawang319/202609/blob/main/20260927/Sdjws_vvQjiA.md,https://raw.githubusercontent.com/51chiguawang319/202609/main/20260927/Sdjws_vvQjiA.md
sdVyE_yOeBMQ.md,主域名3000份,财经商业,300,https://github.com/51chiguawang319/202609/blob/main/20260927/sdVyE_yOeBMQ.md,https://raw.githubusercontent.com/51chiguawang319/202609/main/20260927/sdVyE_yOeBMQ.md
SEEaa_iqZYmG.md,主域名3000份,文化娱乐,300,https://github.com/51chiguawang319/202609/blob/main/20260927/SEEaa_iqZYmG.md,https://raw.githubusercontent.com/51chiguawang319/202609/main/20260927/SEEaa_iqZYmG.md
sEMaR_IvmvaI.md,主域名3000份,财经商业,300,https://github.com/51chiguawang319/202609/blob/main/20260927/sEMaR_IvmvaI.md,https://raw.githubusercontent.com/51chiguawang319/202609/main/20260927/sEMaR_IvmvaI.md
SePSl_LbVACr.md,主域名3000份,财经商业,300,https://github.com/51chiguawang319/202609/blob/main/20260927/SePSl_LbVACr.md,https://raw.githubusercontent.com/51chiguawang319/202609/main/20260927/SePSl_LbVACr.md
SEvOD_jUSTvo.md,泛二级1000份,科技数码,300,https://github.com/51chiguawang319/202609/blob/main/20260927/SEvOD_jUSTvo.md,https://raw.githubusercontent.com/51chiguawang319/202609/main/20260927/SEvOD_jUSTvo.md
SEvVQ_VOSjwO.md,主域名3000份,文化娱乐,300,https://github.com/51chiguawang319/202609/blob/main/20260927/SEvVQ_VOSjwO.md,https://raw.githubusercontent.com/51chiguawang319/202609/main/20260927/SEvVQ_VOSjwO.md
seXZk_JYsWbW.md,泛二级1000份,科技数码,300,https://github.com/51chiguawang319/202609/blob/main/20260927/seXZk_JYsWbW.md,https://raw.githubusercontent.com/51chiguawang319/202609/main/20260927/seXZk_JYsWbW.md
sfCpW_CGmwoR.md,主域名3000份,科技数码,300,https://github.com/51chiguawang319/202609/blob/main/20260927/sfCpW_CGmwoR.md,https://raw.githubusercontent.com/51chiguawang319/202609/main/20260927/sfCpW_CGmwoR.md
sFGaP_Zxkocj.md,主域名3000份,体育赛事,300,https://github.com/51chiguawang319/202609/blob/main/20260927/sFGaP_Zxkocj.md,https://raw.githubusercontent.com/51chiguawang319/202609/main/20260927/sFGaP_Zxkocj.md
sfKBZ_cLyymS.md,主域名3000份,健康医疗,300,https://github.com/51chiguawang319/202609/blob/main/20260927/sfKBZ_cLyymS.md,https://raw.githubusercontent.com/51chiguawang319/202609/main/20260927/sfKBZ_cLyymS.md
sfLhD_Nrlyln.md,主域名3000份,天气环境,300,https://github.com/51chiguawang319/202609/blob/main/20260927/sfLhD_Nrlyln.md,https://raw.githubusercontent.com/51chiguawang319/202609/main/20260927/sfLhD_Nrlyln.md
sfVyl_gUrsKf.md,主域名3000份,天气环境,300,https://github.com/51chiguawang319/202609/blob/main/20260927/sfVyl_gUrsKf.md,https://raw.githubusercontent.com/51chiguawang319/202609/main/20260927/sfVyl_gUrsKf.md
SgpbZ_JekNjT.md,主域名3000份,科技数码,300,https://github.com/51chiguawang319/202609/blob/main/20260927/SgpbZ_JekNjT.md,https://raw.githubusercontent.com/51chiguawang319/202609/main/20260927/SgpbZ_JekNjT.md
sgQxD_hMSRSH.md,主域名3000份,财经商业,300,https://github.com/51chiguawang319/202609/blob/main/20260927/sgQxD_hMSRSH.md,https://raw.githubusercontent.com/51chiguawang319/202609/main/20260927/sgQxD_hMSRSH.md
sgrRW_CNKnCR.md,主域名3000份,财经商业,300,https://github.com/51chiguawang319/202609/blob/main/20260927/sgrRW_CNKnCR.md,https://raw.githubusercontent.com/51chiguawang319/202609/main/20260927/sgrRW_CNKnCR.md
sGSKs_jFltmx.md,主域名3000份,健康医疗,300,https://github.com/51chiguawang319/202609/blob/main/20260927/sGSKs_jFltmx.md,https://raw.githubusercontent.com/51chiguawang319/202609/main/20260927/sGSKs_jFltmx.md
SgsZI_uqUcCR.md,主域名3000份,科技数码,300,https://github.com/51chiguawang319/202609/blob/main/20260927/SgsZI_uqUcCR.md,https://raw.githubusercontent.com/51chiguawang319/202609/main/20260927/SgsZI_uqUcCR.md
SgVaA_fsPNGo.md,泛二级1000份,科技数码,300,https://github.com/51chiguawang319/202609/blob/main/20260927/SgVaA_fsPNGo.md,https://raw.githubusercontent.com/51chiguawang319/202609/main/20260927/SgVaA_fsPNGo.md
SHbEO_wvVmXD.md,泛二级1000份,财经商业,300,https://github.com/51chiguawang319/202609/blob/main/20260927/SHbEO_wvVmXD.md,https://raw.githubusercontent.com/51chiguawang319/202609/main/20260927/SHbEO_wvVmXD.md
ShBla_BjpfJc.md,主域名3000份,财经商业,300,https://github.com/51chiguawang319/202609/blob/main/20260927/ShBla_BjpfJc.md,https://raw.githubusercontent.com/51chiguawang319/202609/main/20260927/ShBla_BjpfJc.md
sHdOp_VwxZlZ.md,主域名3000份,天气环境,300,https://github.com/51chiguawang319/202609/blob/main/20260927/sHdOp_VwxZlZ.md,https://raw.githubusercontent.com/51chiguawang319/202609/main/20260927/sHdOp_VwxZlZ.md
SHwSn_RXORlk.md,主域名3000份,科技数码,300,https://github.com/51chiguawang319/202609/blob/main/20260927/SHwSn_RXORlk.md,https://raw.githubusercontent.com/51chiguawang319/202609/main/20260927/SHwSn_RXORlk.md
sHxNH_nqKAkZ.md,主域名3000份,体育赛事,300,https://github.com/51chiguawang319/202609/blob/main/20260927/sHxNH_nqKAkZ.md,https://raw.githubusercontent.com/51chiguawang319/202609/main/20260927/sHxNH_nqKAkZ.md
sHZEY_DIffPq.md,主域名3000份,体育赛事,300,https://github.com/51chiguawang319/202609/blob/main/20260927/sHZEY_DIffPq.md,https://raw.githubusercontent.com/51chiguawang319/202609/main/20260927/sHZEY_DIffPq.md
sIiZt_PszUau.md,主域名3000份,财经商业,300,https://github.com/51chiguawang319/202609/blob/main/20260927/sIiZt_PszUau.md,https://raw.githubusercontent.com/51chiguawang319/202609/main/20260927/sIiZt_PszUau.md
sIjcB_nmwtFu.md,主域名3000份,天气环境,300,https://github.com/51chiguawang319/202609/blob/main/20260927/sIjcB_nmwtFu.md,https://raw.githubusercontent.com/51chiguawang319/202609/main/20260927/sIjcB_nmwtFu.md
siNkR_NrqsTZ.md,泛二级1000份,科技数码,300,https://github.com/51chiguawang319/202609/blob/main/20260927/siNkR_NrqsTZ.md,https://raw.githubusercontent.com/51chiguawang319/202609/main/20260927/siNkR_NrqsTZ.md
SIrxb_MItZXU.md,主域名3000份,健康医疗,300,https://github.com/51chiguawang319/202609/blob/main/20260927/SIrxb_MItZXU.md,https://raw.githubusercontent.com/51chiguawang319/202609/main/20260927/SIrxb_MItZXU.md
siWPK_pgkFHN.md,主域名3000份,天气环境,300,https://github.com/51chiguawang319/202609/blob/main/20260927/siWPK_pgkFHN.md,https://raw.githubusercontent.com/51chiguawang319/202609/main/20260927/siWPK_pgkFHN.md
sjDVR_pwnXHT.md,主域名3000份,天气环境,300,https://github.com/51chiguawang319/202609/blob/main/20260927/sjDVR_pwnXHT.md,https://raw.githubusercontent.com/51chiguawang319/202609/main/20260927/sjDVR_pwnXHT.md
sjraP_hmUAvW.md,主域名3000份,天气环境,300,https://github.com/51chiguawang319/202609/blob/main/20260927/sjraP_hmUAvW.md,https://raw.githubusercontent.com/51chiguawang319/202609/main/20260927/sjraP_hmUAvW.md
SJWzk_TOKWtw.md,泛二级1000份,体育赛事,300,https://github.com/51chiguawang319/202609/blob/main/20260927/SJWzk_TOKWtw.md,https://raw.githubusercontent.com/51chiguawang319/202609/main/20260927/SJWzk_TOKWtw.md
sJyge_tgGQRK.md,泛二级1000份,健康医疗,300,https://github.com/51chiguawang319/202609/blob/main/20260927/sJyge_tgGQRK.md,https://raw.githubusercontent.com/51chiguawang319/202609/main/20260927/sJyge_tgGQRK.md
sKCsu_dsBtfX.md,主域名3000份,财经商业,300,https://github.com/51chiguawang319/202609/blob/main/20260927/sKCsu_dsBtfX.md,https://raw.githubusercontent.com/51chiguawang319/202609/main/20260927/sKCsu_dsBtfX.md
skdwW_FYLnlr.md,主域名3000份,文化娱乐,300,https://github.com/51chiguawang319/202609/blob/main/20260927/skdwW_FYLnlr.md,https://raw.githubusercontent.com/51chiguawang319/202609/main/20260927/skdwW_FYLnlr.md
Skfsk_GJVqHQ.md,主域名3000份,科技数码,300,https://github.com/51chiguawang319/202609/blob/main/20260927/Skfsk_GJVqHQ.md,https://raw.githubusercontent.com/51chiguawang319/202609/main/20260927/Skfsk_GJVqHQ.md
SKGlf_HXLSUp.md,泛二级1000份,健康医疗,300,https://github.com/51chiguawang319/202609/blob/main/20260927/SKGlf_HXLSUp.md,https://raw.githubusercontent.com/51chiguawang319/202609/main/20260927/SKGlf_HXLSUp.md
SKGng_lveQdy.md,主域名3000份,财经商业,300,https://github.com/51chiguawang319/202609/blob/main/20260927/SKGng_lveQdy.md,https://raw.githubusercontent.com/51chiguawang319/202609/main/20260927/SKGng_lveQdy.md
sKQms_oTJZcv.md,主域名3000份,健康医疗,300,https://github.com/51chiguawang319/202609/blob/main/20260927/sKQms_oTJZcv.md,https://raw.githubusercontent.com/51chiguawang319/202609/main/20260927/sKQms_oTJZcv.md
sKZFK_iwJPzz.md,泛二级1000份,文化娱乐,300,https://github.com/51chiguawang319/202609/blob/main/20260927/sKZFK_iwJPzz.md,https://raw.githubusercontent.com/51chiguawang319/202609/main/20260927/sKZFK_iwJPzz.md
SlgGf_UQlbiv.md,主域名3000份,体育赛事,300,https://github.com/51chiguawang319/202609/blob/main/20260927/SlgGf_UQlbiv.md,https://raw.githubusercontent.com/51chiguawang319/202609/main/20260927/SlgGf_UQlbiv.md
sLHlu_aXBNac.md,主域名3000份,健康医疗,300,https://github.com/51chiguawang319/202609/blob/main/20260927/sLHlu_aXBNac.md,https://raw.githubusercontent.com/51chiguawang319/202609/main/20260927/sLHlu_aXBNac.md
sLIQW_keQGNJ.md,泛二级1000份,财经商业,300,https://github.com/51chiguawang319/202609/blob/main/20260927/sLIQW_keQGNJ.md,https://raw.githubusercontent.com/51chiguawang319/202609/main/20260927/sLIQW_keQGNJ.md
SLyvg_nKhUwu.md,泛二级1000份,文化娱乐,300,https://github.com/51chiguawang319/202609/blob/main/20260927/SLyvg_nKhUwu.md,https://raw.githubusercontent.com/51chiguawang319/202609/main/20260927/SLyvg_nKhUwu.md
SMGGv_ANtFBv.md,泛二级1000份,天气环境,300,https://github.com/51chiguawang319/202609/blob/main/20260927/SMGGv_ANtFBv.md,https://raw.githubusercontent.com/51chiguawang319/202609/main/20260927/SMGGv_ANtFBv.md
sMOoc_xUfwOh.md,泛二级1000份,财经商业,300,https://github.com/51chiguawang319/202609/blob/main/20260927/sMOoc_xUfwOh.md,https://raw.githubusercontent.com/51chiguawang319/202609/main/20260927/sMOoc_xUfwOh.md
sMSut_RAYGPn.md,泛二级1000份,健康医疗,300,https://github.com/51chiguawang319/202609/blob/main/20260927/sMSut_RAYGPn.md,https://raw.githubusercontent.com/51chiguawang319/202609/main/20260927/sMSut_RAYGPn.md
smvlE_OSZmzR.md,泛二级1000份,财经商业,300,https://github.com/51chiguawang319/202609/blob/main/20260927/smvlE_OSZmzR.md,https://raw.githubusercontent.com/51chiguawang319/202609/main/20260927/smvlE_OSZmzR.md
sNawE_RTwPTn.md,主域名3000份,科技数码,300,https://github.com/51chiguawang319/202609/blob/main/20260927/sNawE_RTwPTn.md,https://raw.githubusercontent.com/51chiguawang319/202609/main/20260927/sNawE_RTwPTn.md
snbAU_fucWGy.md,泛二级1000份,天气环境,300,https://github.com/51chiguawang319/202609/blob/main/20260927/snbAU_fucWGy.md,https://raw.githubusercontent.com/51chiguawang319/202609/main/20260927/snbAU_fucWGy.md
SnBeV_DJNMso.md,主域名3000份,财经商业,300,https://github.com/51chiguawang319/202609/blob/main/20260927/SnBeV_DJNMso.md,https://raw.githubusercontent.com/51chiguawang319/202609/main/20260927/SnBeV_DJNMso.md
sNCyS_uyRcPw.md,主域名3000份,文化娱乐,300,https://github.com/51chiguawang319/202609/blob/main/20260927/sNCyS_uyRcPw.md,https://raw.githubusercontent.com/51chiguawang319/202609/main/20260927/sNCyS_uyRcPw.md
SNnDV_jOfJwH.md,泛二级1000份,文化娱乐,300,https://github.com/51chiguawang319/202609/blob/main/20260927/SNnDV_jOfJwH.md,https://raw.githubusercontent.com/51chiguawang319/202609/main/20260927/SNnDV_jOfJwH.md
snPAA_kVHRAE.md,主域名3000份,科技数码,300,https://github.com/51chiguawang319/202609/blob/main/20260927/snPAA_kVHRAE.md,https://raw.githubusercontent.com/51chiguawang319/202609/main/20260927/snPAA_kVHRAE.md
SNrTU_MAuXVj.md,主域名3000份,体育赛事,300,https://github.com/51chiguawang319/202609/blob/main/20260927/SNrTU_MAuXVj.md,https://raw.githubusercontent.com/51chiguawang319/202609/main/20260927/SNrTU_MAuXVj.md
SOBfD_SGEmdA.md,主域名3000份,体育赛事,300,https://github.com/51chiguawang319/202609/blob/main/20260927/SOBfD_SGEmdA.md,https://raw.githubusercontent.com/51chiguawang319/202609/main/20260927/SOBfD_SGEmdA.md
SONoX_yeOMXy.md,主域名3000份,体育赛事,300,https://github.com/51chiguawang319/202609/blob/main/20260927/SONoX_yeOMXy.md,https://raw.githubusercontent.com/51chiguawang319/202609/main/20260927/SONoX_yeOMXy.md
soPdN_QkMhFF.md,主域名3000份,文化娱乐,300,https://github.com/51chiguawang319/202609/blob/main/20260927/soPdN_QkMhFF.md,https://raw.githubusercontent.com/51chiguawang319/202609/main/20260927/soPdN_QkMhFF.md
SopWO_tKrJBg.md,主域名3000份,天气环境,300,https://github.com/51chiguawang319/202609/blob/main/20260927/SopWO_tKrJBg.md,https://raw.githubusercontent.com/51chiguawang319/202609/main/20260927/SopWO_tKrJBg.md
soWlE_cRsghd.md,主域名3000份,财经商业,300,https://github.com/51chiguawang319/202609/blob/main/20260927/soWlE_cRsghd.md,https://raw.githubusercontent.com/51chiguawang319/202609/main/20260927/soWlE_cRsghd.md
sOxcn_Bpmkmv.md,泛二级1000份,文化娱乐,300,https://github.com/51chiguawang319/202609/blob/main/20260927/sOxcn_Bpmkmv.md,https://raw.githubusercontent.com/51chiguawang319/202609/main/20260927/sOxcn_Bpmkmv.md
SPbgP_lKenEz.md,泛二级1000份,健康医疗,300,https://github.com/51chiguawang319/202609/blob/main/20260927/SPbgP_lKenEz.md,https://raw.githubusercontent.com/51chiguawang319/202609/main/20260927/SPbgP_lKenEz.md
splXr_peLBwH.md,主域名3000份,体育赛事,300,https://github.com/51chiguawang319/202609/blob/main/20260927/splXr_peLBwH.md,https://raw.githubusercontent.com/51chiguawang319/202609/main/20260927/splXr_peLBwH.md
sPNAm_NDeKFo.md,主域名3000份,体育赛事,300,https://github.com/51chiguawang319/202609/blob/main/20260927/sPNAm_NDeKFo.md,https://raw.githubusercontent.com/51chiguawang319/202609/main/20260927/sPNAm_NDeKFo.md
SPtku_rVOYTv.md,主域名3000份,科技数码,300,https://github.com/51chiguawang319/202609/blob/main/20260927/SPtku_rVOYTv.md,https://raw.githubusercontent.com/51chiguawang319/202609/main/20260927/SPtku_rVOYTv.md
SPyZV_huEJfO.md,主域名3000份,天气环境,300,https://github.com/51chiguawang319/202609/blob/main/20260927/SPyZV_huEJfO.md,https://raw.githubusercontent.com/51chiguawang319/202609/main/20260927/SPyZV_huEJfO.md
sqAjZ_rgqdDx.md,主域名3000份,科技数码,300,https://github.com/51chiguawang319/202609/blob/main/20260927/sqAjZ_rgqdDx.md,https://raw.githubusercontent.com/51chiguawang319/202609/main/20260927/sqAjZ_rgqdDx.md
SqaoK_vqwwcQ.md,泛二级1000份,科技数码,300,https://github.com/51chiguawang319/202609/blob/main/20260927/SqaoK_vqwwcQ.md,https://raw.githubusercontent.com/51chiguawang319/202609/main/20260927/SqaoK_vqwwcQ.md
sQddv_nHiCWJ.md,主域名3000份,健康医疗,300,https://github.com/51chiguawang319/202609/blob/main/20260927/sQddv_nHiCWJ.md,https://raw.githubusercontent.com/51chiguawang319/202609/main/20260927/sQddv_nHiCWJ.md
SQQdT_KQTbVS.md,主域名3000份,健康医疗,300,https://github.com/51chiguawang319/202609/blob/main/20260927/SQQdT_KQTbVS.md,https://raw.githubusercontent.com/51chiguawang319/202609/main/20260927/SQQdT_KQTbVS.md
SqZQB_XuejQZ.md,主域名3000份,文化娱乐,300,https://github.com/51chiguawang319/202609/blob/main/20260927/SqZQB_XuejQZ.md,https://raw.githubusercontent.com/51chiguawang319/202609/main/20260927/SqZQB_XuejQZ.md
sRKnZ_ppYAcS.md,主域名3000份,健康医疗,300,https://github.com/51chiguawang319/202609/blob/main/20260927/sRKnZ_ppYAcS.md,https://raw.githubusercontent.com/51chiguawang319/202609/main/20260927/sRKnZ_ppYAcS.md
SrNdf_enzRMe.md,泛二级1000份,科技数码,300,https://github.com/51chiguawang319/202609/blob/main/20260927/SrNdf_enzRMe.md,https://raw.githubusercontent.com/51chiguawang319/202609/main/20260927/SrNdf_enzRMe.md
SRxDu_JGLGDy.md,主域名3000份,财经商业,300,https://github.com/51chiguawang319/202609/blob/main/20260927/SRxDu_JGLGDy.md,https://raw.githubusercontent.com/51chiguawang319/202609/main/20260927/SRxDu_JGLGDy.md
sRxrU_nkgcTn.md,主域名3000份,天气环境,300,https://github.com/51chiguawang319/202609/blob/main/20260927/sRxrU_nkgcTn.md,https://raw.githubusercontent.com/51chiguawang319/202609/main/20260927/sRxrU_nkgcTn.md
sRYMG_lDNKGd.md,主域名3000份,科技数码,300,https://github.com/51chiguawang319/202609/blob/main/20260927/sRYMG_lDNKGd.md,https://raw.githubusercontent.com/51chiguawang319/202609/main/20260927/sRYMG_lDNKGd.md
SrYSl_JndfvP.md,主域名3000份,健康医疗,300,https://github.com/51chiguawang319/202609/blob/main/20260927/SrYSl_JndfvP.md,https://raw.githubusercontent.com/51chiguawang319/202609/main/20260927/SrYSl_JndfvP.md
SRZJq_RSrQXs.md,泛二级1000份,科技数码,300,https://github.com/51chiguawang319/202609/blob/main/20260927/SRZJq_RSrQXs.md,https://raw.githubusercontent.com/51chiguawang319/202609/main/20260927/SRZJq_RSrQXs.md
Sscny_PguddD.md,主域名3000份,天气环境,300,https://github.com/51chiguawang319/202609/blob/main/20260927/Sscny_PguddD.md,https://raw.githubusercontent.com/51chiguawang319/202609/main/20260927/Sscny_PguddD.md
SsCRX_gghlzG.md,主域名3000份,健康医疗,300,https://github.com/51chiguawang319/202609/blob/main/20260927/SsCRX_gghlzG.md,https://raw.githubusercontent.com/51chiguawang319/202609/main/20260927/SsCRX_gghlzG.md
ssDhw_PlqThx.md,泛二级1000份,财经商业,300,https://github.com/51chiguawang319/202609/blob/main/20260927/ssDhw_PlqThx.md,https://raw.githubusercontent.com/51chiguawang319/202609/main/20260927/ssDhw_PlqThx.md
sseEx_YrVthv.md,泛二级1000份,文化娱乐,300,https://github.com/51chiguawang319/202609/blob/main/20260927/sseEx_YrVthv.md,https://raw.githubusercontent.com/51chiguawang319/202609/main/20260927/sseEx_YrVthv.md
SsJqS_GnWtCn.md,泛二级1000份,财经商业,300,https://github.com/51chiguawang319/202609/blob/main/20260927/SsJqS_GnWtCn.md,https://raw.githubusercontent.com/51chiguawang319/202609/main/20260927/SsJqS_GnWtCn.md
sSnzQ_cCWwRy.md,主域名3000份,天气环境,300,https://github.com/51chiguawang319/202609/blob/main/20260927/sSnzQ_cCWwRy.md,https://raw.githubusercontent.com/51chiguawang319/202609/main/20260927/sSnzQ_cCWwRy.md
sSVNd_OaYBtx.md,主域名3000份,健康医疗,300,https://github.com/51chiguawang319/202609/blob/main/20260927/sSVNd_OaYBtx.md,https://raw.githubusercontent.com/51chiguawang319/202609/main/20260927/sSVNd_OaYBtx.md
staNb_DLLddF.md,主域名3000份,文化娱乐,300,https://github.com/51chiguawang319/202609/blob/main/20260927/staNb_DLLddF.md,https://raw.githubusercontent.com/51chiguawang319/202609/main/20260927/staNb_DLLddF.md
stAtJ_eiIZMQ.md,泛二级1000份,体育赛事,300,https://github.com/51chiguawang319/202609/blob/main/20260927/stAtJ_eiIZMQ.md,https://raw.githubusercontent.com/51chiguawang319/202609/main/20260927/stAtJ_eiIZMQ.md
StBGP_sZkUCX.md,主域名3000份,科技数码,300,https://github.com/51chiguawang319/202609/blob/main/20260927/StBGP_sZkUCX.md,https://raw.githubusercontent.com/51chiguawang319/202609/main/20260927/StBGP_sZkUCX.md
StdMy_axVjTM.md,泛二级1000份,科技数码,300,https://github.com/51chiguawang319/202609/blob/main/20260927/StdMy_axVjTM.md,https://raw.githubusercontent.com/51chiguawang319/202609/main/20260927/StdMy_axVjTM.md
stEJP_kKlKzw.md,泛二级1000份,科技数码,300,https://github.com/51chiguawang319/202609/blob/main/20260927/stEJP_kKlKzw.md,https://raw.githubusercontent.com/51chiguawang319/202609/main/20260927/stEJP_kKlKzw.md
STFdK_KjUoRR.md,泛二级1000份,科技数码,300,https://github.com/51chiguawang319/202609/blob/main/20260927/STFdK_KjUoRR.md,https://raw.githubusercontent.com/51chiguawang319/202609/main/20260927/STFdK_KjUoRR.md
sTMUd_eKOyDD.md,主域名3000份,天气环境,300,https://github.com/51chiguawang319/202609/blob/main/20260927/sTMUd_eKOyDD.md,https://raw.githubusercontent.com/51chiguawang319/202609/main/20260927/sTMUd_eKOyDD.md
Strus_tqYMLQ.md,主域名3000份,文化娱乐,300,https://github.com/51chiguawang319/202609/blob/main/20260927/Strus_tqYMLQ.md,https://raw.githubusercontent.com/51chiguawang319/202609/main/20260927/Strus_tqYMLQ.md
stSep_kVtBmC.md,主域名3000份,体育赛事,300,https://github.com/51chiguawang319/202609/blob/main/20260927/stSep_kVtBmC.md,https://raw.githubusercontent.com/51chiguawang319/202609/main/20260927/stSep_kVtBmC.md
stTrs_evVeJy.md,主域名3000份,文化娱乐,300,https://github.com/51chiguawang319/202609/blob/main/20260927/stTrs_evVeJy.md,https://raw.githubusercontent.com/51chiguawang319/202609/main/20260927/stTrs_evVeJy.md
SUGJf_UvTVyN.md,主域名3000份,科技数码,300,https://github.com/51chiguawang319/202609/blob/main/20260927/SUGJf_UvTVyN.md,https://raw.githubusercontent.com/51chiguawang319/202609/main/20260927/SUGJf_UvTVyN.md
sURNb_LKcCBV.md,主域名3000份,健康医疗,300,https://github.com/51chiguawang319/202609/blob/main/20260927/sURNb_LKcCBV.md,https://raw.githubusercontent.com/51chiguawang319/202609/main/20260927/sURNb_LKcCBV.md
sUrNf_VwGFDh.md,主域名3000份,天气环境,300,https://github.com/51chiguawang319/202609/blob/main/20260927/sUrNf_VwGFDh.md,https://raw.githubusercontent.com/51chiguawang319/202609/main/20260927/sUrNf_VwGFDh.md
SUvKB_xhjaES.md,主域名3000份,健康医疗,300,https://github.com/51chiguawang319/202609/blob/main/20260927/SUvKB_xhjaES.md,https://raw.githubusercontent.com/51chiguawang319/202609/main/20260927/SUvKB_xhjaES.md
sUZRQ_XdDQEI.md,主域名3000份,天气环境,300,https://github.com/51chiguawang319/202609/blob/main/20260927/sUZRQ_XdDQEI.md,https://raw.githubusercontent.com/51chiguawang319/202609/main/20260927/sUZRQ_XdDQEI.md
SVBdN_anWsXn.md,主域名3000份,天气环境,300,https://github.com/51chiguawang319/202609/blob/main/20260927/SVBdN_anWsXn.md,https://raw.githubusercontent.com/51chiguawang319/202609/main/20260927/SVBdN_anWsXn.md
SvBwV_icXsCa.md,主域名3000份,健康医疗,300,https://github.com/51chiguawang319/202609/blob/main/20260927/SvBwV_icXsCa.md,https://raw.githubusercontent.com/51chiguawang319/202609/main/20260927/SvBwV_icXsCa.md
SVGfD_BFNlmS.md,主域名3000份,财经商业,300,https://github.com/51chiguawang319/202609/blob/main/20260927/SVGfD_BFNlmS.md,https://raw.githubusercontent.com/51chiguawang319/202609/main/20260927/SVGfD_BFNlmS.md
sVNda_kLVLji.md,泛二级1000份,健康医疗,300,https://github.com/51chiguawang319/202609/blob/main/20260927/sVNda_kLVLji.md,https://raw.githubusercontent.com/51chiguawang319/202609/main/20260927/sVNda_kLVLji.md
SWBQv_gmdLfh.md,主域名3000份,体育赛事,300,https://github.com/51chiguawang319/202609/blob/main/20260927/SWBQv_gmdLfh.md,https://raw.githubusercontent.com/51chiguawang319/202609/main/20260927/SWBQv_gmdLfh.md
SWbxV_DpLWeZ.md,主域名3000份,文化娱乐,300,https://github.com/51chiguawang319/202609/blob/main/20260927/SWbxV_DpLWeZ.md,https://raw.githubusercontent.com/51chiguawang319/202609/main/20260927/SWbxV_DpLWeZ.md
SwCTA_BdaJFG.md,主域名3000份,天气环境,300,https://github.com/51chiguawang319/202609/blob/main/20260927/SwCTA_BdaJFG.md,https://raw.githubusercontent.com/51chiguawang319/202609/main/20260927/SwCTA_BdaJFG.md
SWFCi_TrgeUj.md,主域名3000份,文化娱乐,300,https://github.com/51chiguawang319/202609/blob/main/20260927/SWFCi_TrgeUj.md,https://raw.githubusercontent.com/51chiguawang319/202609/main/20260927/SWFCi_TrgeUj.md
sWfhw_CTeFph.md,泛二级1000份,财经商业,300,https://github.com/51chiguawang319/202609/blob/main/20260927/sWfhw_CTeFph.md,https://raw.githubusercontent.com/51chiguawang319/202609/main/20260927/sWfhw_CTeFph.md
swMIr_XEkKjU.md,主域名3000份,文化娱乐,300,https://github.com/51chiguawang319/202609/blob/main/20260927/swMIr_XEkKjU.md,https://raw.githubusercontent.com/51chiguawang319/202609/main/20260927/swMIr_XEkKjU.md
SWnXb_Rfqtwc.md,主域名3000份,财经商业,300,https://github.com/51chiguawang319/202609/blob/main/20260927/SWnXb_Rfqtwc.md,https://raw.githubusercontent.com/51chiguawang319/202609/main/20260927/SWnXb_Rfqtwc.md
swRhI_yyKwtF.md,主域名3000份,健康医疗,300,https://github.com/51chiguawang319/202609/blob/main/20260927/swRhI_yyKwtF.md,https://raw.githubusercontent.com/51chiguawang319/202609/main/20260927/swRhI_yyKwtF.md
swxlC_RiFXwE.md,主域名3000份,财经商业,300,https://github.com/51chiguawang319/202609/blob/main/20260927/swxlC_RiFXwE.md,https://raw.githubusercontent.com/51chiguawang319/202609/main/20260927/swxlC_RiFXwE.md
swzEB_BPChuB.md,主域名3000份,财经商业,300,https://github.com/51chiguawang319/202609/blob/main/20260927/swzEB_BPChuB.md,https://raw.githubusercontent.com/51chiguawang319/202609/main/20260927/swzEB_BPChuB.md
SxCjU_RHrdve.md,主域名3000份,文化娱乐,300,https://github.com/51chiguawang319/202609/blob/main/20260927/SxCjU_RHrdve.md,https://raw.githubusercontent.com/51chiguawang319/202609/main/20260927/SxCjU_RHrdve.md
sxInL_vVuBop.md,主域名3000份,健康医疗,300,https://github.com/51chiguawang319/202609/blob/main/20260927/sxInL_vVuBop.md,https://raw.githubusercontent.com/51chiguawang319/202609/main/20260927/sxInL_vVuBop.md
sxPgp_TeDDFC.md,泛二级1000份,体育赛事,300,https://github.com/51chiguawang319/202609/blob/main/20260927/sxPgp_TeDDFC.md,https://raw.githubusercontent.com/51chiguawang319/202609/main/20260927/sxPgp_TeDDFC.md
SXSfc_wqowXg.md,主域名3000份,体育赛事,300,https://github.com/51chiguawang319/202609/blob/main/20260927/SXSfc_wqowXg.md,https://raw.githubusercontent.com/51chiguawang319/202609/main/20260927/SXSfc_wqowXg.md
sXWLL_eAYbbg.md,主域名3000份,科技数码,300,https://github.com/51chiguawang319/202609/blob/main/20260927/sXWLL_eAYbbg.md,https://raw.githubusercontent.com/51chiguawang319/202609/main/20260927/sXWLL_eAYbbg.md
SxXFL_mcgpCn.md,主域名3000份,天气环境,300,https://github.com/51chiguawang319/202609/blob/main/20260927/SxXFL_mcgpCn.md,https://raw.githubusercontent.com/51chiguawang319/202609/main/20260927/SxXFL_mcgpCn.md
Sxyqu_ErrImn.md,主域名3000份,天气环境,300,https://github.com/51chiguawang319/202609/blob/main/20260927/Sxyqu_ErrImn.md,https://raw.githubusercontent.com/51chiguawang319/202609/main/20260927/Sxyqu_ErrImn.md
sxZap_rLVyVe.md,泛二级1000份,财经商业,300,https://github.com/51chiguawang319/202609/blob/main/20260927/sxZap_rLVyVe.md,https://raw.githubusercontent.com/51chiguawang319/202609/main/20260927/sxZap_rLVyVe.md
SYcQN_IlqXPW.md,主域名3000份,天气环境,300,https://github.com/51chiguawang319/202609/blob/main/20260927/SYcQN_IlqXPW.md,https://raw.githubusercontent.com/51chiguawang319/202609/main/20260927/SYcQN_IlqXPW.md
syEWP_OsefcQ.md,主域名3000份,财经商业,300,https://github.com/51chiguawang319/202609/blob/main/20260927/syEWP_OsefcQ.md,https://raw.githubusercontent.com/51chiguawang319/202609/main/20260927/syEWP_OsefcQ.md
SYJIc_GQlCWj.md,主域名3000份,天气环境,300,https://github.com/51chiguawang319/202609/blob/main/20260927/SYJIc_GQlCWj.md,https://raw.githubusercontent.com/51chiguawang319/202609/main/20260927/SYJIc_GQlCWj.md
sYjRU_VJYGeR.md,主域名3000份,天气环境,300,https://github.com/51chiguawang319/202609/blob/main/20260927/sYjRU_VJYGeR.md,https://raw.githubusercontent.com/51chiguawang319/202609/main/20260927/sYjRU_VJYGeR.md
sYkec_Zzuviy.md,主域名3000份,科技数码,300,https://github.com/51chiguawang319/202609/blob/main/20260927/sYkec_Zzuviy.md,https://raw.githubusercontent.com/51chiguawang319/202609/main/20260927/sYkec_Zzuviy.md
sYNvU_fVHoXX.md,主域名3000份,天气环境,300,https://github.com/51chiguawang319/202609/blob/main/20260927/sYNvU_fVHoXX.md,https://raw.githubusercontent.com/51chiguawang319/202609/main/20260927/sYNvU_fVHoXX.md
sySQi_hJlqUJ.md,主域名3000份,体育赛事,300,https://github.com/51chiguawang319/202609/blob/main/20260927/sySQi_hJlqUJ.md,https://raw.githubusercontent.com/51chiguawang319/202609/main/20260927/sySQi_hJlqUJ.md
SZAwW_yaWhzx.md,主域名3000份,天气环境,300,https://github.com/51chiguawang319/202609/blob/main/20260927/SZAwW_yaWhzx.md,https://raw.githubusercontent.com/51chiguawang319/202609/main/20260927/SZAwW_yaWhzx.md
sZhvl_oPdYZL.md,主域名3000份,天气环境,300,https://github.com/51chiguawang319/202609/blob/main/20260927/sZhvl_oPdYZL.md,https://raw.githubusercontent.com/51chiguawang319/202609/main/20260927/sZhvl_oPdYZL.md
sZKWN_VtGbdi.md,泛二级1000份,健康医疗,300,https://github.com/51chiguawang319/202609/blob/main/20260927/sZKWN_VtGbdi.md,https://raw.githubusercontent.com/51chiguawang319/202609/main/20260927/sZKWN_VtGbdi.md
SzsvK_DFjPxC.md,主域名3000份,财经商业,300,https://github.com/51chiguawang319/202609/blob/main/20260927/SzsvK_DFjPxC.md,https://raw.githubusercontent.com/51chiguawang319/202609/main/20260927/SzsvK_DFjPxC.md
sZswS_EFppRN.md,泛二级1000份,健康医疗,300,https://github.com/51chiguawang319/202609/blob/main/20260927/sZswS_EFppRN.md,https://raw.githubusercontent.com/51chiguawang319/202609/main/20260927/sZswS_EFppRN.md
szUst_GSooEP.md,主域名3000份,文化娱乐,300,https://github.com/51chiguawang319/202609/blob/main/20260927/szUst_GSooEP.md,https://raw.githubusercontent.com/51chiguawang319/202609/main/20260927/szUst_GSooEP.md
sZWdj_yhtMhP.md,主域名3000份,天气环境,300,https://github.com/51chiguawang319/202609/blob/main/20260927/sZWdj_yhtMhP.md,https://raw.githubusercontent.com/51chiguawang319/202609/main/20260927/sZWdj_yhtMhP.md
tacDD_RcyuTT.md,主域名3000份,文化娱乐,300,https://github.com/51chiguawang319/202609/blob/main/20260927/tacDD_RcyuTT.md,https://raw.githubusercontent.com/51chiguawang319/202609/main/20260927/tacDD_RcyuTT.md
tAelF_IZjZxp.md,主域名3000份,财经商业,300,https://github.com/51chiguawang319/202609/blob/main/20260927/tAelF_IZjZxp.md,https://raw.githubusercontent.com/51chiguawang319/202609/main/20260927/tAelF_IZjZxp.md
TAHco_pGcYxg.md,主域名3000份,科技数码,300,https://github.com/51chiguawang319/202609/blob/main/20260927/TAHco_pGcYxg.md,https://raw.githubusercontent.com/51chiguawang319/202609/main/20260927/TAHco_pGcYxg.md
tbcFm_OdhxyN.md,主域名3000份,体育赛事,300,https://github.com/51chiguawang319/202609/blob/main/20260927/tbcFm_OdhxyN.md,https://raw.githubusercontent.com/51chiguawang319/202609/main/20260927/tbcFm_OdhxyN.md
tBgEL_IBVhxi.md,主域名3000份,天气环境,300,https://github.com/51chiguawang319/202609/blob/main/20260927/tBgEL_IBVhxi.md,https://raw.githubusercontent.com/51chiguawang319/202609/main/20260927/tBgEL_IBVhxi.md
TBGRv_RXcjQo.md,主域名3000份,财经商业,300,https://github.com/51chiguawang319/202609/blob/main/20260927/TBGRv_RXcjQo.md,https://raw.githubusercontent.com/51chiguawang319/202609/main/20260927/TBGRv_RXcjQo.md
tBjqJ_gPUnHt.md,泛二级1000份,文化娱乐,300,https://github.com/51chiguawang319/202609/blob/main/20260927/tBjqJ_gPUnHt.md,https://raw.githubusercontent.com/51chiguawang319/202609/main/20260927/tBjqJ_gPUnHt.md
TbktW_DGnVzA.md,主域名3000份,科技数码,300,https://github.com/51chiguawang319/202609/blob/main/20260927/TbktW_DGnVzA.md,https://raw.githubusercontent.com/51chiguawang319/202609/main/20260927/TbktW_DGnVzA.md
TBmgR_ZxMUid.md,泛二级1000份,科技数码,300,https://github.com/51chiguawang319/202609/blob/main/20260927/TBmgR_ZxMUid.md,https://raw.githubusercontent.com/51chiguawang319/202609/main/20260927/TBmgR_ZxMUid.md
TbMtV_klLXvv.md,主域名3000份,财经商业,300,https://github.com/51chiguawang319/202609/blob/main/20260927/TbMtV_klLXvv.md,https://raw.githubusercontent.com/51chiguawang319/202609/main/20260927/TbMtV_klLXvv.md
TBNqH_SwUAiv.md,主域名3000份,健康医疗,300,https://github.com/51chiguawang319/202609/blob/main/20260927/TBNqH_SwUAiv.md,https://raw.githubusercontent.com/51chiguawang319/202609/main/20260927/TBNqH_SwUAiv.md
tbNYE_UUnmNb.md,泛二级1000份,健康医疗,300,https://github.com/51chiguawang319/202609/blob/main/20260927/tbNYE_UUnmNb.md,https://raw.githubusercontent.com/51chiguawang319/202609/main/20260927/tbNYE_UUnmNb.md
tBoev_TAIiGI.md,主域名3000份,财经商业,300,https://github.com/51chiguawang319/202609/blob/main/20260927/tBoev_TAIiGI.md,https://raw.githubusercontent.com/51chiguawang319/202609/main/20260927/tBoev_TAIiGI.md
tbojL_XDCvJB.md,主域名3000份,科技数码,300,https://github.com/51chiguawang319/202609/blob/main/20260927/tbojL_XDCvJB.md,https://raw.githubusercontent.com/51chiguawang319/202609/main/20260927/tbojL_XDCvJB.md
TbREF_vgxgBR.md,主域名3000份,财经商业,300,https://github.com/51chiguawang319/202609/blob/main/20260927/TbREF_vgxgBR.md,https://raw.githubusercontent.com/51chiguawang319/202609/main/20260927/TbREF_vgxgBR.md
TBtpR_fGjQWY.md,主域名3000份,文化娱乐,300,https://github.com/51chiguawang319/202609/blob/main/20260927/TBtpR_fGjQWY.md,https://raw.githubusercontent.com/51chiguawang319/202609/main/20260927/TBtpR_fGjQWY.md
TbTur_nbpCyr.md,泛二级1000份,体育赛事,300,https://github.com/51chiguawang319/202609/blob/main/20260927/TbTur_nbpCyr.md,https://raw.githubusercontent.com/51chiguawang319/202609/main/20260927/TbTur_nbpCyr.md
tBvzW_AZMoYq.md,主域名3000份,财经商业,300,https://github.com/51chiguawang319/202609/blob/main/20260927/tBvzW_AZMoYq.md,https://raw.githubusercontent.com/51chiguawang319/202609/main/20260927/tBvzW_AZMoYq.md
tcaPa_WesQsP.md,泛二级1000份,财经商业,300,https://github.com/51chiguawang319/202609/blob/main/20260927/tcaPa_WesQsP.md,https://raw.githubusercontent.com/51chiguawang319/202609/main/20260927/tcaPa_WesQsP.md
TcgZs_yUOnfH.md,主域名3000份,体育赛事,300,https://github.com/51chiguawang319/202609/blob/main/20260927/TcgZs_yUOnfH.md,https://raw.githubusercontent.com/51chiguawang319/202609/main/20260927/TcgZs_yUOnfH.md
tCjmD_fnqOiO.md,主域名3000份,健康医疗,300,https://github.com/51chiguawang319/202609/blob/main/20260927/tCjmD_fnqOiO.md,https://raw.githubusercontent.com/51chiguawang319/202609/main/20260927/tCjmD_fnqOiO.md
tCKNR_GipRQA.md,泛二级1000份,体育赛事,300,https://github.com/51chiguawang319/202609/blob/main/20260927/tCKNR_GipRQA.md,https://raw.githubusercontent.com/51chiguawang319/202609/main/20260927/tCKNR_GipRQA.md
tcmZh_XfKxUV.md,泛二级1000份,天气环境,300,https://github.com/51chiguawang319/202609/blob/main/20260927/tcmZh_XfKxUV.md,https://raw.githubusercontent.com/51chiguawang319/202609/main/20260927/tcmZh_XfKxUV.md
TcXVH_miJgXV.md,主域名3000份,文化娱乐,300,https://github.com/51chiguawang319/202609/blob/main/20260927/TcXVH_miJgXV.md,https://raw.githubusercontent.com/51chiguawang319/202609/main/20260927/TcXVH_miJgXV.md
TDnKI_iVqIjT.md,主域名3000份,天气环境,300,https://github.com/51chiguawang319/202609/blob/main/20260927/TDnKI_iVqIjT.md,https://raw.githubusercontent.com/51chiguawang319/202609/main/20260927/TDnKI_iVqIjT.md
TDzHd_QfSoMC.md,主域名3000份,科技数码,300,https://github.com/51chiguawang319/202609/blob/main/20260927/TDzHd_QfSoMC.md,https://raw.githubusercontent.com/51chiguawang319/202609/main/20260927/TDzHd_QfSoMC.md
TDZnN_CKoOcJ.md,主域名3000份,财经商业,300,https://github.com/51chiguawang319/202609/blob/main/20260927/TDZnN_CKoOcJ.md,https://raw.githubusercontent.com/51chiguawang319/202609/main/20260927/TDZnN_CKoOcJ.md
teDXz_LFhYof.md,主域名3000份,体育赛事,300,https://github.com/51chiguawang319/202609/blob/main/20260927/teDXz_LFhYof.md,https://raw.githubusercontent.com/51chiguawang319/202609/main/20260927/teDXz_LFhYof.md
teFtL_uHDkkw.md,主域名3000份,科技数码,300,https://github.com/51chiguawang319/202609/blob/main/20260927/teFtL_uHDkkw.md,https://raw.githubusercontent.com/51chiguawang319/202609/main/20260927/teFtL_uHDkkw.md
tEGRX_wHsdTG.md,主域名3000份,财经商业,300,https://github.com/51chiguawang319/202609/blob/main/20260927/tEGRX_wHsdTG.md,https://raw.githubusercontent.com/51chiguawang319/202609/main/20260927/tEGRX_wHsdTG.md
Tevpb_qujlHF.md,主域名3000份,财经商业,300,https://github.com/51chiguawang319/202609/blob/main/20260927/Tevpb_qujlHF.md,https://raw.githubusercontent.com/51chiguawang319/202609/main/20260927/Tevpb_qujlHF.md
Tfayk_JStRxo.md,主域名3000份,体育赛事,300,https://github.com/51chiguawang319/202609/blob/main/20260927/Tfayk_JStRxo.md,https://raw.githubusercontent.com/51chiguawang319/202609/main/20260927/Tfayk_JStRxo.md
tFcMG_TlfFal.md,泛二级1000份,财经商业,300,https://github.com/51chiguawang319/202609/blob/main/20260927/tFcMG_TlfFal.md,https://raw.githubusercontent.com/51chiguawang319/202609/main/20260927/tFcMG_TlfFal.md
tfdWE_cSHBoD.md,主域名3000份,健康医疗,300,https://github.com/51chiguawang319/202609/blob/main/20260927/tfdWE_cSHBoD.md,https://raw.githubusercontent.com/51chiguawang319/202609/main/20260927/tfdWE_cSHBoD.md
TfJGD_vYRyGq.md,主域名3000份,健康医疗,300,https://github.com/51chiguawang319/202609/blob/main/20260927/TfJGD_vYRyGq.md,https://raw.githubusercontent.com/51chiguawang319/202609/main/20260927/TfJGD_vYRyGq.md
tfKst_uDiZyg.md,泛二级1000份,财经商业,300,https://github.com/51chiguawang319/202609/blob/main/20260927/tfKst_uDiZyg.md,https://raw.githubusercontent.com/51chiguawang319/202609/main/20260927/tfKst_uDiZyg.md
TFWbs_syUdFK.md,泛二级1000份,体育赛事,300,https://github.com/51chiguawang319/202609/blob/main/20260927/TFWbs_syUdFK.md,https://raw.githubusercontent.com/51chiguawang319/202609/main/20260927/TFWbs_syUdFK.md
TfxOE_FlFrhi.md,主域名3000份,体育赛事,300,https://github.com/51chiguawang319/202609/blob/main/20260927/TfxOE_FlFrhi.md,https://raw.githubusercontent.com/51chiguawang319/202609/main/20260927/TfxOE_FlFrhi.md
TgbPq_nGbLbi.md,主域名3000份,文化娱乐,300,https://github.com/51chiguawang319/202609/blob/main/20260927/TgbPq_nGbLbi.md,https://raw.githubusercontent.com/51chiguawang319/202609/main/20260927/TgbPq_nGbLbi.md
TGCKu_lbPNFK.md,泛二级1000份,天气环境,300,https://github.com/51chiguawang319/202609/blob/main/20260927/TGCKu_lbPNFK.md,https://raw.githubusercontent.com/51chiguawang319/202609/main/20260927/TGCKu_lbPNFK.md
TGfiF_LANvBY.md,泛二级1000份,科技数码,300,https://github.com/51chiguawang319/202609/blob/main/20260927/TGfiF_LANvBY.md,https://raw.githubusercontent.com/51chiguawang319/202609/main/20260927/TGfiF_LANvBY.md
TGjPT_vcOetK.md,主域名3000份,财经商业,300,https://github.com/51chiguawang319/202609/blob/main/20260927/TGjPT_vcOetK.md,https://raw.githubusercontent.com/51chiguawang319/202609/main/20260927/TGjPT_vcOetK.md
tgNoD_eQCyOR.md,主域名3000份,体育赛事,300,https://github.com/51chiguawang319/202609/blob/main/20260927/tgNoD_eQCyOR.md,https://raw.githubusercontent.com/51chiguawang319/202609/main/20260927/tgNoD_eQCyOR.md
tGPfc_qyICOj.md,泛二级1000份,财经商业,300,https://github.com/51chiguawang319/202609/blob/main/20260927/tGPfc_qyICOj.md,https://raw.githubusercontent.com/51chiguawang319/202609/main/20260927/tGPfc_qyICOj.md
tGTUh_bubguE.md,泛二级1000份,体育赛事,300,https://github.com/51chiguawang319/202609/blob/main/20260927/tGTUh_bubguE.md,https://raw.githubusercontent.com/51chiguawang319/202609/main/20260927/tGTUh_bubguE.md
Thafw_znCsTa.md,主域名3000份,体育赛事,300,https://github.com/51chiguawang319/202609/blob/main/20260927/Thafw_znCsTa.md,https://raw.githubusercontent.com/51chiguawang319/202609/main/20260927/Thafw_znCsTa.md
thbdY_KGyPRF.md,主域名3000份,天气环境,300,https://github.com/51chiguawang319/202609/blob/main/20260927/thbdY_KGyPRF.md,https://raw.githubusercontent.com/51chiguawang319/202609/main/20260927/thbdY_KGyPRF.md
ThcAv_kWznvW.md,主域名3000份,天气环境,300,https://github.com/51chiguawang319/202609/blob/main/20260927/ThcAv_kWznvW.md,https://raw.githubusercontent.com/51chiguawang319/202609/main/20260927/ThcAv_kWznvW.md
thcUj_NficJk.md,主域名3000份,体育赛事,300,https://github.com/51chiguawang319/202609/blob/main/20260927/thcUj_NficJk.md,https://raw.githubusercontent.com/51chiguawang319/202609/main/20260927/thcUj_NficJk.md
tHcZP_uyTRaB.md,泛二级1000份,体育赛事,300,https://github.com/51chiguawang319/202609/blob/main/20260927/tHcZP_uyTRaB.md,https://raw.githubusercontent.com/51chiguawang319/202609/main/20260927/tHcZP_uyTRaB.md
THdpd_GdKmBn.md,主域名3000份,科技数码,300,https://github.com/51chiguawang319/202609/blob/main/20260927/THdpd_GdKmBn.md,https://raw.githubusercontent.com/51chiguawang319/202609/main/20260927/THdpd_GdKmBn.md
THgKy_ViWxdl.md,主域名3000份,科技数码,300,https://github.com/51chiguawang319/202609/blob/main/20260927/THgKy_ViWxdl.md,https://raw.githubusercontent.com/51chiguawang319/202609/main/20260927/THgKy_ViWxdl.md
TitaX_zWFApo.md,主域名3000份,财经商业,300,https://github.com/51chiguawang319/202609/blob/main/20260927/TitaX_zWFApo.md,https://raw.githubusercontent.com/51chiguawang319/202609/main/20260927/TitaX_zWFApo.md
TItcT_RVXXfg.md,主域名3000份,科技数码,300,https://github.com/51chiguawang319/202609/blob/main/20260927/TItcT_RVXXfg.md,https://raw.githubusercontent.com/51chiguawang319/202609/main/20260927/TItcT_RVXXfg.md
Tiufx_hAcQTq.md,主域名3000份,天气环境,300,https://github.com/51chiguawang319/202609/blob/main/20260927/Tiufx_hAcQTq.md,https://raw.githubusercontent.com/51chiguawang319/202609/main/20260927/Tiufx_hAcQTq.md
Tivwr_KABGlh.md,主域名3000份,财经商业,300,https://github.com/51chiguawang319/202609/blob/main/20260927/Tivwr_KABGlh.md,https://raw.githubusercontent.com/51chiguawang319/202609/main/20260927/Tivwr_KABGlh.md
TjBOa_ZMHhZF.md,主域名3000份,健康医疗,300,https://github.com/51chiguawang319/202609/blob/main/20260927/TjBOa_ZMHhZF.md,https://raw.githubusercontent.com/51chiguawang319/202609/main/20260927/TjBOa_ZMHhZF.md
tjcZR_GTxMAj.md,主域名3000份,文化娱乐,300,https://github.com/51chiguawang319/202609/blob/main/20260927/tjcZR_GTxMAj.md,https://raw.githubusercontent.com/51chiguawang319/202609/main/20260927/tjcZR_GTxMAj.md
tJeCF_lGdQsC.md,主域名3000份,科技数码,300,https://github.com/51chiguawang319/202609/blob/main/20260927/tJeCF_lGdQsC.md,https://raw.githubusercontent.com/51chiguawang319/202609/main/20260927/tJeCF_lGdQsC.md
TjsfW_LhBFrs.md,主域名3000份,体育赛事,300,https://github.com/51chiguawang319/202609/blob/main/20260927/TjsfW_LhBFrs.md,https://raw.githubusercontent.com/51chiguawang319/202609/main/20260927/TjsfW_LhBFrs.md
TJyZA_OLwkXo.md,主域名3000份,体育赛事,300,https://github.com/51chiguawang319/202609/blob/main/20260927/TJyZA_OLwkXo.md,https://raw.githubusercontent.com/51chiguawang319/202609/main/20260927/TJyZA_OLwkXo.md
TkBhW_jvZwnV.md,主域名3000份,科技数码,300,https://github.com/51chiguawang319/202609/blob/main/20260927/TkBhW_jvZwnV.md,https://raw.githubusercontent.com/51chiguawang319/202609/main/20260927/TkBhW_jvZwnV.md
tKLEw_edCSwM.md,主域名3000份,天气环境,300,https://github.com/51chiguawang319/202609/blob/main/20260927/tKLEw_edCSwM.md,https://raw.githubusercontent.com/51chiguawang319/202609/main/20260927/tKLEw_edCSwM.md
TKxVH_FhmwKs.md,主域名3000份,科技数码,300,https://github.com/51chiguawang319/202609/blob/main/20260927/TKxVH_FhmwKs.md,https://raw.githubusercontent.com/51chiguawang319/202609/main/20260927/TKxVH_FhmwKs.md
tLfjp_szVcQj.md,泛二级1000份,天气环境,300,https://github.com/51chiguawang319/202609/blob/main/20260927/tLfjp_szVcQj.md,https://raw.githubusercontent.com/51chiguawang319/202609/main/20260927/tLfjp_szVcQj.md
tlHPM_VsWOZU.md,泛二级1000份,财经商业,300,https://github.com/51chiguawang319/202609/blob/main/20260927/tlHPM_VsWOZU.md,https://raw.githubusercontent.com/51chiguawang319/202609/main/20260927/tlHPM_VsWOZU.md
TlIwg_oXyDgT.md,主域名3000份,天气环境,300,https://github.com/51chiguawang319/202609/blob/main/20260927/TlIwg_oXyDgT.md,https://raw.githubusercontent.com/51chiguawang319/202609/main/20260927/TlIwg_oXyDgT.md
TLJlt_XAEVJu.md,泛二级1000份,科技数码,300,https://github.com/51chiguawang319/202609/blob/main/20260927/TLJlt_XAEVJu.md,https://raw.githubusercontent.com/51chiguawang319/202609/main/20260927/TLJlt_XAEVJu.md
tLmwa_WegkpT.md,主域名3000份,科技数码,300,https://github.com/51chiguawang319/202609/blob/main/20260927/tLmwa_WegkpT.md,https://raw.githubusercontent.com/51chiguawang319/202609/main/20260927/tLmwa_WegkpT.md
TLOTu_voaUuw.md,主域名3000份,健康医疗,300,https://github.com/51chiguawang319/202609/blob/main/20260927/TLOTu_voaUuw.md,https://raw.githubusercontent.com/51chiguawang319/202609/main/20260927/TLOTu_voaUuw.md
tLZQk_KDxTdD.md,主域名3000份,体育赛事,300,https://github.com/51chiguawang319/202609/blob/main/20260927/tLZQk_KDxTdD.md,https://raw.githubusercontent.com/51chiguawang319/202609/main/20260927/tLZQk_KDxTdD.md
tmBWc_MArVRB.md,泛二级1000份,天气环境,300,https://github.com/51chiguawang319/202609/blob/main/20260927/tmBWc_MArVRB.md,https://raw.githubusercontent.com/51chiguawang319/202609/main/20260927/tmBWc_MArVRB.md
TmbwC_sfQDMj.md,主域名3000份,健康医疗,300,https://github.com/51chiguawang319/202609/blob/main/20260927/TmbwC_sfQDMj.md,https://raw.githubusercontent.com/51chiguawang319/202609/main/20260927/TmbwC_sfQDMj.md
TmBxF_sFqPoE.md,主域名3000份,健康医疗,300,https://github.com/51chiguawang319/202609/blob/main/20260927/TmBxF_sFqPoE.md,https://raw.githubusercontent.com/51chiguawang319/202609/main/20260927/TmBxF_sFqPoE.md
tmdCn_paCizJ.md,主域名3000份,健康医疗,300,https://github.com/51chiguawang319/202609/blob/main/20260927/tmdCn_paCizJ.md,https://raw.githubusercontent.com/51chiguawang319/202609/main/20260927/tmdCn_paCizJ.md
TmdoZ_WMgyzG.md,泛二级1000份,科技数码,300,https://github.com/51chiguawang319/202609/blob/main/20260927/TmdoZ_WMgyzG.md,https://raw.githubusercontent.com/51chiguawang319/202609/main/20260927/TmdoZ_WMgyzG.md
tmeXl_OLyzbZ.md,泛二级1000份,天气环境,300,https://github.com/51chiguawang319/202609/blob/main/20260927/tmeXl_OLyzbZ.md,https://raw.githubusercontent.com/51chiguawang319/202609/main/20260927/tmeXl_OLyzbZ.md
TmKwu_vFcjkz.md,主域名3000份,体育赛事,300,https://github.com/51chiguawang319/202609/blob/main/20260927/TmKwu_vFcjkz.md,https://raw.githubusercontent.com/51chiguawang319/202609/main/20260927/TmKwu_vFcjkz.md
tMlkZ_ceQqGK.md,泛二级1000份,科技数码,300,https://github.com/51chiguawang319/202609/blob/main/20260927/tMlkZ_ceQqGK.md,https://raw.githubusercontent.com/51chiguawang319/202609/main/20260927/tMlkZ_ceQqGK.md
TmNbP_WLOqQE.md,主域名3000份,财经商业,300,https://github.com/51chiguawang319/202609/blob/main/20260927/TmNbP_WLOqQE.md,https://raw.githubusercontent.com/51chiguawang319/202609/main/20260927/TmNbP_WLOqQE.md
TNCWz_yTqYML.md,泛二级1000份,天气环境,300,https://github.com/51chiguawang319/202609/blob/main/20260927/TNCWz_yTqYML.md,https://raw.githubusercontent.com/51chiguawang319/202609/main/20260927/TNCWz_yTqYML.md
TNhFC_rbElTQ.md,泛二级1000份,健康医疗,300,https://github.com/51chiguawang319/202609/blob/main/20260927/TNhFC_rbElTQ.md,https://raw.githubusercontent.com/51chiguawang319/202609/main/20260927/TNhFC_rbElTQ.md
tnLKz_kVrAaZ.md,泛二级1000份,体育赛事,300,https://github.com/51chiguawang319/202609/blob/main/20260927/tnLKz_kVrAaZ.md,https://raw.githubusercontent.com/51chiguawang319/202609/main/20260927/tnLKz_kVrAaZ.md
tnoCv_RwCDmr.md,泛二级1000份,文化娱乐,300,https://github.com/51chiguawang319/202609/blob/main/20260927/tnoCv_RwCDmr.md,https://raw.githubusercontent.com/51chiguawang319/202609/main/20260927/tnoCv_RwCDmr.md
tnWgu_Mrysoq.md,主域名3000份,文化娱乐,300,https://github.com/51chiguawang319/202609/blob/main/20260927/tnWgu_Mrysoq.md,https://raw.githubusercontent.com/51chiguawang319/202609/main/20260927/tnWgu_Mrysoq.md
TnWvz_rtNqrI.md,主域名3000份,文化娱乐,300,https://github.com/51chiguawang319/202609/blob/main/20260927/TnWvz_rtNqrI.md,https://raw.githubusercontent.com/51chiguawang319/202609/main/20260927/TnWvz_rtNqrI.md
tNxVX_dCaYsW.md,泛二级1000份,健康医疗,300,https://github.com/51chiguawang319/202609/blob/main/20260927/tNxVX_dCaYsW.md,https://raw.githubusercontent.com/51chiguawang319/202609/main/20260927/tNxVX_dCaYsW.md
TojYW_UMRXyW.md,泛二级1000份,健康医疗,300,https://github.com/51chiguawang319/202609/blob/main/20260927/TojYW_UMRXyW.md,https://raw.githubusercontent.com/51chiguawang319/202609/main/20260927/TojYW_UMRXyW.md
TorLb_fHrafd.md,主域名3000份,天气环境,300,https://github.com/51chiguawang319/202609/blob/main/20260927/TorLb_fHrafd.md,https://raw.githubusercontent.com/51chiguawang319/202609/main/20260927/TorLb_fHrafd.md
ToUmf_nuMxYB.md,泛二级1000份,文化娱乐,300,https://github.com/51chiguawang319/202609/blob/main/20260927/ToUmf_nuMxYB.md,https://raw.githubusercontent.com/51chiguawang319/202609/main/20260927/ToUmf_nuMxYB.md
TPaNk_AGnclu.md,主域名3000份,科技数码,300,https://github.com/51chiguawang319/202609/blob/main/20260927/TPaNk_AGnclu.md,https://raw.githubusercontent.com/51chiguawang319/202609/main/20260927/TPaNk_AGnclu.md
tPekW_OxbDPI.md,主域名3000份,财经商业,300,https://github.com/51chiguawang319/202609/blob/main/20260927/tPekW_OxbDPI.md,https://raw.githubusercontent.com/51chiguawang319/202609/main/20260927/tPekW_OxbDPI.md
tPiKb_YUEhgS.md,主域名3000份,文化娱乐,300,https://github.com/51chiguawang319/202609/blob/main/20260927/tPiKb_YUEhgS.md,https://raw.githubusercontent.com/51chiguawang319/202609/main/20260927/tPiKb_YUEhgS.md
TPjqh_OteQHH.md,主域名3000份,天气环境,300,https://github.com/51chiguawang319/202609/blob/main/20260927/TPjqh_OteQHH.md,https://raw.githubusercontent.com/51chiguawang319/202609/main/20260927/TPjqh_OteQHH.md
TPKxg_bRWtsL.md,主域名3000份,体育赛事,300,https://github.com/51chiguawang319/202609/blob/main/20260927/TPKxg_bRWtsL.md,https://raw.githubusercontent.com/51chiguawang319/202609/main/20260927/TPKxg_bRWtsL.md
TpwDZ_peHSis.md,主域名3000份,财经商业,300,https://github.com/51chiguawang319/202609/blob/main/20260927/TpwDZ_peHSis.md,https://raw.githubusercontent.com/51chiguawang319/202609/main/20260927/TpwDZ_peHSis.md
tpzhO_tHXchX.md,主域名3000份,天气环境,300,https://github.com/51chiguawang319/202609/blob/main/20260927/tpzhO_tHXchX.md,https://raw.githubusercontent.com/51chiguawang319/202609/main/20260927/tpzhO_tHXchX.md
Tqkra_RDOPVr.md,主域名3000份,财经商业,300,https://github.com/51chiguawang319/202609/blob/main/20260927/Tqkra_RDOPVr.md,https://raw.githubusercontent.com/51chiguawang319/202609/main/20260927/Tqkra_RDOPVr.md
TQoqH_eQsZfH.md,主域名3000份,科技数码,300,https://github.com/51chiguawang319/202609/blob/main/20260927/TQoqH_eQsZfH.md,https://raw.githubusercontent.com/51chiguawang319/202609/main/20260927/TQoqH_eQsZfH.md
TqSLD_pbpXMI.md,泛二级1000份,科技数码,300,https://github.com/51chiguawang319/202609/blob/main/20260927/TqSLD_pbpXMI.md,https://raw.githubusercontent.com/51chiguawang319/202609/main/20260927/TqSLD_pbpXMI.md
TRmTd_vakjWz.md,泛二级1000份,健康医疗,300,https://github.com/51chiguawang319/202609/blob/main/20260927/TRmTd_vakjWz.md,https://raw.githubusercontent.com/51chiguawang319/202609/main/20260927/TRmTd_vakjWz.md
TRpYI_cgXPFf.md,主域名3000份,天气环境,300,https://github.com/51chiguawang319/202609/blob/main/20260927/TRpYI_cgXPFf.md,https://raw.githubusercontent.com/51chiguawang319/202609/main/20260927/TRpYI_cgXPFf.md
TrRWb_QSEjdL.md,主域名3000份,天气环境,300,https://github.com/51chiguawang319/202609/blob/main/20260927/TrRWb_QSEjdL.md,https://raw.githubusercontent.com/51chiguawang319/202609/main/20260927/TrRWb_QSEjdL.md
TRWdo_uMDxJd.md,主域名3000份,财经商业,300,https://github.com/51chiguawang319/202609/blob/main/20260927/TRWdo_uMDxJd.md,https://raw.githubusercontent.com/51chiguawang319/202609/main/20260927/TRWdo_uMDxJd.md
TScWb_kLuMPR.md,泛二级1000份,健康医疗,300,https://github.com/51chiguawang319/202609/blob/main/20260927/TScWb_kLuMPR.md,https://raw.githubusercontent.com/51chiguawang319/202609/main/20260927/TScWb_kLuMPR.md
TSVNe_GPKBAb.md,主域名3000份,体育赛事,300,https://github.com/51chiguawang319/202609/blob/main/20260927/TSVNe_GPKBAb.md,https://raw.githubusercontent.com/51chiguawang319/202609/main/20260927/TSVNe_GPKBAb.md
TsvRN_RjPaIw.md,主域名3000份,财经商业,300,https://github.com/51chiguawang319/202609/blob/main/20260927/TsvRN_RjPaIw.md,https://raw.githubusercontent.com/51chiguawang319/202609/main/20260927/TsvRN_RjPaIw.md
tTbxI_clSMjt.md,泛二级1000份,财经商业,300,https://github.com/51chiguawang319/202609/blob/main/20260927/tTbxI_clSMjt.md,https://raw.githubusercontent.com/51chiguawang319/202609/main/20260927/tTbxI_clSMjt.md
TTiHu_kjrgYs.md,主域名3000份,天气环境,300,https://github.com/51chiguawang319/202609/blob/main/20260927/TTiHu_kjrgYs.md,https://raw.githubusercontent.com/51chiguawang319/202609/main/20260927/TTiHu_kjrgYs.md
ttsoV_hgAioo.md,主域名3000份,财经商业,300,https://github.com/51chiguawang319/202609/blob/main/20260927/ttsoV_hgAioo.md,https://raw.githubusercontent.com/51chiguawang319/202609/main/20260927/ttsoV_hgAioo.md
ttTZO_QDTlbB.md,主域名3000份,天气环境,300,https://github.com/51chiguawang319/202609/blob/main/20260927/ttTZO_QDTlbB.md,https://raw.githubusercontent.com/51chiguawang319/202609/main/20260927/ttTZO_QDTlbB.md
TTySW_tqohMZ.md,泛二级1000份,天气环境,300,https://github.com/51chiguawang319/202609/blob/main/20260927/TTySW_tqohMZ.md,https://raw.githubusercontent.com/51chiguawang319/202609/main/20260927/TTySW_tqohMZ.md
TuQQU_tMwwLb.md,主域名3000份,天气环境,300,https://github.com/51chiguawang319/202609/blob/main/20260927/TuQQU_tMwwLb.md,https://raw.githubusercontent.com/51chiguawang319/202609/main/20260927/TuQQU_tMwwLb.md
tUsUA_vdRwdE.md,主域名3000份,文化娱乐,300,https://github.com/51chiguawang319/202609/blob/main/20260927/tUsUA_vdRwdE.md,https://raw.githubusercontent.com/51chiguawang319/202609/main/20260927/tUsUA_vdRwdE.md
Tuwpz_MsrSJs.md,泛二级1000份,财经商业,300,https://github.com/51chiguawang319/202609/blob/main/20260927/Tuwpz_MsrSJs.md,https://raw.githubusercontent.com/51chiguawang319/202609/main/20260927/Tuwpz_MsrSJs.md
tuyrF_KcsPAS.md,主域名3000份,文化娱乐,300,https://github.com/51chiguawang319/202609/blob/main/20260927/tuyrF_KcsPAS.md,https://raw.githubusercontent.com/51chiguawang319/202609/main/20260927/tuyrF_KcsPAS.md
tUzhk_CfchEf.md,主域名3000份,健康医疗,300,https://github.com/51chiguawang319/202609/blob/main/20260927/tUzhk_CfchEf.md,https://raw.githubusercontent.com/51chiguawang319/202609/main/20260927/tUzhk_CfchEf.md
tUZtO_Gumqqa.md,主域名3000份,天气环境,300,https://github.com/51chiguawang319/202609/blob/main/20260927/tUZtO_Gumqqa.md,https://raw.githubusercontent.com/51chiguawang319/202609/main/20260927/tUZtO_Gumqqa.md
tVCYX_NiqRiM.md,主域名3000份,科技数码,300,https://github.com/51chiguawang319/202609/blob/main/20260927/tVCYX_NiqRiM.md,https://raw.githubusercontent.com/51chiguawang319/202609/main/20260927/tVCYX_NiqRiM.md
tVEbb_kkZBXJ.md,主域名3000份,文化娱乐,300,https://github.com/51chiguawang319/202609/blob/main/20260927/tVEbb_kkZBXJ.md,https://raw.githubusercontent.com/51chiguawang319/202609/main/20260927/tVEbb_kkZBXJ.md
tVhBs_QgznyW.md,主域名3000份,天气环境,300,https://github.com/51chiguawang319/202609/blob/main/20260927/tVhBs_QgznyW.md,https://raw.githubusercontent.com/51chiguawang319/202609/main/20260927/tVhBs_QgznyW.md
TviDX_ZhNQmq.md,泛二级1000份,健康医疗,300,https://github.com/51chiguawang319/202609/blob/main/20260927/TviDX_ZhNQmq.md,https://raw.githubusercontent.com/51chiguawang319/202609/main/20260927/TviDX_ZhNQmq.md
TVobR_szdEsK.md,主域名3000份,健康医疗,300,https://github.com/51chiguawang319/202609/blob/main/20260927/TVobR_szdEsK.md,https://raw.githubusercontent.com/51chiguawang319/202609/main/20260927/TVobR_szdEsK.md
tVrFH_wmTOKB.md,泛二级1000份,健康医疗,300,https://github.com/51chiguawang319/202609/blob/main/20260927/tVrFH_wmTOKB.md,https://raw.githubusercontent.com/51chiguawang319/202609/main/20260927/tVrFH_wmTOKB.md
TvRsV_HgCVXg.md,泛二级1000份,体育赛事,300,https://github.com/51chiguawang319/202609/blob/main/20260927/TvRsV_HgCVXg.md,https://raw.githubusercontent.com/51chiguawang319/202609/main/20260927/TvRsV_HgCVXg.md
tvVfY_oblrIo.md,泛二级1000份,文化娱乐,300,https://github.com/51chiguawang319/202609/blob/main/20260927/tvVfY_oblrIo.md,https://raw.githubusercontent.com/51chiguawang319/202609/main/20260927/tvVfY_oblrIo.md
tvwVg_UPIXtP.md,主域名3000份,财经商业,300,https://github.com/51chiguawang319/202609/blob/main/20260927/tvwVg_UPIXtP.md,https://raw.githubusercontent.com/51chiguawang319/202609/main/20260927/tvwVg_UPIXtP.md
tVWZP_qyzSiP.md,泛二级1000份,天气环境,300,https://github.com/51chiguawang319/202609/blob/main/20260927/tVWZP_qyzSiP.md,https://raw.githubusercontent.com/51chiguawang319/202609/main/20260927/tVWZP_qyzSiP.md
TWcOa_xBveHd.md,主域名3000份,健康医疗,300,https://github.com/51chiguawang319/202609/blob/main/20260927/TWcOa_xBveHd.md,https://raw.githubusercontent.com/51chiguawang319/202609/main/20260927/TWcOa_xBveHd.md
twDFU_ftxfHC.md,主域名3000份,天气环境,300,https://github.com/51chiguawang319/202609/blob/main/20260927/twDFU_ftxfHC.md,https://raw.githubusercontent.com/51chiguawang319/202609/main/20260927/twDFU_ftxfHC.md
TwebN_IOcZxH.md,泛二级1000份,天气环境,300,https://github.com/51chiguawang319/202609/blob/main/20260927/TwebN_IOcZxH.md,https://raw.githubusercontent.com/51chiguawang319/202609/main/20260927/TwebN_IOcZxH.md
TWooM_gNzgWT.md,泛二级1000份,文化娱乐,300,https://github.com/51chiguawang319/202609/blob/main/20260927/TWooM_gNzgWT.md,https://raw.githubusercontent.com/51chiguawang319/202609/main/20260927/TWooM_gNzgWT.md
tWrQn_DqFgjO.md,主域名3000份,文化娱乐,300,https://github.com/51chiguawang319/202609/blob/main/20260927/tWrQn_DqFgjO.md,https://raw.githubusercontent.com/51chiguawang319/202609/main/20260927/tWrQn_DqFgjO.md
tWvqX_bSQepJ.md,主域名3000份,健康医疗,300,https://github.com/51chiguawang319/202609/blob/main/20260927/tWvqX_bSQepJ.md,https://raw.githubusercontent.com/51chiguawang319/202609/main/20260927/tWvqX_bSQepJ.md
txFmy_lYLVLX.md,泛二级1000份,财经商业,300,https://github.com/51chiguawang319/202609/blob/main/20260927/txFmy_lYLVLX.md,https://raw.githubusercontent.com/51chiguawang319/202609/main/20260927/txFmy_lYLVLX.md
txjbV_pbmazY.md,主域名3000份,文化娱乐,300,https://github.com/51chiguawang319/202609/blob/main/20260927/txjbV_pbmazY.md,https://raw.githubusercontent.com/51chiguawang319/202609/main/20260927/txjbV_pbmazY.md
TxLNU_nhkrfE.md,主域名3000份,体育赛事,300,https://github.com/51chiguawang319/202609/blob/main/20260927/TxLNU_nhkrfE.md,https://raw.githubusercontent.com/51chiguawang319/202609/main/20260927/TxLNU_nhkrfE.md
txMPc_adYQQZ.md,主域名3000份,文化娱乐,300,https://github.com/51chiguawang319/202609/blob/main/20260927/txMPc_adYQQZ.md,https://raw.githubusercontent.com/51chiguawang319/202609/main/20260927/txMPc_adYQQZ.md
TXnKN_MluPEQ.md,主域名3000份,体育赛事,300,https://github.com/51chiguawang319/202609/blob/main/20260927/TXnKN_MluPEQ.md,https://raw.githubusercontent.com/51chiguawang319/202609/main/20260927/TXnKN_MluPEQ.md
TXrAn_Qqvoft.md,主域名3000份,体育赛事,300,https://github.com/51chiguawang319/202609/blob/main/20260927/TXrAn_Qqvoft.md,https://raw.githubusercontent.com/51chiguawang319/202609/main/20260927/TXrAn_Qqvoft.md
txuhT_yJpxqt.md,主域名3000份,文化娱乐,300,https://github.com/51chiguawang319/202609/blob/main/20260927/txuhT_yJpxqt.md,https://raw.githubusercontent.com/51chiguawang319/202609/main/20260927/txuhT_yJpxqt.md
tyCbp_rvxxsN.md,主域名3000份,文化娱乐,300,https://github.com/51chiguawang319/202609/blob/main/20260927/tyCbp_rvxxsN.md,https://raw.githubusercontent.com/51chiguawang319/202609/main/20260927/tyCbp_rvxxsN.md
TYjhn_KIOifP.md,主域名3000份,文化娱乐,300,https://github.com/51chiguawang319/202609/blob/main/20260927/TYjhn_KIOifP.md,https://raw.githubusercontent.com/51chiguawang319/202609/main/20260927/TYjhn_KIOifP.md
tYlpd_EQsxYW.md,主域名3000份,天气环境,300,https://github.com/51chiguawang319/202609/blob/main/20260927/tYlpd_EQsxYW.md,https://raw.githubusercontent.com/51chiguawang319/202609/main/20260927/tYlpd_EQsxYW.md
tYpkm_ckeIAm.md,主域名3000份,文化娱乐,300,https://github.com/51chiguawang319/202609/blob/main/20260927/tYpkm_ckeIAm.md,https://raw.githubusercontent.com/51chiguawang319/202609/main/20260927/tYpkm_ckeIAm.md
tySmC_kJJuUg.md,主域名3000份,体育赛事,300,https://github.com/51chiguawang319/202609/blob/main/20260927/tySmC_kJJuUg.md,https://raw.githubusercontent.com/51chiguawang319/202609/main/20260927/tySmC_kJJuUg.md
TYUly_LXlTGd.md,泛二级1000份,财经商业,300,https://github.com/51chiguawang319/202609/blob/main/20260927/TYUly_LXlTGd.md,https://raw.githubusercontent.com/51chiguawang319/202609/main/20260927/TYUly_LXlTGd.md
tyxjE_JrTuDT.md,泛二级1000份,文化娱乐,300,https://github.com/51chiguawang319/202609/blob/main/20260927/tyxjE_JrTuDT.md,https://raw.githubusercontent.com/51chiguawang319/202609/main/20260927/tyxjE_JrTuDT.md
TZbRc_MPGLrU.md,主域名3000份,天气环境,300,https://github.com/51chiguawang319/202609/blob/main/20260927/TZbRc_MPGLrU.md,https://raw.githubusercontent.com/51chiguawang319/202609/main/20260927/TZbRc_MPGLrU.md
TzfQg_QBCzzO.md,主域名3000份,健康医疗,300,https://github.com/51chiguawang319/202609/blob/main/20260927/TzfQg_QBCzzO.md,https://raw.githubusercontent.com/51chiguawang319/202609/main/20260927/TzfQg_QBCzzO.md
tzhUJ_cYNBDg.md,主域名3000份,体育赛事,300,https://github.com/51chiguawang319/202609/blob/main/20260927/tzhUJ_cYNBDg.md,https://raw.githubusercontent.com/51chiguawang319/202609/main/20260927/tzhUJ_cYNBDg.md
tzIdp_SgNbJP.md,主域名3000份,天气环境,300,https://github.com/51chiguawang319/202609/blob/main/20260927/tzIdp_SgNbJP.md,https://raw.githubusercontent.com/51chiguawang319/202609/main/20260927/tzIdp_SgNbJP.md
TzRVb_DVgfsQ.md,主域名3000份,科技数码,300,https://github.com/51chiguawang319/202609/blob/main/20260927/TzRVb_DVgfsQ.md,https://raw.githubusercontent.com/51chiguawang319/202609/main/20260927/TzRVb_DVgfsQ.md
tZtkV_MJszum.md,泛二级1000份,文化娱乐,300,https://github.com/51chiguawang319/202609/blob/main/20260927/tZtkV_MJszum.md,https://raw.githubusercontent.com/51chiguawang319/202609/main/20260927/tZtkV_MJszum.md
tZWrE_EzPWku.md,主域名3000份,科技数码,300,https://github.com/51chiguawang319/202609/blob/main/20260927/tZWrE_EzPWku.md,https://raw.githubusercontent.com/51chiguawang319/202609/main/20260927/tZWrE_EzPWku.md
tzxXx_JealaJ.md,主域名3000份,健康医疗,300,https://github.com/51chiguawang319/202609/blob/main/20260927/tzxXx_JealaJ.md,https://raw.githubusercontent.com/51chiguawang319/202609/main/20260927/tzxXx_JealaJ.md
uAAbn_qCMiOf.md,泛二级1000份,文化娱乐,300,https://github.com/51chiguawang319/202609/blob/main/20260927/uAAbn_qCMiOf.md,https://raw.githubusercontent.com/51chiguawang319/202609/main/20260927/uAAbn_qCMiOf.md
uabLa_pPBDyv.md,泛二级1000份,科技数码,300,https://github.com/51chiguawang319/202609/blob/main/20260927/uabLa_pPBDyv.md,https://raw.githubusercontent.com/51chiguawang319/202609/main/20260927/uabLa_pPBDyv.md
UAijo_VoUaAD.md,主域名3000份,科技数码,300,https://github.com/51chiguawang319/202609/blob/main/20260927/UAijo_VoUaAD.md,https://raw.githubusercontent.com/51chiguawang319/202609/main/20260927/UAijo_VoUaAD.md
uAoNl_cxcdsL.md,主域名3000份,健康医疗,300,https://github.com/51chiguawang319/202609/blob/main/20260927/uAoNl_cxcdsL.md,https://raw.githubusercontent.com/51chiguawang319/202609/main/20260927/uAoNl_cxcdsL.md
UARAn_HiOjBg.md,泛二级1000份,天气环境,300,https://github.com/51chiguawang319/202609/blob/main/20260927/UARAn_HiOjBg.md,https://raw.githubusercontent.com/51chiguawang319/202609/main/20260927/UARAn_HiOjBg.md
uAxDO_Mvurig.md,主域名3000份,财经商业,300,https://github.com/51chiguawang319/202609/blob/main/20260927/uAxDO_Mvurig.md,https://raw.githubusercontent.com/51chiguawang319/202609/main/20260927/uAxDO_Mvurig.md
uAZGq_JigISN.md,主域名3000份,体育赛事,300,https://github.com/51chiguawang319/202609/blob/main/20260927/uAZGq_JigISN.md,https://raw.githubusercontent.com/51chiguawang319/202609/main/20260927/uAZGq_JigISN.md
UbLDY_HvYSSj.md,泛二级1000份,体育赛事,300,https://github.com/51chiguawang319/202609/blob/main/20260927/UbLDY_HvYSSj.md,https://raw.githubusercontent.com/51chiguawang319/202609/main/20260927/UbLDY_HvYSSj.md
ubZDN_ePQoet.md,主域名3000份,天气环境,300,https://github.com/51chiguawang319/202609/blob/main/20260927/ubZDN_ePQoet.md,https://raw.githubusercontent.com/51chiguawang319/202609/main/20260927/ubZDN_ePQoet.md
UCbin_HKoORM.md,主域名3000份,文化娱乐,300,https://github.com/51chiguawang319/202609/blob/main/20260927/UCbin_HKoORM.md,https://raw.githubusercontent.com/51chiguawang319/202609/main/20260927/UCbin_HKoORM.md
UCbKE_oUYnWp.md,主域名3000份,科技数码,300,https://github.com/51chiguawang319/202609/blob/main/20260927/UCbKE_oUYnWp.md,https://raw.githubusercontent.com/51chiguawang319/202609/main/20260927/UCbKE_oUYnWp.md
UCFcJ_tGQpbs.md,主域名3000份,体育赛事,300,https://github.com/51chiguawang319/202609/blob/main/20260927/UCFcJ_tGQpbs.md,https://raw.githubusercontent.com/51chiguawang319/202609/main/20260927/UCFcJ_tGQpbs.md
UcHOf_pjMLfx.md,泛二级1000份,体育赛事,300,https://github.com/51chiguawang319/202609/blob/main/20260927/UcHOf_pjMLfx.md,https://raw.githubusercontent.com/51chiguawang319/202609/main/20260927/UcHOf_pjMLfx.md
ucKPr_FuKMTo.md,主域名3000份,天气环境,300,https://github.com/51chiguawang319/202609/blob/main/20260927/ucKPr_FuKMTo.md,https://raw.githubusercontent.com/51chiguawang319/202609/main/20260927/ucKPr_FuKMTo.md
uCMEI_mFEDGn.md,泛二级1000份,天气环境,300,https://github.com/51chiguawang319/202609/blob/main/20260927/uCMEI_mFEDGn.md,https://raw.githubusercontent.com/51chiguawang319/202609/main/20260927/uCMEI_mFEDGn.md
UCtlX_hMRDfA.md,主域名3000份,体育赛事,300,https://github.com/51chiguawang319/202609/blob/main/20260927/UCtlX_hMRDfA.md,https://raw.githubusercontent.com/51chiguawang319/202609/main/20260927/UCtlX_hMRDfA.md
UcWIl_oQdByr.md,主域名3000份,健康医疗,300,https://github.com/51chiguawang319/202609/blob/main/20260927/UcWIl_oQdByr.md,https://raw.githubusercontent.com/51chiguawang319/202609/main/20260927/UcWIl_oQdByr.md
UczIc_hDVxkp.md,主域名3000份,财经商业,300,https://github.com/51chiguawang319/202609/blob/main/20260927/UczIc_hDVxkp.md,https://raw.githubusercontent.com/51chiguawang319/202609/main/20260927/UczIc_hDVxkp.md
udGkG_sHZerH.md,主域名3000份,天气环境,300,https://github.com/51chiguawang319/202609/blob/main/20260927/udGkG_sHZerH.md,https://raw.githubusercontent.com/51chiguawang319/202609/main/20260927/udGkG_sHZerH.md
UDLbC_qszAdS.md,泛二级1000份,科技数码,300,https://github.com/51chiguawang319/202609/blob/main/20260927/UDLbC_qszAdS.md,https://raw.githubusercontent.com/51chiguawang319/202609/main/20260927/UDLbC_qszAdS.md
udLfa_MKYRSf.md,主域名3000份,财经商业,300,https://github.com/51chiguawang319/202609/blob/main/20260927/udLfa_MKYRSf.md,https://raw.githubusercontent.com/51chiguawang319/202609/main/20260927/udLfa_MKYRSf.md
uDQPW_MBHozN.md,主域名3000份,健康医疗,300,https://github.com/51chiguawang319/202609/blob/main/20260927/uDQPW_MBHozN.md,https://raw.githubusercontent.com/51chiguawang319/202609/main/20260927/uDQPW_MBHozN.md
udtYC_PFiIZu.md,泛二级1000份,科技数码,300,https://github.com/51chiguawang319/202609/blob/main/20260927/udtYC_PFiIZu.md,https://raw.githubusercontent.com/51chiguawang319/202609/main/20260927/udtYC_PFiIZu.md
UdUIu_unkJwZ.md,主域名3000份,健康医疗,300,https://github.com/51chiguawang319/202609/blob/main/20260927/UdUIu_unkJwZ.md,https://raw.githubusercontent.com/51chiguawang319/202609/main/20260927/UdUIu_unkJwZ.md
uECNl_aXJTQV.md,主域名3000份,文化娱乐,300,https://github.com/51chiguawang319/202609/blob/main/20260927/uECNl_aXJTQV.md,https://raw.githubusercontent.com/51chiguawang319/202609/main/20260927/uECNl_aXJTQV.md
uepMX_biHOJf.md,泛二级1000份,文化娱乐,300,https://github.com/51chiguawang319/202609/blob/main/20260927/uepMX_biHOJf.md,https://raw.githubusercontent.com/51chiguawang319/202609/main/20260927/uepMX_biHOJf.md
UFbft_hwBMRV.md,泛二级1000份,财经商业,300,https://github.com/51chiguawang319/202609/blob/main/20260927/UFbft_hwBMRV.md,https://raw.githubusercontent.com/51chiguawang319/202609/main/20260927/UFbft_hwBMRV.md
UfEjH_MAFbMA.md,主域名3000份,科技数码,300,https://github.com/51chiguawang319/202609/blob/main/20260927/UfEjH_MAFbMA.md,https://raw.githubusercontent.com/51chiguawang319/202609/main/20260927/UfEjH_MAFbMA.md
UfeoW_WxYROX.md,泛二级1000份,天气环境,300,https://github.com/51chiguawang319/202609/blob/main/20260927/UfeoW_WxYROX.md,https://raw.githubusercontent.com/51chiguawang319/202609/main/20260927/UfeoW_WxYROX.md
uFftJ_VfjMZJ.md,主域名3000份,科技数码,300,https://github.com/51chiguawang319/202609/blob/main/20260927/uFftJ_VfjMZJ.md,https://raw.githubusercontent.com/51chiguawang319/202609/main/20260927/uFftJ_VfjMZJ.md
Ufjev_nFzPpA.md,主域名3000份,文化娱乐,300,https://github.com/51chiguawang319/202609/blob/main/20260927/Ufjev_nFzPpA.md,https://raw.githubusercontent.com/51chiguawang319/202609/main/20260927/Ufjev_nFzPpA.md
uFNKU_GgUzoN.md,泛二级1000份,体育赛事,300,https://github.com/51chiguawang319/202609/blob/main/20260927/uFNKU_GgUzoN.md,https://raw.githubusercontent.com/51chiguawang319/202609/main/20260927/uFNKU_GgUzoN.md
UfOyg_LTiDzd.md,泛二级1000份,天气环境,300,https://github.com/51chiguawang319/202609/blob/main/20260927/UfOyg_LTiDzd.md,https://raw.githubusercontent.com/51chiguawang319/202609/main/20260927/UfOyg_LTiDzd.md
UfPiy_iPXUiF.md,主域名3000份,文化娱乐,300,https://github.com/51chiguawang319/202609/blob/main/20260927/UfPiy_iPXUiF.md,https://raw.githubusercontent.com/51chiguawang319/202609/main/20260927/UfPiy_iPXUiF.md
ufsWb_lZcXTm.md,泛二级1000份,科技数码,300,https://github.com/51chiguawang319/202609/blob/main/20260927/ufsWb_lZcXTm.md,https://raw.githubusercontent.com/51chiguawang319/202609/main/20260927/ufsWb_lZcXTm.md
UGGwo_CIihAH.md,主域名3000份,体育赛事,300,https://github.com/51chiguawang319/202609/blob/main/20260927/UGGwo_CIihAH.md,https://raw.githubusercontent.com/51chiguawang319/202609/main/20260927/UGGwo_CIihAH.md
UgHHm_xPcrLJ.md,主域名3000份,科技数码,300,https://github.com/51chiguawang319/202609/blob/main/20260927/UgHHm_xPcrLJ.md,https://raw.githubusercontent.com/51chiguawang319/202609/main/20260927/UgHHm_xPcrLJ.md
UgKok_ossYWo.md,泛二级1000份,天气环境,300,https://github.com/51chiguawang319/202609/blob/main/20260927/UgKok_ossYWo.md,https://raw.githubusercontent.com/51chiguawang319/202609/main/20260927/UgKok_ossYWo.md
uGvGo_swjzTY.md,主域名3000份,文化娱乐,300,https://github.com/51chiguawang319/202609/blob/main/20260927/uGvGo_swjzTY.md,https://raw.githubusercontent.com/51chiguawang319/202609/main/20260927/uGvGo_swjzTY.md
ugvZg_DMMpBU.md,主域名3000份,健康医疗,300,https://github.com/51chiguawang319/202609/blob/main/20260927/ugvZg_DMMpBU.md,https://raw.githubusercontent.com/51chiguawang319/202609/main/20260927/ugvZg_DMMpBU.md
UGxek_pZvbWJ.md,泛二级1000份,科技数码,300,https://github.com/51chiguawang319/202609/blob/main/20260927/UGxek_pZvbWJ.md,https://raw.githubusercontent.com/51chiguawang319/202609/main/20260927/UGxek_pZvbWJ.md
UGZue_XRySCE.md,主域名3000份,文化娱乐,300,https://github.com/51chiguawang319/202609/blob/main/20260927/UGZue_XRySCE.md,https://raw.githubusercontent.com/51chiguawang319/202609/main/20260927/UGZue_XRySCE.md
UHoWs_oGqrqB.md,泛二级1000份,科技数码,300,https://github.com/51chiguawang319/202609/blob/main/20260927/UHoWs_oGqrqB.md,https://raw.githubusercontent.com/51chiguawang319/202609/main/20260927/UHoWs_oGqrqB.md
UhSWP_otjTnb.md,主域名3000份,体育赛事,300,https://github.com/51chiguawang319/202609/blob/main/20260927/UhSWP_otjTnb.md,https://raw.githubusercontent.com/51chiguawang319/202609/main/20260927/UhSWP_otjTnb.md
UHTAq_RnFQEs.md,主域名3000份,财经商业,300,https://github.com/51chiguawang319/202609/blob/main/20260927/UHTAq_RnFQEs.md,https://raw.githubusercontent.com/51chiguawang319/202609/main/20260927/UHTAq_RnFQEs.md
uHVFo_QpMMeg.md,主域名3000份,天气环境,300,https://github.com/51chiguawang319/202609/blob/main/20260927/uHVFo_QpMMeg.md,https://raw.githubusercontent.com/51chiguawang319/202609/main/20260927/uHVFo_QpMMeg.md
uhzfV_KuuskI.md,主域名3000份,科技数码,300,https://github.com/51chiguawang319/202609/blob/main/20260927/uhzfV_KuuskI.md,https://raw.githubusercontent.com/51chiguawang319/202609/main/20260927/uhzfV_KuuskI.md
uIglk_VtBmdB.md,主域名3000份,财经商业,300,https://github.com/51chiguawang319/202609/blob/main/20260927/uIglk_VtBmdB.md,https://raw.githubusercontent.com/51chiguawang319/202609/main/20260927/uIglk_VtBmdB.md
uimpI_vFFwso.md,主域名3000份,健康医疗,300,https://github.com/51chiguawang319/202609/blob/main/20260927/uimpI_vFFwso.md,https://raw.githubusercontent.com/51chiguawang319/202609/main/20260927/uimpI_vFFwso.md
UINxW_tzLqfC.md,主域名3000份,健康医疗,300,https://github.com/51chiguawang319/202609/blob/main/20260927/UINxW_tzLqfC.md,https://raw.githubusercontent.com/51chiguawang319/202609/main/20260927/UINxW_tzLqfC.md
UiVks_vzThpN.md,主域名3000份,文化娱乐,300,https://github.com/51chiguawang319/202609/blob/main/20260927/UiVks_vzThpN.md,https://raw.githubusercontent.com/51chiguawang319/202609/main/20260927/UiVks_vzThpN.md
UIWQp_hdSUHA.md,主域名3000份,体育赛事,300,https://github.com/51chiguawang319/202609/blob/main/20260927/UIWQp_hdSUHA.md,https://raw.githubusercontent.com/51chiguawang319/202609/main/20260927/UIWQp_hdSUHA.md
uIXfH_UZEveT.md,主域名3000份,体育赛事,300,https://github.com/51chiguawang319/202609/blob/main/20260927/uIXfH_UZEveT.md,https://raw.githubusercontent.com/51chiguawang319/202609/main/20260927/uIXfH_UZEveT.md
uIyQU_roBkQu.md,主域名3000份,文化娱乐,300,https://github.com/51chiguawang319/202609/blob/main/20260927/uIyQU_roBkQu.md,https://raw.githubusercontent.com/51chiguawang319/202609/main/20260927/uIyQU_roBkQu.md
UJdAV_AeWgnz.md,泛二级1000份,天气环境,300,https://github.com/51chiguawang319/202609/blob/main/20260927/UJdAV_AeWgnz.md,https://raw.githubusercontent.com/51chiguawang319/202609/main/20260927/UJdAV_AeWgnz.md
UJoPQ_luavNa.md,主域名3000份,体育赛事,300,https://github.com/51chiguawang319/202609/blob/main/20260927/UJoPQ_luavNa.md,https://raw.githubusercontent.com/51chiguawang319/202609/main/20260927/UJoPQ_luavNa.md
uJxEQ_FMyORk.md,主域名3000份,文化娱乐,300,https://github.com/51chiguawang319/202609/blob/main/20260927/uJxEQ_FMyORk.md,https://raw.githubusercontent.com/51chiguawang319/202609/main/20260927/uJxEQ_FMyORk.md
UKAkh_avyTAO.md,主域名3000份,体育赛事,300,https://github.com/51chiguawang319/202609/blob/main/20260927/UKAkh_avyTAO.md,https://raw.githubusercontent.com/51chiguawang319/202609/main/20260927/UKAkh_avyTAO.md
UkBgH_HRuJEi.md,主域名3000份,科技数码,300,https://github.com/51chiguawang319/202609/blob/main/20260927/UkBgH_HRuJEi.md,https://raw.githubusercontent.com/51chiguawang319/202609/main/20260927/UkBgH_HRuJEi.md
ukFUp_yEIUyq.md,泛二级1000份,科技数码,300,https://github.com/51chiguawang319/202609/blob/main/20260927/ukFUp_yEIUyq.md,https://raw.githubusercontent.com/51chiguawang319/202609/main/20260927/ukFUp_yEIUyq.md
UKgaE_PJoAQP.md,主域名3000份,财经商业,300,https://github.com/51chiguawang319/202609/blob/main/20260927/UKgaE_PJoAQP.md,https://raw.githubusercontent.com/51chiguawang319/202609/main/20260927/UKgaE_PJoAQP.md
UksCI_sWIxIs.md,泛二级1000份,科技数码,300,https://github.com/51chiguawang319/202609/blob/main/20260927/UksCI_sWIxIs.md,https://raw.githubusercontent.com/51chiguawang319/202609/main/20260927/UksCI_sWIxIs.md
UkSGy_vgTmzl.md,泛二级1000份,财经商业,300,https://github.com/51chiguawang319/202609/blob/main/20260927/UkSGy_vgTmzl.md,https://raw.githubusercontent.com/51chiguawang319/202609/main/20260927/UkSGy_vgTmzl.md
UkwaP_xbnoRb.md,主域名3000份,财经商业,300,https://github.com/51chiguawang319/202609/blob/main/20260927/UkwaP_xbnoRb.md,https://raw.githubusercontent.com/51chiguawang319/202609/main/20260927/UkwaP_xbnoRb.md
uLaaq_hRiwkp.md,主域名3000份,财经商业,300,https://github.com/51chiguawang319/202609/blob/main/20260927/uLaaq_hRiwkp.md,https://raw.githubusercontent.com/51chiguawang319/202609/main/20260927/uLaaq_hRiwkp.md
uLCFC_SXUeWa.md,泛二级1000份,科技数码,300,https://github.com/51chiguawang319/202609/blob/main/20260927/uLCFC_SXUeWa.md,https://raw.githubusercontent.com/51chiguawang319/202609/main/20260927/uLCFC_SXUeWa.md
ulhSU_GsBwls.md,主域名3000份,财经商业,300,https://github.com/51chiguawang319/202609/blob/main/20260927/ulhSU_GsBwls.md,https://raw.githubusercontent.com/51chiguawang319/202609/main/20260927/ulhSU_GsBwls.md
uLlOx_RbryVa.md,主域名3000份,财经商业,300,https://github.com/51chiguawang319/202609/blob/main/20260927/uLlOx_RbryVa.md,https://raw.githubusercontent.com/51chiguawang319/202609/main/20260927/uLlOx_RbryVa.md
uLmsh_tDudET.md,主域名3000份,体育赛事,300,https://github.com/51chiguawang319/202609/blob/main/20260927/uLmsh_tDudET.md,https://raw.githubusercontent.com/51chiguawang319/202609/main/20260927/uLmsh_tDudET.md
uLOfC_BTnvak.md,主域名3000份,体育赛事,300,https://github.com/51chiguawang319/202609/blob/main/20260927/uLOfC_BTnvak.md,https://raw.githubusercontent.com/51chiguawang319/202609/main/20260927/uLOfC_BTnvak.md
ulpPL_LAjjRs.md,主域名3000份,财经商业,300,https://github.com/51chiguawang319/202609/blob/main/20260927/ulpPL_LAjjRs.md,https://raw.githubusercontent.com/51chiguawang319/202609/main/20260927/ulpPL_LAjjRs.md
uLVpv_veqXRJ.md,主域名3000份,文化娱乐,300,https://github.com/51chiguawang319/202609/blob/main/20260927/uLVpv_veqXRJ.md,https://raw.githubusercontent.com/51chiguawang319/202609/main/20260927/uLVpv_veqXRJ.md
uLwsW_edOEIU.md,主域名3000份,科技数码,300,https://github.com/51chiguawang319/202609/blob/main/20260927/uLwsW_edOEIU.md,https://raw.githubusercontent.com/51chiguawang319/202609/main/20260927/uLwsW_edOEIU.md
uLwZf_hTAsJf.md,主域名3000份,体育赛事,300,https://github.com/51chiguawang319/202609/blob/main/20260927/uLwZf_hTAsJf.md,https://raw.githubusercontent.com/51chiguawang319/202609/main/20260927/uLwZf_hTAsJf.md
umEGd_uiBhug.md,主域名3000份,体育赛事,300,https://github.com/51chiguawang319/202609/blob/main/20260927/umEGd_uiBhug.md,https://raw.githubusercontent.com/51chiguawang319/202609/main/20260927/umEGd_uiBhug.md
UmqVt_YDplmX.md,主域名3000份,天气环境,300,https://github.com/51chiguawang319/202609/blob/main/20260927/UmqVt_YDplmX.md,https://raw.githubusercontent.com/51chiguawang319/202609/main/20260927/UmqVt_YDplmX.md
uMrAw_QIAWiy.md,泛二级1000份,科技数码,300,https://github.com/51chiguawang319/202609/blob/main/20260927/uMrAw_QIAWiy.md,https://raw.githubusercontent.com/51chiguawang319/202609/main/20260927/uMrAw_QIAWiy.md
umrlL_dhVmbU.md,泛二级1000份,体育赛事,300,https://github.com/51chiguawang319/202609/blob/main/20260927/umrlL_dhVmbU.md,https://raw.githubusercontent.com/51chiguawang319/202609/main/20260927/umrlL_dhVmbU.md
UmvTm_duWtiw.md,主域名3000份,文化娱乐,300,https://github.com/51chiguawang319/202609/blob/main/20260927/UmvTm_duWtiw.md,https://raw.githubusercontent.com/51chiguawang319/202609/main/20260927/UmvTm_duWtiw.md
umYaC_UboGBd.md,主域名3000份,天气环境,300,https://github.com/51chiguawang319/202609/blob/main/20260927/umYaC_UboGBd.md,https://raw.githubusercontent.com/51chiguawang319/202609/main/20260927/umYaC_UboGBd.md
UmySm_MzZDDv.md,主域名3000份,体育赛事,300,https://github.com/51chiguawang319/202609/blob/main/20260927/UmySm_MzZDDv.md,https://raw.githubusercontent.com/51chiguawang319/202609/main/20260927/UmySm_MzZDDv.md
unBDP_venaGT.md,主域名3000份,健康医疗,300,https://github.com/51chiguawang319/202609/blob/main/20260927/unBDP_venaGT.md,https://raw.githubusercontent.com/51chiguawang319/202609/main/20260927/unBDP_venaGT.md
unIgr_IfdphU.md,主域名3000份,科技数码,300,https://github.com/51chiguawang319/202609/blob/main/20260927/unIgr_IfdphU.md,https://raw.githubusercontent.com/51chiguawang319/202609/main/20260927/unIgr_IfdphU.md
UNqcL_JhgNSS.md,主域名3000份,健康医疗,300,https://github.com/51chiguawang319/202609/blob/main/20260927/UNqcL_JhgNSS.md,https://raw.githubusercontent.com/51chiguawang319/202609/main/20260927/UNqcL_JhgNSS.md
UOaoR_WxZSLL.md,泛二级1000份,天气环境,300,https://github.com/51chiguawang319/202609/blob/main/20260927/UOaoR_WxZSLL.md,https://raw.githubusercontent.com/51chiguawang319/202609/main/20260927/UOaoR_WxZSLL.md
UOASw_ppXslX.md,主域名3000份,健康医疗,300,https://github.com/51chiguawang319/202609/blob/main/20260927/UOASw_ppXslX.md,https://raw.githubusercontent.com/51chiguawang319/202609/main/20260927/UOASw_ppXslX.md
uoIDW_vPGvUf.md,主域名3000份,科技数码,300,https://github.com/51chiguawang319/202609/blob/main/20260927/uoIDW_vPGvUf.md,https://raw.githubusercontent.com/51chiguawang319/202609/main/20260927/uoIDW_vPGvUf.md
uOqUn_UwDjvB.md,主域名3000份,文化娱乐,300,https://github.com/51chiguawang319/202609/blob/main/20260927/uOqUn_UwDjvB.md,https://raw.githubusercontent.com/51chiguawang319/202609/main/20260927/uOqUn_UwDjvB.md
uOqYI_fBIPWe.md,主域名3000份,体育赛事,300,https://github.com/51chiguawang319/202609/blob/main/20260927/uOqYI_fBIPWe.md,https://raw.githubusercontent.com/51chiguawang319/202609/main/20260927/uOqYI_fBIPWe.md
UowXV_UXhtbK.md,主域名3000份,体育赛事,300,https://github.com/51chiguawang319/202609/blob/main/20260927/UowXV_UXhtbK.md,https://raw.githubusercontent.com/51chiguawang319/202609/main/20260927/UowXV_UXhtbK.md
UPEtd_PgwPLm.md,主域名3000份,科技数码,300,https://github.com/51chiguawang319/202609/blob/main/20260927/UPEtd_PgwPLm.md,https://raw.githubusercontent.com/51chiguawang319/202609/main/20260927/UPEtd_PgwPLm.md
uPgHH_QfHrNM.md,主域名3000份,天气环境,300,https://github.com/51chiguawang319/202609/blob/main/20260927/uPgHH_QfHrNM.md,https://raw.githubusercontent.com/51chiguawang319/202609/main/20260927/uPgHH_QfHrNM.md
UpHdV_PpLOSO.md,主域名3000份,天气环境,300,https://github.com/51chiguawang319/202609/blob/main/20260927/UpHdV_PpLOSO.md,https://raw.githubusercontent.com/51chiguawang319/202609/main/20260927/UpHdV_PpLOSO.md
UPIdH_jFfTxm.md,主域名3000份,体育赛事,300,https://github.com/51chiguawang319/202609/blob/main/20260927/UPIdH_jFfTxm.md,https://raw.githubusercontent.com/51chiguawang319/202609/main/20260927/UPIdH_jFfTxm.md
uPiyl_fyBnls.md,主域名3000份,财经商业,300,https://github.com/51chiguawang319/202609/blob/main/20260927/uPiyl_fyBnls.md,https://raw.githubusercontent.com/51chiguawang319/202609/main/20260927/uPiyl_fyBnls.md
UPkSC_fIkdmO.md,主域名3000份,体育赛事,300,https://github.com/51chiguawang319/202609/blob/main/20260927/UPkSC_fIkdmO.md,https://raw.githubusercontent.com/51chiguawang319/202609/main/20260927/UPkSC_fIkdmO.md
upNEd_ZYksxH.md,主域名3000份,科技数码,300,https://github.com/51chiguawang319/202609/blob/main/20260927/upNEd_ZYksxH.md,https://raw.githubusercontent.com/51chiguawang319/202609/main/20260927/upNEd_ZYksxH.md
uPPYl_NFRaKv.md,泛二级1000份,健康医疗,300,https://github.com/51chiguawang319/202609/blob/main/20260927/uPPYl_NFRaKv.md,https://raw.githubusercontent.com/51chiguawang319/202609/main/20260927/uPPYl_NFRaKv.md
UpufY_qGaeLY.md,主域名3000份,文化娱乐,300,https://github.com/51chiguawang319/202609/blob/main/20260927/UpufY_qGaeLY.md,https://raw.githubusercontent.com/51chiguawang319/202609/main/20260927/UpufY_qGaeLY.md
uPWVV_YjwKGQ.md,主域名3000份,健康医疗,300,https://github.com/51chiguawang319/202609/blob/main/20260927/uPWVV_YjwKGQ.md,https://raw.githubusercontent.com/51chiguawang319/202609/main/20260927/uPWVV_YjwKGQ.md
UqhiA_CkMgXa.md,泛二级1000份,文化娱乐,300,https://github.com/51chiguawang319/202609/blob/main/20260927/UqhiA_CkMgXa.md,https://raw.githubusercontent.com/51chiguawang319/202609/main/20260927/UqhiA_CkMgXa.md
uqLNs_fosHmA.md,主域名3000份,体育赛事,300,https://github.com/51chiguawang319/202609/blob/main/20260927/uqLNs_fosHmA.md,https://raw.githubusercontent.com/51chiguawang319/202609/main/20260927/uqLNs_fosHmA.md
UQLXb_cgUWsR.md,泛二级1000份,健康医疗,300,https://github.com/51chiguawang319/202609/blob/main/20260927/UQLXb_cgUWsR.md,https://raw.githubusercontent.com/51chiguawang319/202609/main/20260927/UQLXb_cgUWsR.md
uquGr_tkxtGu.md,主域名3000份,体育赛事,300,https://github.com/51chiguawang319/202609/blob/main/20260927/uquGr_tkxtGu.md,https://raw.githubusercontent.com/51chiguawang319/202609/main/20260927/uquGr_tkxtGu.md
UqwAR_wTkagS.md,泛二级1000份,科技数码,300,https://github.com/51chiguawang319/202609/blob/main/20260927/UqwAR_wTkagS.md,https://raw.githubusercontent.com/51chiguawang319/202609/main/20260927/UqwAR_wTkagS.md
uqXmr_qPDMXJ.md,泛二级1000份,健康医疗,300,https://github.com/51chiguawang319/202609/blob/main/20260927/uqXmr_qPDMXJ.md,https://raw.githubusercontent.com/51chiguawang319/202609/main/20260927/uqXmr_qPDMXJ.md
UqYuM_tzQyVu.md,泛二级1000份,天气环境,300,https://github.com/51chiguawang319/202609/blob/main/20260927/UqYuM_tzQyVu.md,https://raw.githubusercontent.com/51chiguawang319/202609/main/20260927/UqYuM_tzQyVu.md
uRCcL_RrOFqh.md,主域名3000份,文化娱乐,300,https://github.com/51chiguawang319/202609/blob/main/20260927/uRCcL_RrOFqh.md,https://raw.githubusercontent.com/51chiguawang319/202609/main/20260927/uRCcL_RrOFqh.md
UrmrA_RbniHQ.md,主域名3000份,科技数码,300,https://github.com/51chiguawang319/202609/blob/main/20260927/UrmrA_RbniHQ.md,https://raw.githubusercontent.com/51chiguawang319/202609/main/20260927/UrmrA_RbniHQ.md
URuKt_CfyoCt.md,主域名3000份,财经商业,300,https://github.com/51chiguawang319/202609/blob/main/20260927/URuKt_CfyoCt.md,https://raw.githubusercontent.com/51chiguawang319/202609/main/20260927/URuKt_CfyoCt.md
UsGtL_uaeDfx.md,主域名3000份,文化娱乐,300,https://github.com/51chiguawang319/202609/blob/main/20260927/UsGtL_uaeDfx.md,https://raw.githubusercontent.com/51chiguawang319/202609/main/20260927/UsGtL_uaeDfx.md
USmzh_XrJVJj.md,主域名3000份,天气环境,300,https://github.com/51chiguawang319/202609/blob/main/20260927/USmzh_XrJVJj.md,https://raw.githubusercontent.com/51chiguawang319/202609/main/20260927/USmzh_XrJVJj.md
uSQut_zdnDeA.md,泛二级1000份,天气环境,300,https://github.com/51chiguawang319/202609/blob/main/20260927/uSQut_zdnDeA.md,https://raw.githubusercontent.com/51chiguawang319/202609/main/20260927/uSQut_zdnDeA.md
uTaoR_ImaBDz.md,主域名3000份,文化娱乐,300,https://github.com/51chiguawang319/202609/blob/main/20260927/uTaoR_ImaBDz.md,https://raw.githubusercontent.com/51chiguawang319/202609/main/20260927/uTaoR_ImaBDz.md
utaTM_GrsKCc.md,泛二级1000份,体育赛事,300,https://github.com/51chiguawang319/202609/blob/main/20260927/utaTM_GrsKCc.md,https://raw.githubusercontent.com/51chiguawang319/202609/main/20260927/utaTM_GrsKCc.md
UtdxM_gvFzlI.md,主域名3000份,健康医疗,300,https://github.com/51chiguawang319/202609/blob/main/20260927/UtdxM_gvFzlI.md,https://raw.githubusercontent.com/51chiguawang319/202609/main/20260927/UtdxM_gvFzlI.md
utHGX_tsQbBh.md,主域名3000份,天气环境,300,https://github.com/51chiguawang319/202609/blob/main/20260927/utHGX_tsQbBh.md,https://raw.githubusercontent.com/51chiguawang319/202609/main/20260927/utHGX_tsQbBh.md
utmPm_KrKQXv.md,主域名3000份,财经商业,300,https://github.com/51chiguawang319/202609/blob/main/20260927/utmPm_KrKQXv.md,https://raw.githubusercontent.com/51chiguawang319/202609/main/20260927/utmPm_KrKQXv.md
utSuk_dbLvqc.md,主域名3000份,财经商业,300,https://github.com/51chiguawang319/202609/blob/main/20260927/utSuk_dbLvqc.md,https://raw.githubusercontent.com/51chiguawang319/202609/main/20260927/utSuk_dbLvqc.md
uttOy_fmjVZw.md,泛二级1000份,科技数码,300,https://github.com/51chiguawang319/202609/blob/main/20260927/uttOy_fmjVZw.md,https://raw.githubusercontent.com/51chiguawang319/202609/main/20260927/uttOy_fmjVZw.md
UTtpN_VWjfGw.md,主域名3000份,文化娱乐,300,https://github.com/51chiguawang319/202609/blob/main/20260927/UTtpN_VWjfGw.md,https://raw.githubusercontent.com/51chiguawang319/202609/main/20260927/UTtpN_VWjfGw.md
UuaZo_DXwogY.md,主域名3000份,财经商业,300,https://github.com/51chiguawang319/202609/blob/main/20260927/UuaZo_DXwogY.md,https://raw.githubusercontent.com/51chiguawang319/202609/main/20260927/UuaZo_DXwogY.md
uuCfu_cKljvs.md,主域名3000份,财经商业,300,https://github.com/51chiguawang319/202609/blob/main/20260927/uuCfu_cKljvs.md,https://raw.githubusercontent.com/51chiguawang319/202609/main/20260927/uuCfu_cKljvs.md
uUfmQ_egHUEi.md,主域名3000份,科技数码,300,https://github.com/51chiguawang319/202609/blob/main/20260927/uUfmQ_egHUEi.md,https://raw.githubusercontent.com/51chiguawang319/202609/main/20260927/uUfmQ_egHUEi.md
UUguX_Qqfqof.md,泛二级1000份,科技数码,300,https://github.com/51chiguawang319/202609/blob/main/20260927/UUguX_Qqfqof.md,https://raw.githubusercontent.com/51chiguawang319/202609/main/20260927/UUguX_Qqfqof.md
uupJn_PuBzcM.md,主域名3000份,财经商业,300,https://github.com/51chiguawang319/202609/blob/main/20260927/uupJn_PuBzcM.md,https://raw.githubusercontent.com/51chiguawang319/202609/main/20260927/uupJn_PuBzcM.md
uUtdD_kuuSja.md,主域名3000份,文化娱乐,300,https://github.com/51chiguawang319/202609/blob/main/20260927/uUtdD_kuuSja.md,https://raw.githubusercontent.com/51chiguawang319/202609/main/20260927/uUtdD_kuuSja.md
uuTkL_FmiwKZ.md,主域名3000份,天气环境,300,https://github.com/51chiguawang319/202609/blob/main/20260927/uuTkL_FmiwKZ.md,https://raw.githubusercontent.com/51chiguawang319/202609/main/20260927/uuTkL_FmiwKZ.md
UUZIj_hfKqtK.md,主域名3000份,体育赛事,300,https://github.com/51chiguawang319/202609/blob/main/20260927/UUZIj_hfKqtK.md,https://raw.githubusercontent.com/51chiguawang319/202609/main/20260927/UUZIj_hfKqtK.md
UVMrL_FYnBok.md,主域名3000份,科技数码,300,https://github.com/51chiguawang319/202609/blob/main/20260927/UVMrL_FYnBok.md,https://raw.githubusercontent.com/51chiguawang319/202609/main/20260927/UVMrL_FYnBok.md
UvNge_RIUyaf.md,泛二级1000份,体育赛事,300,https://github.com/51chiguawang319/202609/blob/main/20260927/UvNge_RIUyaf.md,https://raw.githubusercontent.com/51chiguawang319/202609/main/20260927/UvNge_RIUyaf.md
uVxHt_EPlRDC.md,泛二级1000份,财经商业,300,https://github.com/51chiguawang319/202609/blob/main/20260927/uVxHt_EPlRDC.md,https://raw.githubusercontent.com/51chiguawang319/202609/main/20260927/uVxHt_EPlRDC.md
UvyKg_FCYmfs.md,主域名3000份,天气环境,300,https://github.com/51chiguawang319/202609/blob/main/20260927/UvyKg_FCYmfs.md,https://raw.githubusercontent.com/51chiguawang319/202609/main/20260927/UvyKg_FCYmfs.md
UvYrj_waEsBf.md,主域名3000份,体育赛事,300,https://github.com/51chiguawang319/202609/blob/main/20260927/UvYrj_waEsBf.md,https://raw.githubusercontent.com/51chiguawang319/202609/main/20260927/UvYrj_waEsBf.md
UwHec_yFFylI.md,主域名3000份,体育赛事,300,https://github.com/51chiguawang319/202609/blob/main/20260927/UwHec_yFFylI.md,https://raw.githubusercontent.com/51chiguawang319/202609/main/20260927/UwHec_yFFylI.md
uwTRU_dPmSfS.md,主域名3000份,科技数码,300,https://github.com/51chiguawang319/202609/blob/main/20260927/uwTRU_dPmSfS.md,https://raw.githubusercontent.com/51chiguawang319/202609/main/20260927/uwTRU_dPmSfS.md
uWzMr_FUFUyX.md,主域名3000份,天气环境,300,https://github.com/51chiguawang319/202609/blob/main/20260927/uWzMr_FUFUyX.md,https://raw.githubusercontent.com/51chiguawang319/202609/main/20260927/uWzMr_FUFUyX.md
UXpOb_ZKWvBQ.md,主域名3000份,健康医疗,300,https://github.com/51chiguawang319/202609/blob/main/20260927/UXpOb_ZKWvBQ.md,https://raw.githubusercontent.com/51chiguawang319/202609/main/20260927/UXpOb_ZKWvBQ.md
UXtDy_UUdZNh.md,泛二级1000份,天气环境,300,https://github.com/51chiguawang319/202609/blob/main/20260927/UXtDy_UUdZNh.md,https://raw.githubusercontent.com/51chiguawang319/202609/main/20260927/UXtDy_UUdZNh.md
UxvTR_RYHzYL.md,主域名3000份,科技数码,300,https://github.com/51chiguawang319/202609/blob/main/20260927/UxvTR_RYHzYL.md,https://raw.githubusercontent.com/51chiguawang319/202609/main/20260927/UxvTR_RYHzYL.md
UyHaV_XFWBGm.md,主域名3000份,天气环境,300,https://github.com/51chiguawang319/202609/blob/main/20260927/UyHaV_XFWBGm.md,https://raw.githubusercontent.com/51chiguawang319/202609/main/20260927/UyHaV_XFWBGm.md
UYNil_cxInpj.md,主域名3000份,科技数码,300,https://github.com/51chiguawang319/202609/blob/main/20260927/UYNil_cxInpj.md,https://raw.githubusercontent.com/51chiguawang319/202609/main/20260927/UYNil_cxInpj.md
Uyqhc_uWPSpY.md,泛二级1000份,财经商业,300,https://github.com/51chiguawang319/202609/blob/main/20260927/Uyqhc_uWPSpY.md,https://raw.githubusercontent.com/51chiguawang319/202609/main/20260927/Uyqhc_uWPSpY.md
UZEYw_jbTbrp.md,泛二级1000份,财经商业,300,https://github.com/51chiguawang319/202609/blob/main/20260927/UZEYw_jbTbrp.md,https://raw.githubusercontent.com/51chiguawang319/202609/main/20260927/UZEYw_jbTbrp.md
UZgnE_fWFoHr.md,主域名3000份,文化娱乐,300,https://github.com/51chiguawang319/202609/blob/main/20260927/UZgnE_fWFoHr.md,https://raw.githubusercontent.com/51chiguawang319/202609/main/20260927/UZgnE_fWFoHr.md
UZIdM_dsfWoZ.md,主域名3000份,天气环境,300,https://github.com/51chiguawang319/202609/blob/main/20260927/UZIdM_dsfWoZ.md,https://raw.githubusercontent.com/51chiguawang319/202609/main/20260927/UZIdM_dsfWoZ.md
UzRtK_YQnBit.md,主域名3000份,科技数码,300,https://github.com/51chiguawang319/202609/blob/main/20260927/UzRtK_YQnBit.md,https://raw.githubusercontent.com/51chiguawang319/202609/main/20260927/UzRtK_YQnBit.md
VAAhd_DcbCix.md,主域名3000份,科技数码,300,https://github.com/51chiguawang319/202609/blob/main/20260927/VAAhd_DcbCix.md,https://raw.githubusercontent.com/51chiguawang319/202609/main/20260927/VAAhd_DcbCix.md
Vajln_rJWVxx.md,泛二级1000份,健康医疗,300,https://github.com/51chiguawang319/202609/blob/main/20260927/Vajln_rJWVxx.md,https://raw.githubusercontent.com/51chiguawang319/202609/main/20260927/Vajln_rJWVxx.md
vaKXC_YbKfRG.md,主域名3000份,天气环境,300,https://github.com/51chiguawang319/202609/blob/main/20260927/vaKXC_YbKfRG.md,https://raw.githubusercontent.com/51chiguawang319/202609/main/20260927/vaKXC_YbKfRG.md
VAqtc_dezIMt.md,主域名3000份,天气环境,300,https://github.com/51chiguawang319/202609/blob/main/20260927/VAqtc_dezIMt.md,https://raw.githubusercontent.com/51chiguawang319/202609/main/20260927/VAqtc_dezIMt.md
VbBAY_VQsOfj.md,主域名3000份,体育赛事,300,https://github.com/51chiguawang319/202609/blob/main/20260927/VbBAY_VQsOfj.md,https://raw.githubusercontent.com/51chiguawang319/202609/main/20260927/VbBAY_VQsOfj.md
vbGol_KycYQv.md,主域名3000份,科技数码,300,https://github.com/51chiguawang319/202609/blob/main/20260927/vbGol_KycYQv.md,https://raw.githubusercontent.com/51chiguawang319/202609/main/20260927/vbGol_KycYQv.md
VBpsV_NnEdcU.md,主域名3000份,财经商业,300,https://github.com/51chiguawang319/202609/blob/main/20260927/VBpsV_NnEdcU.md,https://raw.githubusercontent.com/51chiguawang319/202609/main/20260927/VBpsV_NnEdcU.md
VbVRQ_PTysLm.md,主域名3000份,财经商业,300,https://github.com/51chiguawang319/202609/blob/main/20260927/VbVRQ_PTysLm.md,https://raw.githubusercontent.com/51chiguawang319/202609/main/20260927/VbVRQ_PTysLm.md
vbVYa_rtENCh.md,主域名3000份,文化娱乐,300,https://github.com/51chiguawang319/202609/blob/main/20260927/vbVYa_rtENCh.md,https://raw.githubusercontent.com/51chiguawang319/202609/main/20260927/vbVYa_rtENCh.md
vbWIj_TrkJZR.md,主域名3000份,天气环境,300,https://github.com/51chiguawang319/202609/blob/main/20260927/vbWIj_TrkJZR.md,https://raw.githubusercontent.com/51chiguawang319/202609/main/20260927/vbWIj_TrkJZR.md
VBWTt_EsrPeb.md,主域名3000份,文化娱乐,300,https://github.com/51chiguawang319/202609/blob/main/20260927/VBWTt_EsrPeb.md,https://raw.githubusercontent.com/51chiguawang319/202609/main/20260927/VBWTt_EsrPeb.md
vByNU_wKWzfC.md,主域名3000份,财经商业,300,https://github.com/51chiguawang319/202609/blob/main/20260927/vByNU_wKWzfC.md,https://raw.githubusercontent.com/51chiguawang319/202609/main/20260927/vByNU_wKWzfC.md
vBZRl_qEZwiV.md,主域名3000份,财经商业,300,https://github.com/51chiguawang319/202609/blob/main/20260927/vBZRl_qEZwiV.md,https://raw.githubusercontent.com/51chiguawang319/202609/main/20260927/vBZRl_qEZwiV.md
vcANL_VeTelL.md,主域名3000份,科技数码,300,https://github.com/51chiguawang319/202609/blob/main/20260927/vcANL_VeTelL.md,https://raw.githubusercontent.com/51chiguawang319/202609/main/20260927/vcANL_VeTelL.md
vcDlD_FeBSLP.md,主域名3000份,文化娱乐,300,https://github.com/51chiguawang319/202609/blob/main/20260927/vcDlD_FeBSLP.md,https://raw.githubusercontent.com/51chiguawang319/202609/main/20260927/vcDlD_FeBSLP.md
VcNnv_dQPzLI.md,主域名3000份,天气环境,300,https://github.com/51chiguawang319/202609/blob/main/20260927/VcNnv_dQPzLI.md,https://raw.githubusercontent.com/51chiguawang319/202609/main/20260927/VcNnv_dQPzLI.md
vCoUC_ghhCLK.md,主域名3000份,健康医疗,300,https://github.com/51chiguawang319/202609/blob/main/20260927/vCoUC_ghhCLK.md,https://raw.githubusercontent.com/51chiguawang319/202609/main/20260927/vCoUC_ghhCLK.md
VcPZd_FrBzgP.md,主域名3000份,科技数码,300,https://github.com/51chiguawang319/202609/blob/main/20260927/VcPZd_FrBzgP.md,https://raw.githubusercontent.com/51chiguawang319/202609/main/20260927/VcPZd_FrBzgP.md
vcUXr_gpJmUW.md,主域名3000份,文化娱乐,300,https://github.com/51chiguawang319/202609/blob/main/20260927/vcUXr_gpJmUW.md,https://raw.githubusercontent.com/51chiguawang319/202609/main/20260927/vcUXr_gpJmUW.md
vdcSQ_MtZigk.md,主域名3000份,天气环境,300,https://github.com/51chiguawang319/202609/blob/main/20260927/vdcSQ_MtZigk.md,https://raw.githubusercontent.com/51chiguawang319/202609/main/20260927/vdcSQ_MtZigk.md
VdMgK_YZqnnz.md,主域名3000份,健康医疗,300,https://github.com/51chiguawang319/202609/blob/main/20260927/VdMgK_YZqnnz.md,https://raw.githubusercontent.com/51chiguawang319/202609/main/20260927/VdMgK_YZqnnz.md
VdMgS_pTBVxC.md,主域名3000份,财经商业,300,https://github.com/51chiguawang319/202609/blob/main/20260927/VdMgS_pTBVxC.md,https://raw.githubusercontent.com/51chiguawang319/202609/main/20260927/VdMgS_pTBVxC.md
vDqiA_JrMJDQ.md,主域名3000份,文化娱乐,300,https://github.com/51chiguawang319/202609/blob/main/20260927/vDqiA_JrMJDQ.md,https://raw.githubusercontent.com/51chiguawang319/202609/main/20260927/vDqiA_JrMJDQ.md
VDZJe_ihjPDt.md,泛二级1000份,天气环境,300,https://github.com/51chiguawang319/202609/blob/main/20260927/VDZJe_ihjPDt.md,https://raw.githubusercontent.com/51chiguawang319/202609/main/20260927/VDZJe_ihjPDt.md
vEcVo_GLfzFJ.md,主域名3000份,天气环境,300,https://github.com/51chiguawang319/202609/blob/main/20260927/vEcVo_GLfzFJ.md,https://raw.githubusercontent.com/51chiguawang319/202609/main/20260927/vEcVo_GLfzFJ.md
VElsN_VGHkjZ.md,主域名3000份,文化娱乐,300,https://github.com/51chiguawang319/202609/blob/main/20260927/VElsN_VGHkjZ.md,https://raw.githubusercontent.com/51chiguawang319/202609/main/20260927/VElsN_VGHkjZ.md
vemkF_PCIHzf.md,主域名3000份,天气环境,300,https://github.com/51chiguawang319/202609/blob/main/20260927/vemkF_PCIHzf.md,https://raw.githubusercontent.com/51chiguawang319/202609/main/20260927/vemkF_PCIHzf.md
VEneG_lRpnml.md,主域名3000份,财经商业,300,https://github.com/51chiguawang319/202609/blob/main/20260927/VEneG_lRpnml.md,https://raw.githubusercontent.com/51chiguawang319/202609/main/20260927/VEneG_lRpnml.md
veOXJ_cjOtzw.md,主域名3000份,体育赛事,300,https://github.com/51chiguawang319/202609/blob/main/20260927/veOXJ_cjOtzw.md,https://raw.githubusercontent.com/51chiguawang319/202609/main/20260927/veOXJ_cjOtzw.md
vFfKA_SxQRoZ.md,主域名3000份,科技数码,300,https://github.com/51chiguawang319/202609/blob/main/20260927/vFfKA_SxQRoZ.md,https://raw.githubusercontent.com/51chiguawang319/202609/main/20260927/vFfKA_SxQRoZ.md
VfFOw_zhCCCV.md,主域名3000份,体育赛事,300,https://github.com/51chiguawang319/202609/blob/main/20260927/VfFOw_zhCCCV.md,https://raw.githubusercontent.com/51chiguawang319/202609/main/20260927/VfFOw_zhCCCV.md
vFlid_UaWURo.md,主域名3000份,文化娱乐,300,https://github.com/51chiguawang319/202609/blob/main/20260927/vFlid_UaWURo.md,https://raw.githubusercontent.com/51chiguawang319/202609/main/20260927/vFlid_UaWURo.md
vFmXd_mMLKkt.md,泛二级1000份,健康医疗,300,https://github.com/51chiguawang319/202609/blob/main/20260927/vFmXd_mMLKkt.md,https://raw.githubusercontent.com/51chiguawang319/202609/main/20260927/vFmXd_mMLKkt.md
vFSVG_PMqUah.md,主域名3000份,科技数码,300,https://github.com/51chiguawang319/202609/blob/main/20260927/vFSVG_PMqUah.md,https://raw.githubusercontent.com/51chiguawang319/202609/main/20260927/vFSVG_PMqUah.md
vFVhk_gRUKbk.md,泛二级1000份,财经商业,300,https://github.com/51chiguawang319/202609/blob/main/20260927/vFVhk_gRUKbk.md,https://raw.githubusercontent.com/51chiguawang319/202609/main/20260927/vFVhk_gRUKbk.md
vFwPZ_IPQcwC.md,主域名3000份,财经商业,300,https://github.com/51chiguawang319/202609/blob/main/20260927/vFwPZ_IPQcwC.md,https://raw.githubusercontent.com/51chiguawang319/202609/main/20260927/vFwPZ_IPQcwC.md
vGeCb_wAqUsc.md,主域名3000份,科技数码,300,https://github.com/51chiguawang319/202609/blob/main/20260927/vGeCb_wAqUsc.md,https://raw.githubusercontent.com/51chiguawang319/202609/main/20260927/vGeCb_wAqUsc.md
VGOwz_WxpSiO.md,主域名3000份,财经商业,300,https://github.com/51chiguawang319/202609/blob/main/20260927/VGOwz_WxpSiO.md,https://raw.githubusercontent.com/51chiguawang319/202609/main/20260927/VGOwz_WxpSiO.md
VGpRn_JUBfpq.md,泛二级1000份,财经商业,300,https://github.com/51chiguawang319/202609/blob/main/20260927/VGpRn_JUBfpq.md,https://raw.githubusercontent.com/51chiguawang319/202609/main/20260927/VGpRn_JUBfpq.md
VGxpE_eWqwvC.md,主域名3000份,体育赛事,300,https://github.com/51chiguawang319/202609/blob/main/20260927/VGxpE_eWqwvC.md,https://raw.githubusercontent.com/51chiguawang319/202609/main/20260927/VGxpE_eWqwvC.md
VgYsw_zQeiyW.md,主域名3000份,体育赛事,300,https://github.com/51chiguawang319/202609/blob/main/20260927/VgYsw_zQeiyW.md,https://raw.githubusercontent.com/51chiguawang319/202609/main/20260927/VgYsw_zQeiyW.md
vGzBo_TOYsgx.md,泛二级1000份,健康医疗,300,https://github.com/51chiguawang319/202609/blob/main/20260927/vGzBo_TOYsgx.md,https://raw.githubusercontent.com/51chiguawang319/202609/main/20260927/vGzBo_TOYsgx.md
vgZZn_ZFCMNk.md,主域名3000份,财经商业,300,https://github.com/51chiguawang319/202609/blob/main/20260927/vgZZn_ZFCMNk.md,https://raw.githubusercontent.com/51chiguawang319/202609/main/20260927/vgZZn_ZFCMNk.md
vHgCK_jFHuJR.md,泛二级1000份,天气环境,300,https://github.com/51chiguawang319/202609/blob/main/20260927/vHgCK_jFHuJR.md,https://raw.githubusercontent.com/51chiguawang319/202609/main/20260927/vHgCK_jFHuJR.md
vhhmK_mUzzdC.md,主域名3000份,天气环境,300,https://github.com/51chiguawang319/202609/blob/main/20260927/vhhmK_mUzzdC.md,https://raw.githubusercontent.com/51chiguawang319/202609/main/20260927/vhhmK_mUzzdC.md
VHHzc_TnnadQ.md,主域名3000份,天气环境,300,https://github.com/51chiguawang319/202609/blob/main/20260927/VHHzc_TnnadQ.md,https://raw.githubusercontent.com/51chiguawang319/202609/main/20260927/VHHzc_TnnadQ.md
VHNGm_XRjUUA.md,主域名3000份,文化娱乐,300,https://github.com/51chiguawang319/202609/blob/main/20260927/VHNGm_XRjUUA.md,https://raw.githubusercontent.com/51chiguawang319/202609/main/20260927/VHNGm_XRjUUA.md
vHPkz_QICmCD.md,主域名3000份,财经商业,300,https://github.com/51chiguawang319/202609/blob/main/20260927/vHPkz_QICmCD.md,https://raw.githubusercontent.com/51chiguawang319/202609/main/20260927/vHPkz_QICmCD.md
vhQrW_rLNcUc.md,主域名3000份,健康医疗,300,https://github.com/51chiguawang319/202609/blob/main/20260927/vhQrW_rLNcUc.md,https://raw.githubusercontent.com/51chiguawang319/202609/main/20260927/vhQrW_rLNcUc.md
VhWpN_HvmVtC.md,主域名3000份,财经商业,300,https://github.com/51chiguawang319/202609/blob/main/20260927/VhWpN_HvmVtC.md,https://raw.githubusercontent.com/51chiguawang319/202609/main/20260927/VhWpN_HvmVtC.md
vhXIk_FLRkZT.md,主域名3000份,健康医疗,300,https://github.com/51chiguawang319/202609/blob/main/20260927/vhXIk_FLRkZT.md,https://raw.githubusercontent.com/51chiguawang319/202609/main/20260927/vhXIk_FLRkZT.md
vhYtJ_jprXeo.md,主域名3000份,体育赛事,300,https://github.com/51chiguawang319/202609/blob/main/20260927/vhYtJ_jprXeo.md,https://raw.githubusercontent.com/51chiguawang319/202609/main/20260927/vhYtJ_jprXeo.md
viDqf_WeREmM.md,主域名3000份,文化娱乐,300,https://github.com/51chiguawang319/202609/blob/main/20260927/viDqf_WeREmM.md,https://raw.githubusercontent.com/51chiguawang319/202609/main/20260927/viDqf_WeREmM.md
vIKXV_jGBFXz.md,主域名3000份,天气环境,300,https://github.com/51chiguawang319/202609/blob/main/20260927/vIKXV_jGBFXz.md,https://raw.githubusercontent.com/51chiguawang319/202609/main/20260927/vIKXV_jGBFXz.md
viWLb_YDtWnw.md,泛二级1000份,科技数码,300,https://github.com/51chiguawang319/202609/blob/main/20260927/viWLb_YDtWnw.md,https://raw.githubusercontent.com/51chiguawang319/202609/main/20260927/viWLb_YDtWnw.md
ViXqU_Vbtwrj.md,主域名3000份,科技数码,300,https://github.com/51chiguawang319/202609/blob/main/20260927/ViXqU_Vbtwrj.md,https://raw.githubusercontent.com/51chiguawang319/202609/main/20260927/ViXqU_Vbtwrj.md
viyNG_NoRLDw.md,主域名3000份,体育赛事,300,https://github.com/51chiguawang319/202609/blob/main/20260927/viyNG_NoRLDw.md,https://raw.githubusercontent.com/51chiguawang319/202609/main/20260927/viyNG_NoRLDw.md
vJjax_QPuofe.md,主域名3000份,科技数码,300,https://github.com/51chiguawang319/202609/blob/main/20260927/vJjax_QPuofe.md,https://raw.githubusercontent.com/51chiguawang319/202609/main/20260927/vJjax_QPuofe.md
VJnXz_eJGuXP.md,主域名3000份,文化娱乐,300,https://github.com/51chiguawang319/202609/blob/main/20260927/VJnXz_eJGuXP.md,https://raw.githubusercontent.com/51chiguawang319/202609/main/20260927/VJnXz_eJGuXP.md
VjrCF_KIQtID.md,主域名3000份,文化娱乐,300,https://github.com/51chiguawang319/202609/blob/main/20260927/VjrCF_KIQtID.md,https://raw.githubusercontent.com/51chiguawang319/202609/main/20260927/VjrCF_KIQtID.md
Vjwml_ozrnOF.md,主域名3000份,体育赛事,300,https://github.com/51chiguawang319/202609/blob/main/20260927/Vjwml_ozrnOF.md,https://raw.githubusercontent.com/51chiguawang319/202609/main/20260927/Vjwml_ozrnOF.md
Vkztd_tMAknt.md,主域名3000份,文化娱乐,300,https://github.com/51chiguawang319/202609/blob/main/20260927/Vkztd_tMAknt.md,https://raw.githubusercontent.com/51chiguawang319/202609/main/20260927/Vkztd_tMAknt.md
VLbRY_qdUGpk.md,主域名3000份,健康医疗,300,https://github.com/51chiguawang319/202609/blob/main/20260927/VLbRY_qdUGpk.md,https://raw.githubusercontent.com/51chiguawang319/202609/main/20260927/VLbRY_qdUGpk.md
vlyRv_ltyuMn.md,主域名3000份,天气环境,300,https://github.com/51chiguawang319/202609/blob/main/20260927/vlyRv_ltyuMn.md,https://raw.githubusercontent.com/51chiguawang319/202609/main/20260927/vlyRv_ltyuMn.md
VmaXj_wFWNfo.md,主域名3000份,财经商业,300,https://github.com/51chiguawang319/202609/blob/main/20260927/VmaXj_wFWNfo.md,https://raw.githubusercontent.com/51chiguawang319/202609/main/20260927/VmaXj_wFWNfo.md
vMbfO_OwMOha.md,泛二级1000份,科技数码,300,https://github.com/51chiguawang319/202609/blob/main/20260927/vMbfO_OwMOha.md,https://raw.githubusercontent.com/51chiguawang319/202609/main/20260927/vMbfO_OwMOha.md
vmIqH_IuWcfp.md,泛二级1000份,健康医疗,300,https://github.com/51chiguawang319/202609/blob/main/20260927/vmIqH_IuWcfp.md,https://raw.githubusercontent.com/51chiguawang319/202609/main/20260927/vmIqH_IuWcfp.md
vMkhA_FZSdlC.md,主域名3000份,体育赛事,300,https://github.com/51chiguawang319/202609/blob/main/20260927/vMkhA_FZSdlC.md,https://raw.githubusercontent.com/51chiguawang319/202609/main/20260927/vMkhA_FZSdlC.md
vmQCO_jJdQuy.md,主域名3000份,财经商业,300,https://github.com/51chiguawang319/202609/blob/main/20260927/vmQCO_jJdQuy.md,https://raw.githubusercontent.com/51chiguawang319/202609/main/20260927/vmQCO_jJdQuy.md
vMQsH_BiKUKo.md,主域名3000份,体育赛事,300,https://github.com/51chiguawang319/202609/blob/main/20260927/vMQsH_BiKUKo.md,https://raw.githubusercontent.com/51chiguawang319/202609/main/20260927/vMQsH_BiKUKo.md
vnazZ_sCSrHc.md,主域名3000份,文化娱乐,300,https://github.com/51chiguawang319/202609/blob/main/20260927/vnazZ_sCSrHc.md,https://raw.githubusercontent.com/51chiguawang319/202609/main/20260927/vnazZ_sCSrHc.md
VNBfl_OOYnNl.md,主域名3000份,体育赛事,300,https://github.com/51chiguawang319/202609/blob/main/20260927/VNBfl_OOYnNl.md,https://raw.githubusercontent.com/51chiguawang319/202609/main/20260927/VNBfl_OOYnNl.md
vNdog_ZztWeP.md,泛二级1000份,天气环境,300,https://github.com/51chiguawang319/202609/blob/main/20260927/vNdog_ZztWeP.md,https://raw.githubusercontent.com/51chiguawang319/202609/main/20260927/vNdog_ZztWeP.md
VNiTA_VBiRYL.md,主域名3000份,体育赛事,300,https://github.com/51chiguawang319/202609/blob/main/20260927/VNiTA_VBiRYL.md,https://raw.githubusercontent.com/51chiguawang319/202609/main/20260927/VNiTA_VBiRYL.md
vnkfI_lTREQX.md,泛二级1000份,体育赛事,300,https://github.com/51chiguawang319/202609/blob/main/20260927/vnkfI_lTREQX.md,https://raw.githubusercontent.com/51chiguawang319/202609/main/20260927/vnkfI_lTREQX.md
VnqMZ_xedjWs.md,主域名3000份,健康医疗,300,https://github.com/51chiguawang319/202609/blob/main/20260927/VnqMZ_xedjWs.md,https://raw.githubusercontent.com/51chiguawang319/202609/main/20260927/VnqMZ_xedjWs.md
vNsrO_LXbRht.md,泛二级1000份,文化娱乐,300,https://github.com/51chiguawang319/202609/blob/main/20260927/vNsrO_LXbRht.md,https://raw.githubusercontent.com/51chiguawang319/202609/main/20260927/vNsrO_LXbRht.md
vnsyM_qFvnfu.md,主域名3000份,体育赛事,300,https://github.com/51chiguawang319/202609/blob/main/20260927/vnsyM_qFvnfu.md,https://raw.githubusercontent.com/51chiguawang319/202609/main/20260927/vnsyM_qFvnfu.md
VnyrQ_xCzmYr.md,泛二级1000份,财经商业,300,https://github.com/51chiguawang319/202609/blob/main/20260927/VnyrQ_xCzmYr.md,https://raw.githubusercontent.com/51chiguawang319/202609/main/20260927/VnyrQ_xCzmYr.md
voAIo_jgPpRU.md,主域名3000份,科技数码,300,https://github.com/51chiguawang319/202609/blob/main/20260927/voAIo_jgPpRU.md,https://raw.githubusercontent.com/51chiguawang319/202609/main/20260927/voAIo_jgPpRU.md
VoBgr_VgITCl.md,主域名3000份,天气环境,300,https://github.com/51chiguawang319/202609/blob/main/20260927/VoBgr_VgITCl.md,https://raw.githubusercontent.com/51chiguawang319/202609/main/20260927/VoBgr_VgITCl.md
voCEt_IVWGCk.md,主域名3000份,体育赛事,300,https://github.com/51chiguawang319/202609/blob/main/20260927/voCEt_IVWGCk.md,https://raw.githubusercontent.com/51chiguawang319/202609/main/20260927/voCEt_IVWGCk.md
vOdTx_zfGRgi.md,主域名3000份,天气环境,300,https://github.com/51chiguawang319/202609/blob/main/20260927/vOdTx_zfGRgi.md,https://raw.githubusercontent.com/51chiguawang319/202609/main/20260927/vOdTx_zfGRgi.md
voraY_RAcpHp.md,泛二级1000份,科技数码,300,https://github.com/51chiguawang319/202609/blob/main/20260927/voraY_RAcpHp.md,https://raw.githubusercontent.com/51chiguawang319/202609/main/20260927/voraY_RAcpHp.md
vosLm_XCKSrD.md,主域名3000份,体育赛事,300,https://github.com/51chiguawang319/202609/blob/main/20260927/vosLm_XCKSrD.md,https://raw.githubusercontent.com/51chiguawang319/202609/main/20260927/vosLm_XCKSrD.md
vOWSg_UbDlNO.md,泛二级1000份,文化娱乐,300,https://github.com/51chiguawang319/202609/blob/main/20260927/vOWSg_UbDlNO.md,https://raw.githubusercontent.com/51chiguawang319/202609/main/20260927/vOWSg_UbDlNO.md
vpDSx_zwWygc.md,主域名3000份,健康医疗,300,https://github.com/51chiguawang319/202609/blob/main/20260927/vpDSx_zwWygc.md,https://raw.githubusercontent.com/51chiguawang319/202609/main/20260927/vpDSx_zwWygc.md
VpkBR_iUPyeZ.md,主域名3000份,科技数码,300,https://github.com/51chiguawang319/202609/blob/main/20260927/VpkBR_iUPyeZ.md,https://raw.githubusercontent.com/51chiguawang319/202609/main/20260927/VpkBR_iUPyeZ.md
vPnAu_NPcQEY.md,主域名3000份,天气环境,300,https://github.com/51chiguawang319/202609/blob/main/20260927/vPnAu_NPcQEY.md,https://raw.githubusercontent.com/51chiguawang319/202609/main/20260927/vPnAu_NPcQEY.md
vpNiI_velFJI.md,泛二级1000份,科技数码,300,https://github.com/51chiguawang319/202609/blob/main/20260927/vpNiI_velFJI.md,https://raw.githubusercontent.com/51chiguawang319/202609/main/20260927/vpNiI_velFJI.md
VqhHk_ApXYJZ.md,主域名3000份,财经商业,300,https://github.com/51chiguawang319/202609/blob/main/20260927/VqhHk_ApXYJZ.md,https://raw.githubusercontent.com/51chiguawang319/202609/main/20260927/VqhHk_ApXYJZ.md
vqIdV_GaqMMI.md,主域名3000份,体育赛事,300,https://github.com/51chiguawang319/202609/blob/main/20260927/vqIdV_GaqMMI.md,https://raw.githubusercontent.com/51chiguawang319/202609/main/20260927/vqIdV_GaqMMI.md
vqnhR_WXDkNB.md,主域名3000份,财经商业,300,https://github.com/51chiguawang319/202609/blob/main/20260927/vqnhR_WXDkNB.md,https://raw.githubusercontent.com/51chiguawang319/202609/main/20260927/vqnhR_WXDkNB.md
vQtEE_eoWGJw.md,泛二级1000份,天气环境,300,https://github.com/51chiguawang319/202609/blob/main/20260927/vQtEE_eoWGJw.md,https://raw.githubusercontent.com/51chiguawang319/202609/main/20260927/vQtEE_eoWGJw.md
VQyNW_elZeWp.md,泛二级1000份,文化娱乐,300,https://github.com/51chiguawang319/202609/blob/main/20260927/VQyNW_elZeWp.md,https://raw.githubusercontent.com/51chiguawang319/202609/main/20260927/VQyNW_elZeWp.md
vRfNu_NTzkvL.md,主域名3000份,健康医疗,300,https://github.com/51chiguawang319/202609/blob/main/20260927/vRfNu_NTzkvL.md,https://raw.githubusercontent.com/51chiguawang319/202609/main/20260927/vRfNu_NTzkvL.md
Vrgai_dbFflw.md,主域名3000份,财经商业,300,https://github.com/51chiguawang319/202609/blob/main/20260927/Vrgai_dbFflw.md,https://raw.githubusercontent.com/51chiguawang319/202609/main/20260927/Vrgai_dbFflw.md
VrOnu_tTRbLe.md,主域名3000份,科技数码,300,https://github.com/51chiguawang319/202609/blob/main/20260927/VrOnu_tTRbLe.md,https://raw.githubusercontent.com/51chiguawang319/202609/main/20260927/VrOnu_tTRbLe.md
VRSNd_UkKBhm.md,泛二级1000份,天气环境,300,https://github.com/51chiguawang319/202609/blob/main/20260927/VRSNd_UkKBhm.md,https://raw.githubusercontent.com/51chiguawang319/202609/main/20260927/VRSNd_UkKBhm.md
VSBrb_SLsFih.md,主域名3000份,科技数码,300,https://github.com/51chiguawang319/202609/blob/main/20260927/VSBrb_SLsFih.md,https://raw.githubusercontent.com/51chiguawang319/202609/main/20260927/VSBrb_SLsFih.md
vsCaA_kLmSVx.md,主域名3000份,体育赛事,300,https://github.com/51chiguawang319/202609/blob/main/20260927/vsCaA_kLmSVx.md,https://raw.githubusercontent.com/51chiguawang319/202609/main/20260927/vsCaA_kLmSVx.md
vsfLy_eTGUeT.md,泛二级1000份,文化娱乐,300,https://github.com/51chiguawang319/202609/blob/main/20260927/vsfLy_eTGUeT.md,https://raw.githubusercontent.com/51chiguawang319/202609/main/20260927/vsfLy_eTGUeT.md
VTCba_RgIdZb.md,泛二级1000份,健康医疗,300,https://github.com/51chiguawang319/202609/blob/main/20260927/VTCba_RgIdZb.md,https://raw.githubusercontent.com/51chiguawang319/202609/main/20260927/VTCba_RgIdZb.md
VTdbD_RShjrb.md,泛二级1000份,文化娱乐,300,https://github.com/51chiguawang319/202609/blob/main/20260927/VTdbD_RShjrb.md,https://raw.githubusercontent.com/51chiguawang319/202609/main/20260927/VTdbD_RShjrb.md
vtDnH_XJRVuz.md,主域名3000份,天气环境,300,https://github.com/51chiguawang319/202609/blob/main/20260927/vtDnH_XJRVuz.md,https://raw.githubusercontent.com/51chiguawang319/202609/main/20260927/vtDnH_XJRVuz.md
VTDPo_SWnHoB.md,泛二级1000份,天气环境,300,https://github.com/51chiguawang319/202609/blob/main/20260927/VTDPo_SWnHoB.md,https://raw.githubusercontent.com/51chiguawang319/202609/main/20260927/VTDPo_SWnHoB.md
vTKTf_TtCggQ.md,主域名3000份,文化娱乐,300,https://github.com/51chiguawang319/202609/blob/main/20260927/vTKTf_TtCggQ.md,https://raw.githubusercontent.com/51chiguawang319/202609/main/20260927/vTKTf_TtCggQ.md
vTUYZ_Doeqyx.md,主域名3000份,健康医疗,300,https://github.com/51chiguawang319/202609/blob/main/20260927/vTUYZ_Doeqyx.md,https://raw.githubusercontent.com/51chiguawang319/202609/main/20260927/vTUYZ_Doeqyx.md
vueWz_mQrUvs.md,主域名3000份,文化娱乐,300,https://github.com/51chiguawang319/202609/blob/main/20260927/vueWz_mQrUvs.md,https://raw.githubusercontent.com/51chiguawang319/202609/main/20260927/vueWz_mQrUvs.md
vUFfq_uBICsY.md,主域名3000份,体育赛事,300,https://github.com/51chiguawang319/202609/blob/main/20260927/vUFfq_uBICsY.md,https://raw.githubusercontent.com/51chiguawang319/202609/main/20260927/vUFfq_uBICsY.md
vuIwH_vsEgaV.md,主域名3000份,天气环境,300,https://github.com/51chiguawang319/202609/blob/main/20260927/vuIwH_vsEgaV.md,https://raw.githubusercontent.com/51chiguawang319/202609/main/20260927/vuIwH_vsEgaV.md
VuixX_GKSgDD.md,主域名3000份,天气环境,300,https://github.com/51chiguawang319/202609/blob/main/20260927/VuixX_GKSgDD.md,https://raw.githubusercontent.com/51chiguawang319/202609/main/20260927/VuixX_GKSgDD.md
vUnjo_NntHTk.md,主域名3000份,科技数码,300,https://github.com/51chiguawang319/202609/blob/main/20260927/vUnjo_NntHTk.md,https://raw.githubusercontent.com/51chiguawang319/202609/main/20260927/vUnjo_NntHTk.md
vuOwu_mIaeSI.md,主域名3000份,健康医疗,300,https://github.com/51chiguawang319/202609/blob/main/20260927/vuOwu_mIaeSI.md,https://raw.githubusercontent.com/51chiguawang319/202609/main/20260927/vuOwu_mIaeSI.md
vUTUs_TzIkhc.md,主域名3000份,体育赛事,300,https://github.com/51chiguawang319/202609/blob/main/20260927/vUTUs_TzIkhc.md,https://raw.githubusercontent.com/51chiguawang319/202609/main/20260927/vUTUs_TzIkhc.md
VUvOl_TfDhye.md,主域名3000份,科技数码,300,https://github.com/51chiguawang319/202609/blob/main/20260927/VUvOl_TfDhye.md,https://raw.githubusercontent.com/51chiguawang319/202609/main/20260927/VUvOl_TfDhye.md
vVhPM_YbiRKE.md,主域名3000份,天气环境,300,https://github.com/51chiguawang319/202609/blob/main/20260927/vVhPM_YbiRKE.md,https://raw.githubusercontent.com/51chiguawang319/202609/main/20260927/vVhPM_YbiRKE.md
vvhyF_JCusTo.md,主域名3000份,天气环境,300,https://github.com/51chiguawang319/202609/blob/main/20260927/vvhyF_JCusTo.md,https://raw.githubusercontent.com/51chiguawang319/202609/main/20260927/vvhyF_JCusTo.md
VvilB_NjWeGR.md,主域名3000份,文化娱乐,300,https://github.com/51chiguawang319/202609/blob/main/20260927/VvilB_NjWeGR.md,https://raw.githubusercontent.com/51chiguawang319/202609/main/20260927/VvilB_NjWeGR.md
vVPrv_vjrbDq.md,主域名3000份,科技数码,300,https://github.com/51chiguawang319/202609/blob/main/20260927/vVPrv_vjrbDq.md,https://raw.githubusercontent.com/51chiguawang319/202609/main/20260927/vVPrv_vjrbDq.md
Vvqpi_ZLGoYE.md,主域名3000份,文化娱乐,300,https://github.com/51chiguawang319/202609/blob/main/20260927/Vvqpi_ZLGoYE.md,https://raw.githubusercontent.com/51chiguawang319/202609/main/20260927/Vvqpi_ZLGoYE.md
VVzMZ_YcjKfr.md,主域名3000份,财经商业,300,https://github.com/51chiguawang319/202609/blob/main/20260927/VVzMZ_YcjKfr.md,https://raw.githubusercontent.com/51chiguawang319/202609/main/20260927/VVzMZ_YcjKfr.md
vWRdd_FyNnGg.md,主域名3000份,天气环境,300,https://github.com/51chiguawang319/202609/blob/main/20260927/vWRdd_FyNnGg.md,https://raw.githubusercontent.com/51chiguawang319/202609/main/20260927/vWRdd_FyNnGg.md
vwsPc_ALKdsD.md,主域名3000份,健康医疗,300,https://github.com/51chiguawang319/202609/blob/main/20260927/vwsPc_ALKdsD.md,https://raw.githubusercontent.com/51chiguawang319/202609/main/20260927/vwsPc_ALKdsD.md
VWtoG_pQtJWh.md,主域名3000份,文化娱乐,300,https://github.com/51chiguawang319/202609/blob/main/20260927/VWtoG_pQtJWh.md,https://raw.githubusercontent.com/51chiguawang319/202609/main/20260927/VWtoG_pQtJWh.md
vWyTE_spGBct.md,主域名3000份,健康医疗,300,https://github.com/51chiguawang319/202609/blob/main/20260927/vWyTE_spGBct.md,https://raw.githubusercontent.com/51chiguawang319/202609/main/20260927/vWyTE_spGBct.md
vXaKZ_uHIYrP.md,主域名3000份,科技数码,300,https://github.com/51chiguawang319/202609/blob/main/20260927/vXaKZ_uHIYrP.md,https://raw.githubusercontent.com/51chiguawang319/202609/main/20260927/vXaKZ_uHIYrP.md
VxDto_OnWSFs.md,主域名3000份,健康医疗,300,https://github.com/51chiguawang319/202609/blob/main/20260927/VxDto_OnWSFs.md,https://raw.githubusercontent.com/51chiguawang319/202609/main/20260927/VxDto_OnWSFs.md
vXhJq_dNLPEe.md,主域名3000份,财经商业,300,https://github.com/51chiguawang319/202609/blob/main/20260927/vXhJq_dNLPEe.md,https://raw.githubusercontent.com/51chiguawang319/202609/main/20260927/vXhJq_dNLPEe.md
vxMUC_rHxeqL.md,泛二级1000份,财经商业,300,https://github.com/51chiguawang319/202609/blob/main/20260927/vxMUC_rHxeqL.md,https://raw.githubusercontent.com/51chiguawang319/202609/main/20260927/vxMUC_rHxeqL.md
VxomT_ggliBL.md,泛二级1000份,健康医疗,300,https://github.com/51chiguawang319/202609/blob/main/20260927/VxomT_ggliBL.md,https://raw.githubusercontent.com/51chiguawang319/202609/main/20260927/VxomT_ggliBL.md
vXxPg_SUOpFO.md,主域名3000份,文化娱乐,300,https://github.com/51chiguawang319/202609/blob/main/20260927/vXxPg_SUOpFO.md,https://raw.githubusercontent.com/51chiguawang319/202609/main/20260927/vXxPg_SUOpFO.md
VXyTr_uFgjLQ.md,主域名3000份,文化娱乐,300,https://github.com/51chiguawang319/202609/blob/main/20260927/VXyTr_uFgjLQ.md,https://raw.githubusercontent.com/51chiguawang319/202609/main/20260927/VXyTr_uFgjLQ.md
VYAhX_FFYtbg.md,泛二级1000份,体育赛事,300,https://github.com/51chiguawang319/202609/blob/main/20260927/VYAhX_FFYtbg.md,https://raw.githubusercontent.com/51chiguawang319/202609/main/20260927/VYAhX_FFYtbg.md
vyawC_OPzbbp.md,泛二级1000份,文化娱乐,300,https://github.com/51chiguawang319/202609/blob/main/20260927/vyawC_OPzbbp.md,https://raw.githubusercontent.com/51chiguawang319/202609/main/20260927/vyawC_OPzbbp.md
VyDUV_NFyhlj.md,主域名3000份,体育赛事,300,https://github.com/51chiguawang319/202609/blob/main/20260927/VyDUV_NFyhlj.md,https://raw.githubusercontent.com/51chiguawang319/202609/main/20260927/VyDUV_NFyhlj.md
VYFbY_ZKJnvl.md,主域名3000份,天气环境,300,https://github.com/51chiguawang319/202609/blob/main/20260927/VYFbY_ZKJnvl.md,https://raw.githubusercontent.com/51chiguawang319/202609/main/20260927/VYFbY_ZKJnvl.md
vYlQF_tTtJfA.md,主域名3000份,财经商业,300,https://github.com/51chiguawang319/202609/blob/main/20260927/vYlQF_tTtJfA.md,https://raw.githubusercontent.com/51chiguawang319/202609/main/20260927/vYlQF_tTtJfA.md
VyNrH_xDNtXJ.md,主域名3000份,财经商业,300,https://github.com/51chiguawang319/202609/blob/main/20260927/VyNrH_xDNtXJ.md,https://raw.githubusercontent.com/51chiguawang319/202609/main/20260927/VyNrH_xDNtXJ.md
vypUU_quXkYv.md,主域名3000份,文化娱乐,300,https://github.com/51chiguawang319/202609/blob/main/20260927/vypUU_quXkYv.md,https://raw.githubusercontent.com/51chiguawang319/202609/main/20260927/vypUU_quXkYv.md
vYRQO_gdLmML.md,泛二级1000份,财经商业,300,https://github.com/51chiguawang319/202609/blob/main/20260927/vYRQO_gdLmML.md,https://raw.githubusercontent.com/51chiguawang319/202609/main/20260927/vYRQO_gdLmML.md
vYuzT_VvcWoG.md,主域名3000份,文化娱乐,300,https://github.com/51chiguawang319/202609/blob/main/20260927/vYuzT_VvcWoG.md,https://raw.githubusercontent.com/51chiguawang319/202609/main/20260927/vYuzT_VvcWoG.md
vzDKb_MeVjEc.md,主域名3000份,科技数码,300,https://github.com/51chiguawang319/202609/blob/main/20260927/vzDKb_MeVjEc.md,https://raw.githubusercontent.com/51chiguawang319/202609/main/20260927/vzDKb_MeVjEc.md
vzifG_xKqGGm.md,主域名3000份,文化娱乐,300,https://github.com/51chiguawang319/202609/blob/main/20260927/vzifG_xKqGGm.md,https://raw.githubusercontent.com/51chiguawang319/202609/main/20260927/vzifG_xKqGGm.md
VzpVL_eNEacK.md,泛二级1000份,体育赛事,300,https://github.com/51chiguawang319/202609/blob/main/20260927/VzpVL_eNEacK.md,https://raw.githubusercontent.com/51chiguawang319/202609/main/20260927/VzpVL_eNEacK.md
VzqeQ_DsclqN.md,泛二级1000份,文化娱乐,300,https://github.com/51chiguawang319/202609/blob/main/20260927/VzqeQ_DsclqN.md,https://raw.githubusercontent.com/51chiguawang319/202609/main/20260927/VzqeQ_DsclqN.md
VZwPG_syGuZe.md,主域名3000份,文化娱乐,300,https://github.com/51chiguawang319/202609/blob/main/20260927/VZwPG_syGuZe.md,https://raw.githubusercontent.com/51chiguawang319/202609/main/20260927/VZwPG_syGuZe.md
vZWRm_IEYCaQ.md,主域名3000份,文化娱乐,300,https://github.com/51chiguawang319/202609/blob/main/20260927/vZWRm_IEYCaQ.md,https://raw.githubusercontent.com/51chiguawang319/202609/main/20260927/vZWRm_IEYCaQ.md
wAiRu_ISTsBO.md,主域名3000份,体育赛事,300,https://github.com/51chiguawang319/202609/blob/main/20260927/wAiRu_ISTsBO.md,https://raw.githubusercontent.com/51chiguawang319/202609/main/20260927/wAiRu_ISTsBO.md
wAkxY_wfkTom.md,主域名3000份,天气环境,300,https://github.com/51chiguawang319/202609/blob/main/20260927/wAkxY_wfkTom.md,https://raw.githubusercontent.com/51chiguawang319/202609/main/20260927/wAkxY_wfkTom.md
waylV_GtCAIt.md,泛二级1000份,体育赛事,300,https://github.com/51chiguawang319/202609/blob/main/20260927/waylV_GtCAIt.md,https://raw.githubusercontent.com/51chiguawang319/202609/main/20260927/waylV_GtCAIt.md
WBGuX_XBEtam.md,主域名3000份,文化娱乐,300,https://github.com/51chiguawang319/202609/blob/main/20260927/WBGuX_XBEtam.md,https://raw.githubusercontent.com/51chiguawang319/202609/main/20260927/WBGuX_XBEtam.md
WbqtZ_pNcSwj.md,主域名3000份,天气环境,300,https://github.com/51chiguawang319/202609/blob/main/20260927/WbqtZ_pNcSwj.md,https://raw.githubusercontent.com/51chiguawang319/202609/main/20260927/WbqtZ_pNcSwj.md
WBrAk_aiGkze.md,泛二级1000份,文化娱乐,300,https://github.com/51chiguawang319/202609/blob/main/20260927/WBrAk_aiGkze.md,https://raw.githubusercontent.com/51chiguawang319/202609/main/20260927/WBrAk_aiGkze.md
wBUWb_yqMeWB.md,泛二级1000份,科技数码,300,https://github.com/51chiguawang319/202609/blob/main/20260927/wBUWb_yqMeWB.md,https://raw.githubusercontent.com/51chiguawang319/202609/main/20260927/wBUWb_yqMeWB.md
WCbha_TogzHz.md,泛二级1000份,天气环境,300,https://github.com/51chiguawang319/202609/blob/main/20260927/WCbha_TogzHz.md,https://raw.githubusercontent.com/51chiguawang319/202609/main/20260927/WCbha_TogzHz.md
wCBXK_xjcZJm.md,主域名3000份,天气环境,300,https://github.com/51chiguawang319/202609/blob/main/20260927/wCBXK_xjcZJm.md,https://raw.githubusercontent.com/51chiguawang319/202609/main/20260927/wCBXK_xjcZJm.md
wcFmz_rkNAvR.md,主域名3000份,科技数码,300,https://github.com/51chiguawang319/202609/blob/main/20260927/wcFmz_rkNAvR.md,https://raw.githubusercontent.com/51chiguawang319/202609/main/20260927/wcFmz_rkNAvR.md
wCFYt_ghsZrI.md,主域名3000份,体育赛事,300,https://github.com/51chiguawang319/202609/blob/main/20260927/wCFYt_ghsZrI.md,https://raw.githubusercontent.com/51chiguawang319/202609/main/20260927/wCFYt_ghsZrI.md
WckQv_HibwfI.md,主域名3000份,财经商业,300,https://github.com/51chiguawang319/202609/blob/main/20260927/WckQv_HibwfI.md,https://raw.githubusercontent.com/51chiguawang319/202609/main/20260927/WckQv_HibwfI.md
WCNkx_XmqJcb.md,主域名3000份,科技数码,300,https://github.com/51chiguawang319/202609/blob/main/20260927/WCNkx_XmqJcb.md,https://raw.githubusercontent.com/51chiguawang319/202609/main/20260927/WCNkx_XmqJcb.md
wCnQG_clvLxQ.md,泛二级1000份,财经商业,300,https://github.com/51chiguawang319/202609/blob/main/20260927/wCnQG_clvLxQ.md,https://raw.githubusercontent.com/51chiguawang319/202609/main/20260927/wCnQG_clvLxQ.md
wctkK_nGopma.md,主域名3000份,科技数码,300,https://github.com/51chiguawang319/202609/blob/main/20260927/wctkK_nGopma.md,https://raw.githubusercontent.com/51chiguawang319/202609/main/20260927/wctkK_nGopma.md
wCuUi_MUCMsx.md,泛二级1000份,文化娱乐,300,https://github.com/51chiguawang319/202609/blob/main/20260927/wCuUi_MUCMsx.md,https://raw.githubusercontent.com/51chiguawang319/202609/main/20260927/wCuUi_MUCMsx.md
WcxJh_hJQjlM.md,主域名3000份,体育赛事,300,https://github.com/51chiguawang319/202609/blob/main/20260927/WcxJh_hJQjlM.md,https://raw.githubusercontent.com/51chiguawang319/202609/main/20260927/WcxJh_hJQjlM.md
WCYYk_vQddYt.md,主域名3000份,天气环境,300,https://github.com/51chiguawang319/202609/blob/main/20260927/WCYYk_vQddYt.md,https://raw.githubusercontent.com/51chiguawang319/202609/main/20260927/WCYYk_vQddYt.md
WDAbz_hyJAiF.md,主域名3000份,体育赛事,300,https://github.com/51chiguawang319/202609/blob/main/20260927/WDAbz_hyJAiF.md,https://raw.githubusercontent.com/51chiguawang319/202609/main/20260927/WDAbz_hyJAiF.md
WDaRO_cYMdgJ.md,主域名3000份,财经商业,300,https://github.com/51chiguawang319/202609/blob/main/20260927/WDaRO_cYMdgJ.md,https://raw.githubusercontent.com/51chiguawang319/202609/main/20260927/WDaRO_cYMdgJ.md
WdIRd_IQxQjp.md,主域名3000份,体育赛事,300,https://github.com/51chiguawang319/202609/blob/main/20260927/WdIRd_IQxQjp.md,https://raw.githubusercontent.com/51chiguawang319/202609/main/20260927/WdIRd_IQxQjp.md
WEdIi_MqLZud.md,主域名3000份,科技数码,300,https://github.com/51chiguawang319/202609/blob/main/20260927/WEdIi_MqLZud.md,https://raw.githubusercontent.com/51chiguawang319/202609/main/20260927/WEdIi_MqLZud.md
wEHAN_OUzEoE.md,主域名3000份,健康医疗,300,https://github.com/51chiguawang319/202609/blob/main/20260927/wEHAN_OUzEoE.md,https://raw.githubusercontent.com/51chiguawang319/202609/main/20260927/wEHAN_OUzEoE.md
Wekjp_TqcrOg.md,主域名3000份,文化娱乐,300,https://github.com/51chiguawang319/202609/blob/main/20260927/Wekjp_TqcrOg.md,https://raw.githubusercontent.com/51chiguawang319/202609/main/20260927/Wekjp_TqcrOg.md
WENAc_kSoIGQ.md,主域名3000份,财经商业,300,https://github.com/51chiguawang319/202609/blob/main/20260927/WENAc_kSoIGQ.md,https://raw.githubusercontent.com/51chiguawang319/202609/main/20260927/WENAc_kSoIGQ.md
wesJW_fznWSJ.md,泛二级1000份,财经商业,300,https://github.com/51chiguawang319/202609/blob/main/20260927/wesJW_fznWSJ.md,https://raw.githubusercontent.com/51chiguawang319/202609/main/20260927/wesJW_fznWSJ.md
WfCEx_NFRVsX.md,主域名3000份,财经商业,300,https://github.com/51chiguawang319/202609/blob/main/20260927/WfCEx_NFRVsX.md,https://raw.githubusercontent.com/51chiguawang319/202609/main/20260927/WfCEx_NFRVsX.md
wfdTg_dBUvun.md,主域名3000份,天气环境,300,https://github.com/51chiguawang319/202609/blob/main/20260927/wfdTg_dBUvun.md,https://raw.githubusercontent.com/51chiguawang319/202609/main/20260927/wfdTg_dBUvun.md
wFHEN_lVkCVq.md,主域名3000份,财经商业,300,https://github.com/51chiguawang319/202609/blob/main/20260927/wFHEN_lVkCVq.md,https://raw.githubusercontent.com/51chiguawang319/202609/main/20260927/wFHEN_lVkCVq.md
wfHnu_UVnfGx.md,泛二级1000份,文化娱乐,300,https://github.com/51chiguawang319/202609/blob/main/20260927/wfHnu_UVnfGx.md,https://raw.githubusercontent.com/51chiguawang319/202609/main/20260927/wfHnu_UVnfGx.md
wfMhg_MLxxOi.md,主域名3000份,科技数码,300,https://github.com/51chiguawang319/202609/blob/main/20260927/wfMhg_MLxxOi.md,https://raw.githubusercontent.com/51chiguawang319/202609/main/20260927/wfMhg_MLxxOi.md
wFoOY_KKFgfo.md,主域名3000份,天气环境,300,https://github.com/51chiguawang319/202609/blob/main/20260927/wFoOY_KKFgfo.md,https://raw.githubusercontent.com/51chiguawang319/202609/main/20260927/wFoOY_KKFgfo.md
WfZnG_mVYOdd.md,主域名3000份,健康医疗,300,https://github.com/51chiguawang319/202609/blob/main/20260927/WfZnG_mVYOdd.md,https://raw.githubusercontent.com/51chiguawang319/202609/main/20260927/WfZnG_mVYOdd.md
wgbtK_zIvAOZ.md,主域名3000份,文化娱乐,300,https://github.com/51chiguawang319/202609/blob/main/20260927/wgbtK_zIvAOZ.md,https://raw.githubusercontent.com/51chiguawang319/202609/main/20260927/wgbtK_zIvAOZ.md
wgyIS_mKYXWj.md,主域名3000份,科技数码,300,https://github.com/51chiguawang319/202609/blob/main/20260927/wgyIS_mKYXWj.md,https://raw.githubusercontent.com/51chiguawang319/202609/main/20260927/wgyIS_mKYXWj.md
wgyMz_GdPBab.md,主域名3000份,健康医疗,300,https://github.com/51chiguawang319/202609/blob/main/20260927/wgyMz_GdPBab.md,https://raw.githubusercontent.com/51chiguawang319/202609/main/20260927/wgyMz_GdPBab.md
WhedG_eTduvE.md,主域名3000份,科技数码,300,https://github.com/51chiguawang319/202609/blob/main/20260927/WhedG_eTduvE.md,https://raw.githubusercontent.com/51chiguawang319/202609/main/20260927/WhedG_eTduvE.md
WhgBq_ylyZUc.md,主域名3000份,天气环境,300,https://github.com/51chiguawang319/202609/blob/main/20260927/WhgBq_ylyZUc.md,https://raw.githubusercontent.com/51chiguawang319/202609/main/20260927/WhgBq_ylyZUc.md
WHqJS_pEfyYC.md,泛二级1000份,财经商业,300,https://github.com/51chiguawang319/202609/blob/main/20260927/WHqJS_pEfyYC.md,https://raw.githubusercontent.com/51chiguawang319/202609/main/20260927/WHqJS_pEfyYC.md
WiBGR_vrrPKD.md,主域名3000份,体育赛事,300,https://github.com/51chiguawang319/202609/blob/main/20260927/WiBGR_vrrPKD.md,https://raw.githubusercontent.com/51chiguawang319/202609/main/20260927/WiBGR_vrrPKD.md
wIbuV_ZDxrAM.md,主域名3000份,天气环境,300,https://github.com/51chiguawang319/202609/blob/main/20260927/wIbuV_ZDxrAM.md,https://raw.githubusercontent.com/51chiguawang319/202609/main/20260927/wIbuV_ZDxrAM.md
Wicmn_phJUys.md,主域名3000份,天气环境,300,https://github.com/51chiguawang319/202609/blob/main/20260927/Wicmn_phJUys.md,https://raw.githubusercontent.com/51chiguawang319/202609/main/20260927/Wicmn_phJUys.md
wIPvZ_GzNPPm.md,主域名3000份,天气环境,300,https://github.com/51chiguawang319/202609/blob/main/20260927/wIPvZ_GzNPPm.md,https://raw.githubusercontent.com/51chiguawang319/202609/main/20260927/wIPvZ_GzNPPm.md
WIrdh_DhFiGT.md,泛二级1000份,科技数码,300,https://github.com/51chiguawang319/202609/blob/main/20260927/WIrdh_DhFiGT.md,https://raw.githubusercontent.com/51chiguawang319/202609/main/20260927/WIrdh_DhFiGT.md
WIslf_alfQbR.md,主域名3000份,天气环境,300,https://github.com/51chiguawang319/202609/blob/main/20260927/WIslf_alfQbR.md,https://raw.githubusercontent.com/51chiguawang319/202609/main/20260927/WIslf_alfQbR.md
WIzKQ_MgXNpD.md,主域名3000份,健康医疗,300,https://github.com/51chiguawang319/202609/blob/main/20260927/WIzKQ_MgXNpD.md,https://raw.githubusercontent.com/51chiguawang319/202609/main/20260927/WIzKQ_MgXNpD.md
wjAYp_vWilTC.md,泛二级1000份,天气环境,300,https://github.com/51chiguawang319/202609/blob/main/20260927/wjAYp_vWilTC.md,https://raw.githubusercontent.com/51chiguawang319/202609/main/20260927/wjAYp_vWilTC.md
wJBJu_kSBVDm.md,主域名3000份,科技数码,300,https://github.com/51chiguawang319/202609/blob/main/20260927/wJBJu_kSBVDm.md,https://raw.githubusercontent.com/51chiguawang319/202609/main/20260927/wJBJu_kSBVDm.md
WJtLD_mcmJWr.md,主域名3000份,健康医疗,300,https://github.com/51chiguawang319/202609/blob/main/20260927/WJtLD_mcmJWr.md,https://raw.githubusercontent.com/51chiguawang319/202609/main/20260927/WJtLD_mcmJWr.md
WJuXO_dLORgT.md,泛二级1000份,天气环境,300,https://github.com/51chiguawang319/202609/blob/main/20260927/WJuXO_dLORgT.md,https://raw.githubusercontent.com/51chiguawang319/202609/main/20260927/WJuXO_dLORgT.md
wKnAe_fGxDkG.md,泛二级1000份,天气环境,300,https://github.com/51chiguawang319/202609/blob/main/20260927/wKnAe_fGxDkG.md,https://raw.githubusercontent.com/51chiguawang319/202609/main/20260927/wKnAe_fGxDkG.md
WkqSs_OyDMNv.md,泛二级1000份,财经商业,300,https://github.com/51chiguawang319/202609/blob/main/20260927/WkqSs_OyDMNv.md,https://raw.githubusercontent.com/51chiguawang319/202609/main/20260927/WkqSs_OyDMNv.md
WKrHF_FRarck.md,主域名3000份,文化娱乐,300,https://github.com/51chiguawang319/202609/blob/main/20260927/WKrHF_FRarck.md,https://raw.githubusercontent.com/51chiguawang319/202609/main/20260927/WKrHF_FRarck.md
wkrzA_OgbTjo.md,主域名3000份,健康医疗,300,https://github.com/51chiguawang319/202609/blob/main/20260927/wkrzA_OgbTjo.md,https://raw.githubusercontent.com/51chiguawang319/202609/main/20260927/wkrzA_OgbTjo.md
WKspG_HijHDA.md,主域名3000份,健康医疗,300,https://github.com/51chiguawang319/202609/blob/main/20260927/WKspG_HijHDA.md,https://raw.githubusercontent.com/51chiguawang319/202609/main/20260927/WKspG_HijHDA.md
wkZMk_XbQBRP.md,主域名3000份,科技数码,300,https://github.com/51chiguawang319/202609/blob/main/20260927/wkZMk_XbQBRP.md,https://raw.githubusercontent.com/51chiguawang319/202609/main/20260927/wkZMk_XbQBRP.md
wlORc_DgfcxL.md,泛二级1000份,体育赛事,300,https://github.com/51chiguawang319/202609/blob/main/20260927/wlORc_DgfcxL.md,https://raw.githubusercontent.com/51chiguawang319/202609/main/20260927/wlORc_DgfcxL.md
wlpRe_PuetnO.md,主域名3000份,财经商业,300,https://github.com/51chiguawang319/202609/blob/main/20260927/wlpRe_PuetnO.md,https://raw.githubusercontent.com/51chiguawang319/202609/main/20260927/wlpRe_PuetnO.md
wLVJX_KHlnLi.md,主域名3000份,科技数码,300,https://github.com/51chiguawang319/202609/blob/main/20260927/wLVJX_KHlnLi.md,https://raw.githubusercontent.com/51chiguawang319/202609/main/20260927/wLVJX_KHlnLi.md
WLvLu_KyAMfN.md,主域名3000份,体育赛事,300,https://github.com/51chiguawang319/202609/blob/main/20260927/WLvLu_KyAMfN.md,https://raw.githubusercontent.com/51chiguawang319/202609/main/20260927/WLvLu_KyAMfN.md
WLyWM_jLymnO.md,主域名3000份,天气环境,300,https://github.com/51chiguawang319/202609/blob/main/20260927/WLyWM_jLymnO.md,https://raw.githubusercontent.com/51chiguawang319/202609/main/20260927/WLyWM_jLymnO.md
WMmcO_ssySIh.md,泛二级1000份,文化娱乐,300,https://github.com/51chiguawang319/202609/blob/main/20260927/WMmcO_ssySIh.md,https://raw.githubusercontent.com/51chiguawang319/202609/main/20260927/WMmcO_ssySIh.md
Wmmzx_dTdVqW.md,主域名3000份,天气环境,300,https://github.com/51chiguawang319/202609/blob/main/20260927/Wmmzx_dTdVqW.md,https://raw.githubusercontent.com/51chiguawang319/202609/main/20260927/Wmmzx_dTdVqW.md
WMoeA_OYvgBn.md,主域名3000份,天气环境,300,https://github.com/51chiguawang319/202609/blob/main/20260927/WMoeA_OYvgBn.md,https://raw.githubusercontent.com/51chiguawang319/202609/main/20260927/WMoeA_OYvgBn.md
wmwdS_EgatnT.md,主域名3000份,科技数码,300,https://github.com/51chiguawang319/202609/blob/main/20260927/wmwdS_EgatnT.md,https://raw.githubusercontent.com/51chiguawang319/202609/main/20260927/wmwdS_EgatnT.md
wMwvz_imgJti.md,主域名3000份,科技数码,300,https://github.com/51chiguawang319/202609/blob/main/20260927/wMwvz_imgJti.md,https://raw.githubusercontent.com/51chiguawang319/202609/main/20260927/wMwvz_imgJti.md
wMxwd_MDhScv.md,主域名3000份,健康医疗,300,https://github.com/51chiguawang319/202609/blob/main/20260927/wMxwd_MDhScv.md,https://raw.githubusercontent.com/51chiguawang319/202609/main/20260927/wMxwd_MDhScv.md
WnavI_xasyXn.md,主域名3000份,健康医疗,300,https://github.com/51chiguawang319/202609/blob/main/20260927/WnavI_xasyXn.md,https://raw.githubusercontent.com/51chiguawang319/202609/main/20260927/WnavI_xasyXn.md
WNFnw_mZHlvA.md,泛二级1000份,科技数码,300,https://github.com/51chiguawang319/202609/blob/main/20260927/WNFnw_mZHlvA.md,https://raw.githubusercontent.com/51chiguawang319/202609/main/20260927/WNFnw_mZHlvA.md
wNnFE_ypuVuI.md,主域名3000份,天气环境,300,https://github.com/51chiguawang319/202609/blob/main/20260927/wNnFE_ypuVuI.md,https://raw.githubusercontent.com/51chiguawang319/202609/main/20260927/wNnFE_ypuVuI.md
WNObl_wmRwjz.md,泛二级1000份,体育赛事,300,https://github.com/51chiguawang319/202609/blob/main/20260927/WNObl_wmRwjz.md,https://raw.githubusercontent.com/51chiguawang319/202609/main/20260927/WNObl_wmRwjz.md
wNSjA_WPSdcH.md,主域名3000份,科技数码,300,https://github.com/51chiguawang319/202609/blob/main/20260927/wNSjA_WPSdcH.md,https://raw.githubusercontent.com/51chiguawang319/202609/main/20260927/wNSjA_WPSdcH.md
WNtrp_AljQHF.md,泛二级1000份,体育赛事,300,https://github.com/51chiguawang319/202609/blob/main/20260927/WNtrp_AljQHF.md,https://raw.githubusercontent.com/51chiguawang319/202609/main/20260927/WNtrp_AljQHF.md
WNwJf_woMvJF.md,主域名3000份,财经商业,300,https://github.com/51chiguawang319/202609/blob/main/20260927/WNwJf_woMvJF.md,https://raw.githubusercontent.com/51chiguawang319/202609/main/20260927/WNwJf_woMvJF.md
wNyCq_uXgpBX.md,泛二级1000份,体育赛事,300,https://github.com/51chiguawang319/202609/blob/main/20260927/wNyCq_uXgpBX.md,https://raw.githubusercontent.com/51chiguawang319/202609/main/20260927/wNyCq_uXgpBX.md
wObKT_mdPECU.md,主域名3000份,财经商业,300,https://github.com/51chiguawang319/202609/blob/main/20260927/wObKT_mdPECU.md,https://raw.githubusercontent.com/51chiguawang319/202609/main/20260927/wObKT_mdPECU.md
WOFYk_sSSNUt.md,主域名3000份,体育赛事,300,https://github.com/51chiguawang319/202609/blob/main/20260927/WOFYk_sSSNUt.md,https://raw.githubusercontent.com/51chiguawang319/202609/main/20260927/WOFYk_sSSNUt.md
wOglu_yEndNf.md,主域名3000份,健康医疗,300,https://github.com/51chiguawang319/202609/blob/main/20260927/wOglu_yEndNf.md,https://raw.githubusercontent.com/51chiguawang319/202609/main/20260927/wOglu_yEndNf.md
wOHep_MZKNjE.md,主域名3000份,财经商业,300,https://github.com/51chiguawang319/202609/blob/main/20260927/wOHep_MZKNjE.md,https://raw.githubusercontent.com/51chiguawang319/202609/main/20260927/wOHep_MZKNjE.md
WoMxk_JxUZxI.md,主域名3000份,财经商业,300,https://github.com/51chiguawang319/202609/blob/main/20260927/WoMxk_JxUZxI.md,https://raw.githubusercontent.com/51chiguawang319/202609/main/20260927/WoMxk_JxUZxI.md
wOqNL_wQQTPG.md,泛二级1000份,科技数码,300,https://github.com/51chiguawang319/202609/blob/main/20260927/wOqNL_wQQTPG.md,https://raw.githubusercontent.com/51chiguawang319/202609/main/20260927/wOqNL_wQQTPG.md
WOUuJ_bqcYsv.md,主域名3000份,体育赛事,300,https://github.com/51chiguawang319/202609/blob/main/20260927/WOUuJ_bqcYsv.md,https://raw.githubusercontent.com/51chiguawang319/202609/main/20260927/WOUuJ_bqcYsv.md
WPDBe_VtTvuu.md,主域名3000份,文化娱乐,300,https://github.com/51chiguawang319/202609/blob/main/20260927/WPDBe_VtTvuu.md,https://raw.githubusercontent.com/51chiguawang319/202609/main/20260927/WPDBe_VtTvuu.md
WPfFW_luBGSZ.md,主域名3000份,文化娱乐,300,https://github.com/51chiguawang319/202609/blob/main/20260927/WPfFW_luBGSZ.md,https://raw.githubusercontent.com/51chiguawang319/202609/main/20260927/WPfFW_luBGSZ.md
wPGdK_gKRvIh.md,泛二级1000份,健康医疗,300,https://github.com/51chiguawang319/202609/blob/main/20260927/wPGdK_gKRvIh.md,https://raw.githubusercontent.com/51chiguawang319/202609/main/20260927/wPGdK_gKRvIh.md
WPGrw_GPWmPF.md,主域名3000份,财经商业,300,https://github.com/51chiguawang319/202609/blob/main/20260927/WPGrw_GPWmPF.md,https://raw.githubusercontent.com/51chiguawang319/202609/main/20260927/WPGrw_GPWmPF.md
WPlIj_CCTMjY.md,泛二级1000份,天气环境,300,https://github.com/51chiguawang319/202609/blob/main/20260927/WPlIj_CCTMjY.md,https://raw.githubusercontent.com/51chiguawang319/202609/main/20260927/WPlIj_CCTMjY.md
WpNzF_SqAogw.md,主域名3000份,财经商业,300,https://github.com/51chiguawang319/202609/blob/main/20260927/WpNzF_SqAogw.md,https://raw.githubusercontent.com/51chiguawang319/202609/main/20260927/WpNzF_SqAogw.md
WPoLK_pcYELH.md,主域名3000份,天气环境,300,https://github.com/51chiguawang319/202609/blob/main/20260927/WPoLK_pcYELH.md,https://raw.githubusercontent.com/51chiguawang319/202609/main/20260927/WPoLK_pcYELH.md
Wpozg_YXKkjz.md,主域名3000份,文化娱乐,300,https://github.com/51chiguawang319/202609/blob/main/20260927/Wpozg_YXKkjz.md,https://raw.githubusercontent.com/51chiguawang319/202609/main/20260927/Wpozg_YXKkjz.md
wpPOs_MzbKzq.md,主域名3000份,健康医疗,300,https://github.com/51chiguawang319/202609/blob/main/20260927/wpPOs_MzbKzq.md,https://raw.githubusercontent.com/51chiguawang319/202609/main/20260927/wpPOs_MzbKzq.md
wptFW_PgrnMo.md,主域名3000份,科技数码,300,https://github.com/51chiguawang319/202609/blob/main/20260927/wptFW_PgrnMo.md,https://raw.githubusercontent.com/51chiguawang319/202609/main/20260927/wptFW_PgrnMo.md
wpTXi_SDjbaC.md,主域名3000份,科技数码,300,https://github.com/51chiguawang319/202609/blob/main/20260927/wpTXi_SDjbaC.md,https://raw.githubusercontent.com/51chiguawang319/202609/main/20260927/wpTXi_SDjbaC.md
WpWHS_vvXnLf.md,泛二级1000份,文化娱乐,300,https://github.com/51chiguawang319/202609/blob/main/20260927/WpWHS_vvXnLf.md,https://raw.githubusercontent.com/51chiguawang319/202609/main/20260927/WpWHS_vvXnLf.md
WpWqo_qpYyTT.md,主域名3000份,科技数码,300,https://github.com/51chiguawang319/202609/blob/main/20260927/WpWqo_qpYyTT.md,https://raw.githubusercontent.com/51chiguawang319/202609/main/20260927/WpWqo_qpYyTT.md
WPyOu_AQvsWv.md,主域名3000份,体育赛事,300,https://github.com/51chiguawang319/202609/blob/main/20260927/WPyOu_AQvsWv.md,https://raw.githubusercontent.com/51chiguawang319/202609/main/20260927/WPyOu_AQvsWv.md
WQjWf_savPcr.md,主域名3000份,科技数码,300,https://github.com/51chiguawang319/202609/blob/main/20260927/WQjWf_savPcr.md,https://raw.githubusercontent.com/51chiguawang319/202609/main/20260927/WQjWf_savPcr.md
wQLNk_jEXjaz.md,主域名3000份,体育赛事,300,https://github.com/51chiguawang319/202609/blob/main/20260927/wQLNk_jEXjaz.md,https://raw.githubusercontent.com/51chiguawang319/202609/main/20260927/wQLNk_jEXjaz.md
wqnJy_RnLnSg.md,主域名3000份,科技数码,300,https://github.com/51chiguawang319/202609/blob/main/20260927/wqnJy_RnLnSg.md,https://raw.githubusercontent.com/51chiguawang319/202609/main/20260927/wqnJy_RnLnSg.md
wQpra_qMBdxo.md,主域名3000份,财经商业,300,https://github.com/51chiguawang319/202609/blob/main/20260927/wQpra_qMBdxo.md,https://raw.githubusercontent.com/51chiguawang319/202609/main/20260927/wQpra_qMBdxo.md
wQSDD_HUiqKN.md,泛二级1000份,科技数码,300,https://github.com/51chiguawang319/202609/blob/main/20260927/wQSDD_HUiqKN.md,https://raw.githubusercontent.com/51chiguawang319/202609/main/20260927/wQSDD_HUiqKN.md
WqUpK_uFGEzL.md,主域名3000份,天气环境,300,https://github.com/51chiguawang319/202609/blob/main/20260927/WqUpK_uFGEzL.md,https://raw.githubusercontent.com/51chiguawang319/202609/main/20260927/WqUpK_uFGEzL.md
wQXQL_fBEPVi.md,泛二级1000份,体育赛事,300,https://github.com/51chiguawang319/202609/blob/main/20260927/wQXQL_fBEPVi.md,https://raw.githubusercontent.com/51chiguawang319/202609/main/20260927/wQXQL_fBEPVi.md
wQyVG_qToWTQ.md,泛二级1000份,财经商业,300,https://github.com/51chiguawang319/202609/blob/main/20260927/wQyVG_qToWTQ.md,https://raw.githubusercontent.com/51chiguawang319/202609/main/20260927/wQyVG_qToWTQ.md
WrbFU_zkspxG.md,主域名3000份,文化娱乐,300,https://github.com/51chiguawang319/202609/blob/main/20260927/WrbFU_zkspxG.md,https://raw.githubusercontent.com/51chiguawang319/202609/main/20260927/WrbFU_zkspxG.md
wRfrM_DsxZyD.md,泛二级1000份,科技数码,300,https://github.com/51chiguawang319/202609/blob/main/20260927/wRfrM_DsxZyD.md,https://raw.githubusercontent.com/51chiguawang319/202609/main/20260927/wRfrM_DsxZyD.md
WrKvm_NvlWLD.md,泛二级1000份,文化娱乐,300,https://github.com/51chiguawang319/202609/blob/main/20260927/WrKvm_NvlWLD.md,https://raw.githubusercontent.com/51chiguawang319/202609/main/20260927/WrKvm_NvlWLD.md
wRmmy_hOQktf.md,主域名3000份,科技数码,300,https://github.com/51chiguawang319/202609/blob/main/20260927/wRmmy_hOQktf.md,https://raw.githubusercontent.com/51chiguawang319/202609/main/20260927/wRmmy_hOQktf.md
WrpHL_pFOhPY.md,泛二级1000份,体育赛事,300,https://github.com/51chiguawang319/202609/blob/main/20260927/WrpHL_pFOhPY.md,https://raw.githubusercontent.com/51chiguawang319/202609/main/20260927/WrpHL_pFOhPY.md
WrpuC_ApOZyP.md,主域名3000份,体育赛事,300,https://github.com/51chiguawang319/202609/blob/main/20260927/WrpuC_ApOZyP.md,https://raw.githubusercontent.com/51chiguawang319/202609/main/20260927/WrpuC_ApOZyP.md
wRrCP_RpdUVZ.md,主域名3000份,体育赛事,300,https://github.com/51chiguawang319/202609/blob/main/20260927/wRrCP_RpdUVZ.md,https://raw.githubusercontent.com/51chiguawang319/202609/main/20260927/wRrCP_RpdUVZ.md
WrSRh_YZpSsE.md,主域名3000份,财经商业,300,https://github.com/51chiguawang319/202609/blob/main/20260927/WrSRh_YZpSsE.md,https://raw.githubusercontent.com/51chiguawang319/202609/main/20260927/WrSRh_YZpSsE.md
Wrwhl_FeWhuT.md,主域名3000份,文化娱乐,300,https://github.com/51chiguawang319/202609/blob/main/20260927/Wrwhl_FeWhuT.md,https://raw.githubusercontent.com/51chiguawang319/202609/main/20260927/Wrwhl_FeWhuT.md
WrWoD_GULtoT.md,主域名3000份,科技数码,300,https://github.com/51chiguawang319/202609/blob/main/20260927/WrWoD_GULtoT.md,https://raw.githubusercontent.com/51chiguawang319/202609/main/20260927/WrWoD_GULtoT.md
wRxSg_HwkeKL.md,主域名3000份,健康医疗,300,https://github.com/51chiguawang319/202609/blob/main/20260927/wRxSg_HwkeKL.md,https://raw.githubusercontent.com/51chiguawang319/202609/main/20260927/wRxSg_HwkeKL.md
wSEts_DXYsFb.md,泛二级1000份,天气环境,300,https://github.com/51chiguawang319/202609/blob/main/20260927/wSEts_DXYsFb.md,https://raw.githubusercontent.com/51chiguawang319/202609/main/20260927/wSEts_DXYsFb.md
WSfsn_gpMqhP.md,主域名3000份,健康医疗,300,https://github.com/51chiguawang319/202609/blob/main/20260927/WSfsn_gpMqhP.md,https://raw.githubusercontent.com/51chiguawang319/202609/main/20260927/WSfsn_gpMqhP.md
WsFtN_JsYvFp.md,泛二级1000份,天气环境,300,https://github.com/51chiguawang319/202609/blob/main/20260927/WsFtN_JsYvFp.md,https://raw.githubusercontent.com/51chiguawang319/202609/main/20260927/WsFtN_JsYvFp.md
WslJz_ETKGLb.md,泛二级1000份,财经商业,300,https://github.com/51chiguawang319/202609/blob/main/20260927/WslJz_ETKGLb.md,https://raw.githubusercontent.com/51chiguawang319/202609/main/20260927/WslJz_ETKGLb.md
wtyUx_SYjane.md,主域名3000份,体育赛事,300,https://github.com/51chiguawang319/202609/blob/main/20260927/wtyUx_SYjane.md,https://raw.githubusercontent.com/51chiguawang319/202609/main/20260927/wtyUx_SYjane.md
wuaoG_LsyejC.md,泛二级1000份,文化娱乐,300,https://github.com/51chiguawang319/202609/blob/main/20260927/wuaoG_LsyejC.md,https://raw.githubusercontent.com/51chiguawang319/202609/main/20260927/wuaoG_LsyejC.md
WubKk_aINPHV.md,泛二级1000份,财经商业,300,https://github.com/51chiguawang319/202609/blob/main/20260927/WubKk_aINPHV.md,https://raw.githubusercontent.com/51chiguawang319/202609/main/20260927/WubKk_aINPHV.md
WUGfP_XErCnu.md,主域名3000份,天气环境,300,https://github.com/51chiguawang319/202609/blob/main/20260927/WUGfP_XErCnu.md,https://raw.githubusercontent.com/51chiguawang319/202609/main/20260927/WUGfP_XErCnu.md
WUgII_fCudAl.md,主域名3000份,科技数码,300,https://github.com/51chiguawang319/202609/blob/main/20260927/WUgII_fCudAl.md,https://raw.githubusercontent.com/51chiguawang319/202609/main/20260927/WUgII_fCudAl.md
wuJye_YELHPi.md,泛二级1000份,财经商业,300,https://github.com/51chiguawang319/202609/blob/main/20260927/wuJye_YELHPi.md,https://raw.githubusercontent.com/51chiguawang319/202609/main/20260927/wuJye_YELHPi.md
WuNkC_XoKQGM.md,主域名3000份,科技数码,300,https://github.com/51chiguawang319/202609/blob/main/20260927/WuNkC_XoKQGM.md,https://raw.githubusercontent.com/51chiguawang319/202609/main/20260927/WuNkC_XoKQGM.md
wUPfM_HEgXsZ.md,主域名3000份,科技数码,300,https://github.com/51chiguawang319/202609/blob/main/20260927/wUPfM_HEgXsZ.md,https://raw.githubusercontent.com/51chiguawang319/202609/main/20260927/wUPfM_HEgXsZ.md
WuuDt_yyOMku.md,主域名3000份,天气环境,300,https://github.com/51chiguawang319/202609/blob/main/20260927/WuuDt_yyOMku.md,https://raw.githubusercontent.com/51chiguawang319/202609/main/20260927/WuuDt_yyOMku.md
WUWpw_xQRbrg.md,主域名3000份,天气环境,300,https://github.com/51chiguawang319/202609/blob/main/20260927/WUWpw_xQRbrg.md,https://raw.githubusercontent.com/51chiguawang319/202609/main/20260927/WUWpw_xQRbrg.md
wUYPA_AwHbsp.md,主域名3000份,科技数码,300,https://github.com/51chiguawang319/202609/blob/main/20260927/wUYPA_AwHbsp.md,https://raw.githubusercontent.com/51chiguawang319/202609/main/20260927/wUYPA_AwHbsp.md
wvCWR_Ccoaxd.md,泛二级1000份,科技数码,300,https://github.com/51chiguawang319/202609/blob/main/20260927/wvCWR_Ccoaxd.md,https://raw.githubusercontent.com/51chiguawang319/202609/main/20260927/wvCWR_Ccoaxd.md
wVuxs_yhQSKZ.md,主域名3000份,天气环境,300,https://github.com/51chiguawang319/202609/blob/main/20260927/wVuxs_yhQSKZ.md,https://raw.githubusercontent.com/51chiguawang319/202609/main/20260927/wVuxs_yhQSKZ.md
wWRlS_vOlMah.md,主域名3000份,健康医疗,300,https://github.com/51chiguawang319/202609/blob/main/20260927/wWRlS_vOlMah.md,https://raw.githubusercontent.com/51chiguawang319/202609/main/20260927/wWRlS_vOlMah.md
WwvKw_mzJAkA.md,主域名3000份,财经商业,300,https://github.com/51chiguawang319/202609/blob/main/20260927/WwvKw_mzJAkA.md,https://raw.githubusercontent.com/51chiguawang319/202609/main/20260927/WwvKw_mzJAkA.md
WwvXL_qzWjjy.md,泛二级1000份,天气环境,300,https://github.com/51chiguawang319/202609/blob/main/20260927/WwvXL_qzWjjy.md,https://raw.githubusercontent.com/51chiguawang319/202609/main/20260927/WwvXL_qzWjjy.md
WwXbC_lnJTmr.md,主域名3000份,健康医疗,300,https://github.com/51chiguawang319/202609/blob/main/20260927/WwXbC_lnJTmr.md,https://raw.githubusercontent.com/51chiguawang319/202609/main/20260927/WwXbC_lnJTmr.md
Wwyhk_TQLxXL.md,主域名3000份,文化娱乐,300,https://github.com/51chiguawang319/202609/blob/main/20260927/Wwyhk_TQLxXL.md,https://raw.githubusercontent.com/51chiguawang319/202609/main/20260927/Wwyhk_TQLxXL.md
wXaUf_thgxWs.md,主域名3000份,财经商业,300,https://github.com/51chiguawang319/202609/blob/main/20260927/wXaUf_thgxWs.md,https://raw.githubusercontent.com/51chiguawang319/202609/main/20260927/wXaUf_thgxWs.md
wXKtT_wMXKfQ.md,主域名3000份,体育赛事,300,https://github.com/51chiguawang319/202609/blob/main/20260927/wXKtT_wMXKfQ.md,https://raw.githubusercontent.com/51chiguawang319/202609/main/20260927/wXKtT_wMXKfQ.md
WXlud_xlYYgg.md,泛二级1000份,健康医疗,300,https://github.com/51chiguawang319/202609/blob/main/20260927/WXlud_xlYYgg.md,https://raw.githubusercontent.com/51chiguawang319/202609/main/20260927/WXlud_xlYYgg.md
wXOlO_wzMZoS.md,泛二级1000份,文化娱乐,300,https://github.com/51chiguawang319/202609/blob/main/20260927/wXOlO_wzMZoS.md,https://raw.githubusercontent.com/51chiguawang319/202609/main/20260927/wXOlO_wzMZoS.md
wxQtg_XWkPic.md,泛二级1000份,体育赛事,300,https://github.com/51chiguawang319/202609/blob/main/20260927/wxQtg_XWkPic.md,https://raw.githubusercontent.com/51chiguawang319/202609/main/20260927/wxQtg_XWkPic.md
WXvgq_QmlgGf.md,泛二级1000份,财经商业,300,https://github.com/51chiguawang319/202609/blob/main/20260927/WXvgq_QmlgGf.md,https://raw.githubusercontent.com/51chiguawang319/202609/main/20260927/WXvgq_QmlgGf.md
Wxvuu_arMDyv.md,主域名3000份,科技数码,300,https://github.com/51chiguawang319/202609/blob/main/20260927/Wxvuu_arMDyv.md,https://raw.githubusercontent.com/51chiguawang319/202609/main/20260927/Wxvuu_arMDyv.md
WXWnI_vJwGKT.md,主域名3000份,财经商业,300,https://github.com/51chiguawang319/202609/blob/main/20260927/WXWnI_vJwGKT.md,https://raw.githubusercontent.com/51chiguawang319/202609/main/20260927/WXWnI_vJwGKT.md
wXXHP_WNcakc.md,主域名3000份,体育赛事,300,https://github.com/51chiguawang319/202609/blob/main/20260927/wXXHP_WNcakc.md,https://raw.githubusercontent.com/51chiguawang319/202609/main/20260927/wXXHP_WNcakc.md
WXZnS_Ytrveh.md,主域名3000份,天气环境,300,https://github.com/51chiguawang319/202609/blob/main/20260927/WXZnS_Ytrveh.md,https://raw.githubusercontent.com/51chiguawang319/202609/main/20260927/WXZnS_Ytrveh.md
WYfZD_JPvXTS.md,主域名3000份,体育赛事,300,https://github.com/51chiguawang319/202609/blob/main/20260927/WYfZD_JPvXTS.md,https://raw.githubusercontent.com/51chiguawang319/202609/main/20260927/WYfZD_JPvXTS.md
WYIjr_iJKbWD.md,泛二级1000份,财经商业,300,https://github.com/51chiguawang319/202609/blob/main/20260927/WYIjr_iJKbWD.md,https://raw.githubusercontent.com/51chiguawang319/202609/main/20260927/WYIjr_iJKbWD.md
WYiPj_VdOGHg.md,主域名3000份,科技数码,300,https://github.com/51chiguawang319/202609/blob/main/20260927/WYiPj_VdOGHg.md,https://raw.githubusercontent.com/51chiguawang319/202609/main/20260927/WYiPj_VdOGHg.md
WytHP_kBUewM.md,主域名3000份,体育赛事,300,https://github.com/51chiguawang319/202609/blob/main/20260927/WytHP_kBUewM.md,https://raw.githubusercontent.com/51chiguawang319/202609/main/20260927/WytHP_kBUewM.md
WYUdj_LCqIen.md,泛二级1000份,财经商业,300,https://github.com/51chiguawang319/202609/blob/main/20260927/WYUdj_LCqIen.md,https://raw.githubusercontent.com/51chiguawang319/202609/main/20260927/WYUdj_LCqIen.md
wzOFu_wDrLGP.md,初始样例1份,综合新闻,300,https://github.com/51chiguawang319/202609/blob/main/20260927/wzOFu_wDrLGP.md,https://raw.githubusercontent.com/51chiguawang319/202609/main/20260927/wzOFu_wDrLGP.md
WZREa_UhKmnI.md,主域名3000份,财经商业,300,https://github.com/51chiguawang319/202609/blob/main/20260927/WZREa_UhKmnI.md,https://raw.githubusercontent.com/51chiguawang319/202609/main/20260927/WZREa_UhKmnI.md
wzrOF_PTnPgQ.md,泛二级1000份,财经商业,300,https://github.com/51chiguawang319/202609/blob/main/20260927/wzrOF_PTnPgQ.md,https://raw.githubusercontent.com/51chiguawang319/202609/main/20260927/wzrOF_PTnPgQ.md
WzyuK_dYDkbl.md,主域名3000份,文化娱乐,300,https://github.com/51chiguawang319/202609/blob/main/20260927/WzyuK_dYDkbl.md,https://raw.githubusercontent.com/51chiguawang319/202609/main/20260927/WzyuK_dYDkbl.md
XAbVY_zFbuvB.md,泛二级1000份,财经商业,300,https://github.com/51chiguawang319/202609/blob/main/20260927/XAbVY_zFbuvB.md,https://raw.githubusercontent.com/51chiguawang319/202609/main/20260927/XAbVY_zFbuvB.md
XaFgl_MCkAOZ.md,泛二级1000份,体育赛事,300,https://github.com/51chiguawang319/202609/blob/main/20260927/XaFgl_MCkAOZ.md,https://raw.githubusercontent.com/51chiguawang319/202609/main/20260927/XaFgl_MCkAOZ.md
XAJGp_yevkuA.md,主域名3000份,健康医疗,300,https://github.com/51chiguawang319/202609/blob/main/20260927/XAJGp_yevkuA.md,https://raw.githubusercontent.com/51chiguawang319/202609/main/20260927/XAJGp_yevkuA.md
xANLM_YCXEUf.md,主域名3000份,天气环境,300,https://github.com/51chiguawang319/202609/blob/main/20260927/xANLM_YCXEUf.md,https://raw.githubusercontent.com/51chiguawang319/202609/main/20260927/xANLM_YCXEUf.md
xAQvv_jFIURT.md,主域名3000份,科技数码,300,https://github.com/51chiguawang319/202609/blob/main/20260927/xAQvv_jFIURT.md,https://raw.githubusercontent.com/51chiguawang319/202609/main/20260927/xAQvv_jFIURT.md
Xbdaa_jTKbte.md,主域名3000份,体育赛事,300,https://github.com/51chiguawang319/202609/blob/main/20260927/Xbdaa_jTKbte.md,https://raw.githubusercontent.com/51chiguawang319/202609/main/20260927/Xbdaa_jTKbte.md
Xbhjs_mCoNfR.md,主域名3000份,天气环境,300,https://github.com/51chiguawang319/202609/blob/main/20260927/Xbhjs_mCoNfR.md,https://raw.githubusercontent.com/51chiguawang319/202609/main/20260927/Xbhjs_mCoNfR.md
xbXCh_VnEdIV.md,泛二级1000份,科技数码,300,https://github.com/51chiguawang319/202609/blob/main/20260927/xbXCh_VnEdIV.md,https://raw.githubusercontent.com/51chiguawang319/202609/main/20260927/xbXCh_VnEdIV.md
xcAzG_HgnNVk.md,主域名3000份,体育赛事,300,https://github.com/51chiguawang319/202609/blob/main/20260927/xcAzG_HgnNVk.md,https://raw.githubusercontent.com/51chiguawang319/202609/main/20260927/xcAzG_HgnNVk.md
XcEoa_iUNirE.md,主域名3000份,健康医疗,300,https://github.com/51chiguawang319/202609/blob/main/20260927/XcEoa_iUNirE.md,https://raw.githubusercontent.com/51chiguawang319/202609/main/20260927/XcEoa_iUNirE.md
Xcfmh_XHtObh.md,主域名3000份,文化娱乐,300,https://github.com/51chiguawang319/202609/blob/main/20260927/Xcfmh_XHtObh.md,https://raw.githubusercontent.com/51chiguawang319/202609/main/20260927/Xcfmh_XHtObh.md
XcgRB_HTUwcO.md,主域名3000份,健康医疗,300,https://github.com/51chiguawang319/202609/blob/main/20260927/XcgRB_HTUwcO.md,https://raw.githubusercontent.com/51chiguawang319/202609/main/20260927/XcgRB_HTUwcO.md
xcJHp_aTQhVc.md,主域名3000份,天气环境,300,https://github.com/51chiguawang319/202609/blob/main/20260927/xcJHp_aTQhVc.md,https://raw.githubusercontent.com/51chiguawang319/202609/main/20260927/xcJHp_aTQhVc.md
XCkKu_kMCSVu.md,主域名3000份,天气环境,300,https://github.com/51chiguawang319/202609/blob/main/20260927/XCkKu_kMCSVu.md,https://raw.githubusercontent.com/51chiguawang319/202609/main/20260927/XCkKu_kMCSVu.md
XCluC_HEmFQL.md,主域名3000份,天气环境,300,https://github.com/51chiguawang319/202609/blob/main/20260927/XCluC_HEmFQL.md,https://raw.githubusercontent.com/51chiguawang319/202609/main/20260927/XCluC_HEmFQL.md
XDbIR_fyvvLu.md,主域名3000份,天气环境,300,https://github.com/51chiguawang319/202609/blob/main/20260927/XDbIR_fyvvLu.md,https://raw.githubusercontent.com/51chiguawang319/202609/main/20260927/XDbIR_fyvvLu.md
xDbUk_HgIMSC.md,主域名3000份,财经商业,300,https://github.com/51chiguawang319/202609/blob/main/20260927/xDbUk_HgIMSC.md,https://raw.githubusercontent.com/51chiguawang319/202609/main/20260927/xDbUk_HgIMSC.md
XdBXk_KzknRH.md,泛二级1000份,文化娱乐,300,https://github.com/51chiguawang319/202609/blob/main/20260927/XdBXk_KzknRH.md,https://raw.githubusercontent.com/51chiguawang319/202609/main/20260927/XdBXk_KzknRH.md
XdcWr_JZMKtj.md,主域名3000份,天气环境,300,https://github.com/51chiguawang319/202609/blob/main/20260927/XdcWr_JZMKtj.md,https://raw.githubusercontent.com/51chiguawang319/202609/main/20260927/XdcWr_JZMKtj.md
xdfgF_MZoRPZ.md,泛二级1000份,文化娱乐,300,https://github.com/51chiguawang319/202609/blob/main/20260927/xdfgF_MZoRPZ.md,https://raw.githubusercontent.com/51chiguawang319/202609/main/20260927/xdfgF_MZoRPZ.md
xDHal_tFAjld.md,主域名3000份,天气环境,300,https://github.com/51chiguawang319/202609/blob/main/20260927/xDHal_tFAjld.md,https://raw.githubusercontent.com/51chiguawang319/202609/main/20260927/xDHal_tFAjld.md
xdKWx_srSFFI.md,主域名3000份,体育赛事,300,https://github.com/51chiguawang319/202609/blob/main/20260927/xdKWx_srSFFI.md,https://raw.githubusercontent.com/51chiguawang319/202609/main/20260927/xdKWx_srSFFI.md
XDNlc_RhaogO.md,主域名3000份,科技数码,300,https://github.com/51chiguawang319/202609/blob/main/20260927/XDNlc_RhaogO.md,https://raw.githubusercontent.com/51chiguawang319/202609/main/20260927/XDNlc_RhaogO.md
XDXxL_esjaId.md,主域名3000份,文化娱乐,300,https://github.com/51chiguawang319/202609/blob/main/20260927/XDXxL_esjaId.md,https://raw.githubusercontent.com/51chiguawang319/202609/main/20260927/XDXxL_esjaId.md
xeFsy_madvUh.md,泛二级1000份,财经商业,300,https://github.com/51chiguawang319/202609/blob/main/20260927/xeFsy_madvUh.md,https://raw.githubusercontent.com/51chiguawang319/202609/main/20260927/xeFsy_madvUh.md
XEgwS_aUBDYK.md,主域名3000份,体育赛事,300,https://github.com/51chiguawang319/202609/blob/main/20260927/XEgwS_aUBDYK.md,https://raw.githubusercontent.com/51chiguawang319/202609/main/20260927/XEgwS_aUBDYK.md
xElBI_rAnvLd.md,主域名3000份,科技数码,300,https://github.com/51chiguawang319/202609/blob/main/20260927/xElBI_rAnvLd.md,https://raw.githubusercontent.com/51chiguawang319/202609/main/20260927/xElBI_rAnvLd.md
XeVOt_ZtHTsX.md,泛二级1000份,体育赛事,300,https://github.com/51chiguawang319/202609/blob/main/20260927/XeVOt_ZtHTsX.md,https://raw.githubusercontent.com/51chiguawang319/202609/main/20260927/XeVOt_ZtHTsX.md
XfFnS_rHQrMu.md,泛二级1000份,文化娱乐,300,https://github.com/51chiguawang319/202609/blob/main/20260927/XfFnS_rHQrMu.md,https://raw.githubusercontent.com/51chiguawang319/202609/main/20260927/XfFnS_rHQrMu.md
xFiWC_RaxhGq.md,主域名3000份,天气环境,300,https://github.com/51chiguawang319/202609/blob/main/20260927/xFiWC_RaxhGq.md,https://raw.githubusercontent.com/51chiguawang319/202609/main/20260927/xFiWC_RaxhGq.md
Xfxxp_FcLxpU.md,泛二级1000份,天气环境,300,https://github.com/51chiguawang319/202609/blob/main/20260927/Xfxxp_FcLxpU.md,https://raw.githubusercontent.com/51chiguawang319/202609/main/20260927/Xfxxp_FcLxpU.md
xgLsA_hPUXAA.md,泛二级1000份,文化娱乐,300,https://github.com/51chiguawang319/202609/blob/main/20260927/xgLsA_hPUXAA.md,https://raw.githubusercontent.com/51chiguawang319/202609/main/20260927/xgLsA_hPUXAA.md
Xgnac_rIUtUu.md,主域名3000份,体育赛事,300,https://github.com/51chiguawang319/202609/blob/main/20260927/Xgnac_rIUtUu.md,https://raw.githubusercontent.com/51chiguawang319/202609/main/20260927/Xgnac_rIUtUu.md
xgSWi_CAyVDU.md,主域名3000份,科技数码,300,https://github.com/51chiguawang319/202609/blob/main/20260927/xgSWi_CAyVDU.md,https://raw.githubusercontent.com/51chiguawang319/202609/main/20260927/xgSWi_CAyVDU.md
xgtOx_chExCh.md,主域名3000份,文化娱乐,300,https://github.com/51chiguawang319/202609/blob/main/20260927/xgtOx_chExCh.md,https://raw.githubusercontent.com/51chiguawang319/202609/main/20260927/xgtOx_chExCh.md
XGZSb_gGABMn.md,泛二级1000份,天气环境,300,https://github.com/51chiguawang319/202609/blob/main/20260927/XGZSb_gGABMn.md,https://raw.githubusercontent.com/51chiguawang319/202609/main/20260927/XGZSb_gGABMn.md
xhFPY_wXszza.md,主域名3000份,财经商业,300,https://github.com/51chiguawang319/202609/blob/main/20260927/xhFPY_wXszza.md,https://raw.githubusercontent.com/51chiguawang319/202609/main/20260927/xhFPY_wXszza.md
xHGOb_HXsITv.md,主域名3000份,财经商业,300,https://github.com/51chiguawang319/202609/blob/main/20260927/xHGOb_HXsITv.md,https://raw.githubusercontent.com/51chiguawang319/202609/main/20260927/xHGOb_HXsITv.md
xhHjG_ZsoauU.md,泛二级1000份,天气环境,300,https://github.com/51chiguawang319/202609/blob/main/20260927/xhHjG_ZsoauU.md,https://raw.githubusercontent.com/51chiguawang319/202609/main/20260927/xhHjG_ZsoauU.md
xHIZi_TwLGyb.md,主域名3000份,文化娱乐,300,https://github.com/51chiguawang319/202609/blob/main/20260927/xHIZi_TwLGyb.md,https://raw.githubusercontent.com/51chiguawang319/202609/main/20260927/xHIZi_TwLGyb.md
Xhjdq_NizkfB.md,泛二级1000份,文化娱乐,300,https://github.com/51chiguawang319/202609/blob/main/20260927/Xhjdq_NizkfB.md,https://raw.githubusercontent.com/51chiguawang319/202609/main/20260927/Xhjdq_NizkfB.md
XhMPm_TIBpCT.md,主域名3000份,科技数码,300,https://github.com/51chiguawang319/202609/blob/main/20260927/XhMPm_TIBpCT.md,https://raw.githubusercontent.com/51chiguawang319/202609/main/20260927/XhMPm_TIBpCT.md
xHPrQ_yNbMuL.md,主域名3000份,健康医疗,300,https://github.com/51chiguawang319/202609/blob/main/20260927/xHPrQ_yNbMuL.md,https://raw.githubusercontent.com/51chiguawang319/202609/main/20260927/xHPrQ_yNbMuL.md
XHqUt_gJirKw.md,主域名3000份,科技数码,300,https://github.com/51chiguawang319/202609/blob/main/20260927/XHqUt_gJirKw.md,https://raw.githubusercontent.com/51chiguawang319/202609/main/20260927/XHqUt_gJirKw.md
xhsbH_eMHIVz.md,主域名3000份,健康医疗,300,https://github.com/51chiguawang319/202609/blob/main/20260927/xhsbH_eMHIVz.md,https://raw.githubusercontent.com/51chiguawang319/202609/main/20260927/xhsbH_eMHIVz.md
xihGp_wQhrUo.md,主域名3000份,科技数码,300,https://github.com/51chiguawang319/202609/blob/main/20260927/xihGp_wQhrUo.md,https://raw.githubusercontent.com/51chiguawang319/202609/main/20260927/xihGp_wQhrUo.md
xIITG_HsvNSD.md,主域名3000份,健康医疗,300,https://github.com/51chiguawang319/202609/blob/main/20260927/xIITG_HsvNSD.md,https://raw.githubusercontent.com/51chiguawang319/202609/main/20260927/xIITG_HsvNSD.md
XiiVU_KeCZtC.md,主域名3000份,财经商业,300,https://github.com/51chiguawang319/202609/blob/main/20260927/XiiVU_KeCZtC.md,https://raw.githubusercontent.com/51chiguawang319/202609/main/20260927/XiiVU_KeCZtC.md
xIkzA_BxIZvZ.md,主域名3000份,天气环境,300,https://github.com/51chiguawang319/202609/blob/main/20260927/xIkzA_BxIZvZ.md,https://raw.githubusercontent.com/51chiguawang319/202609/main/20260927/xIkzA_BxIZvZ.md
xIqSJ_NrcUAH.md,泛二级1000份,科技数码,300,https://github.com/51chiguawang319/202609/blob/main/20260927/xIqSJ_NrcUAH.md,https://raw.githubusercontent.com/51chiguawang319/202609/main/20260927/xIqSJ_NrcUAH.md
XIstW_afcdzF.md,主域名3000份,财经商业,300,https://github.com/51chiguawang319/202609/blob/main/20260927/XIstW_afcdzF.md,https://raw.githubusercontent.com/51chiguawang319/202609/main/20260927/XIstW_afcdzF.md
xIYnD_mYGItv.md,主域名3000份,文化娱乐,300,https://github.com/51chiguawang319/202609/blob/main/20260927/xIYnD_mYGItv.md,https://raw.githubusercontent.com/51chiguawang319/202609/main/20260927/xIYnD_mYGItv.md
xjeXm_fxUIyx.md,泛二级1000份,科技数码,300,https://github.com/51chiguawang319/202609/blob/main/20260927/xjeXm_fxUIyx.md,https://raw.githubusercontent.com/51chiguawang319/202609/main/20260927/xjeXm_fxUIyx.md
XJgFv_UgKREi.md,主域名3000份,健康医疗,300,https://github.com/51chiguawang319/202609/blob/main/20260927/XJgFv_UgKREi.md,https://raw.githubusercontent.com/51chiguawang319/202609/main/20260927/XJgFv_UgKREi.md
XJjDI_TTPBeE.md,泛二级1000份,天气环境,300,https://github.com/51chiguawang319/202609/blob/main/20260927/XJjDI_TTPBeE.md,https://raw.githubusercontent.com/51chiguawang319/202609/main/20260927/XJjDI_TTPBeE.md
xjtHD_COTJcB.md,主域名3000份,健康医疗,300,https://github.com/51chiguawang319/202609/blob/main/20260927/xjtHD_COTJcB.md,https://raw.githubusercontent.com/51chiguawang319/202609/main/20260927/xjtHD_COTJcB.md
XkCOe_cAArPY.md,主域名3000份,科技数码,300,https://github.com/51chiguawang319/202609/blob/main/20260927/XkCOe_cAArPY.md,https://raw.githubusercontent.com/51chiguawang319/202609/main/20260927/XkCOe_cAArPY.md
xkdUj_EqjAxV.md,主域名3000份,体育赛事,300,https://github.com/51chiguawang319/202609/blob/main/20260927/xkdUj_EqjAxV.md,https://raw.githubusercontent.com/51chiguawang319/202609/main/20260927/xkdUj_EqjAxV.md
XkGFU_laQWPO.md,主域名3000份,天气环境,300,https://github.com/51chiguawang319/202609/blob/main/20260927/XkGFU_laQWPO.md,https://raw.githubusercontent.com/51chiguawang319/202609/main/20260927/XkGFU_laQWPO.md
xKHku_oKdYMo.md,主域名3000份,健康医疗,300,https://github.com/51chiguawang319/202609/blob/main/20260927/xKHku_oKdYMo.md,https://raw.githubusercontent.com/51chiguawang319/202609/main/20260927/xKHku_oKdYMo.md
XKPIg_DnowpQ.md,泛二级1000份,健康医疗,300,https://github.com/51chiguawang319/202609/blob/main/20260927/XKPIg_DnowpQ.md,https://raw.githubusercontent.com/51chiguawang319/202609/main/20260927/XKPIg_DnowpQ.md
xKrSG_NQFjaE.md,主域名3000份,文化娱乐,300,https://github.com/51chiguawang319/202609/blob/main/20260927/xKrSG_NQFjaE.md,https://raw.githubusercontent.com/51chiguawang319/202609/main/20260927/xKrSG_NQFjaE.md
xksTC_mtPsQJ.md,主域名3000份,天气环境,300,https://github.com/51chiguawang319/202609/blob/main/20260927/xksTC_mtPsQJ.md,https://raw.githubusercontent.com/51chiguawang319/202609/main/20260927/xksTC_mtPsQJ.md
XkWnI_dIqMTu.md,主域名3000份,科技数码,300,https://github.com/51chiguawang319/202609/blob/main/20260927/XkWnI_dIqMTu.md,https://raw.githubusercontent.com/51chiguawang319/202609/main/20260927/XkWnI_dIqMTu.md
xKYpN_npFdvm.md,主域名3000份,天气环境,300,https://github.com/51chiguawang319/202609/blob/main/20260927/xKYpN_npFdvm.md,https://raw.githubusercontent.com/51chiguawang319/202609/main/20260927/xKYpN_npFdvm.md
xlaGF_KbGwAR.md,主域名3000份,健康医疗,300,https://github.com/51chiguawang319/202609/blob/main/20260927/xlaGF_KbGwAR.md,https://raw.githubusercontent.com/51chiguawang319/202609/main/20260927/xlaGF_KbGwAR.md
xLbFo_oFYqVe.md,泛二级1000份,文化娱乐,300,https://github.com/51chiguawang319/202609/blob/main/20260927/xLbFo_oFYqVe.md,https://raw.githubusercontent.com/51chiguawang319/202609/main/20260927/xLbFo_oFYqVe.md
XLIjy_ozNBVW.md,主域名3000份,文化娱乐,300,https://github.com/51chiguawang319/202609/blob/main/20260927/XLIjy_ozNBVW.md,https://raw.githubusercontent.com/51chiguawang319/202609/main/20260927/XLIjy_ozNBVW.md
xLiQO_HImLRo.md,主域名3000份,健康医疗,300,https://github.com/51chiguawang319/202609/blob/main/20260927/xLiQO_HImLRo.md,https://raw.githubusercontent.com/51chiguawang319/202609/main/20260927/xLiQO_HImLRo.md
xLkjq_IHJXyv.md,主域名3000份,科技数码,300,https://github.com/51chiguawang319/202609/blob/main/20260927/xLkjq_IHJXyv.md,https://raw.githubusercontent.com/51chiguawang319/202609/main/20260927/xLkjq_IHJXyv.md
XlLRE_rSqxsp.md,泛二级1000份,天气环境,300,https://github.com/51chiguawang319/202609/blob/main/20260927/XlLRE_rSqxsp.md,https://raw.githubusercontent.com/51chiguawang319/202609/main/20260927/XlLRE_rSqxsp.md
xLQzV_iIpnVf.md,主域名3000份,财经商业,300,https://github.com/51chiguawang319/202609/blob/main/20260927/xLQzV_iIpnVf.md,https://raw.githubusercontent.com/51chiguawang319/202609/main/20260927/xLQzV_iIpnVf.md
xlTVU_BfoZCF.md,主域名3000份,体育赛事,300,https://github.com/51chiguawang319/202609/blob/main/20260927/xlTVU_BfoZCF.md,https://raw.githubusercontent.com/51chiguawang319/202609/main/20260927/xlTVU_BfoZCF.md
XlXje_VeNUDe.md,泛二级1000份,文化娱乐,300,https://github.com/51chiguawang319/202609/blob/main/20260927/XlXje_VeNUDe.md,https://raw.githubusercontent.com/51chiguawang319/202609/main/20260927/XlXje_VeNUDe.md
XmIrq_gOtqvE.md,主域名3000份,天气环境,300,https://github.com/51chiguawang319/202609/blob/main/20260927/XmIrq_gOtqvE.md,https://raw.githubusercontent.com/51chiguawang319/202609/main/20260927/XmIrq_gOtqvE.md
xMJRh_SbOvNb.md,主域名3000份,天气环境,300,https://github.com/51chiguawang319/202609/blob/main/20260927/xMJRh_SbOvNb.md,https://raw.githubusercontent.com/51chiguawang319/202609/main/20260927/xMJRh_SbOvNb.md
XMjyJ_MHKfWO.md,主域名3000份,文化娱乐,300,https://github.com/51chiguawang319/202609/blob/main/20260927/XMjyJ_MHKfWO.md,https://raw.githubusercontent.com/51chiguawang319/202609/main/20260927/XMjyJ_MHKfWO.md
XMogZ_YVdcnr.md,泛二级1000份,科技数码,300,https://github.com/51chiguawang319/202609/blob/main/20260927/XMogZ_YVdcnr.md,https://raw.githubusercontent.com/51chiguawang319/202609/main/20260927/XMogZ_YVdcnr.md
xmqBb_SWJvpN.md,泛二级1000份,财经商业,300,https://github.com/51chiguawang319/202609/blob/main/20260927/xmqBb_SWJvpN.md,https://raw.githubusercontent.com/51chiguawang319/202609/main/20260927/xmqBb_SWJvpN.md
XMtpj_wVHBXk.md,主域名3000份,文化娱乐,300,https://github.com/51chiguawang319/202609/blob/main/20260927/XMtpj_wVHBXk.md,https://raw.githubusercontent.com/51chiguawang319/202609/main/20260927/XMtpj_wVHBXk.md
xMXmE_arCBOe.md,主域名3000份,科技数码,300,https://github.com/51chiguawang319/202609/blob/main/20260927/xMXmE_arCBOe.md,https://raw.githubusercontent.com/51chiguawang319/202609/main/20260927/xMXmE_arCBOe.md
xnbXg_vtYunk.md,主域名3000份,科技数码,300,https://github.com/51chiguawang319/202609/blob/main/20260927/xnbXg_vtYunk.md,https://raw.githubusercontent.com/51chiguawang319/202609/main/20260927/xnbXg_vtYunk.md
XnQtW_NsolQk.md,主域名3000份,财经商业,300,https://github.com/51chiguawang319/202609/blob/main/20260927/XnQtW_NsolQk.md,https://raw.githubusercontent.com/51chiguawang319/202609/main/20260927/XnQtW_NsolQk.md
XnVku_ibDqaY.md,主域名3000份,科技数码,300,https://github.com/51chiguawang319/202609/blob/main/20260927/XnVku_ibDqaY.md,https://raw.githubusercontent.com/51chiguawang319/202609/main/20260927/XnVku_ibDqaY.md
XOhkd_ckLBNP.md,主域名3000份,科技数码,300,https://github.com/51chiguawang319/202609/blob/main/20260927/XOhkd_ckLBNP.md,https://raw.githubusercontent.com/51chiguawang319/202609/main/20260927/XOhkd_ckLBNP.md
xOJrV_CjHRTk.md,主域名3000份,健康医疗,300,https://github.com/51chiguawang319/202609/blob/main/20260927/xOJrV_CjHRTk.md,https://raw.githubusercontent.com/51chiguawang319/202609/main/20260927/xOJrV_CjHRTk.md
XoLYw_RxBhAN.md,主域名3000份,科技数码,300,https://github.com/51chiguawang319/202609/blob/main/20260927/XoLYw_RxBhAN.md,https://raw.githubusercontent.com/51chiguawang319/202609/main/20260927/XoLYw_RxBhAN.md
XoTOH_TpOacX.md,泛二级1000份,健康医疗,300,https://github.com/51chiguawang319/202609/blob/main/20260927/XoTOH_TpOacX.md,https://raw.githubusercontent.com/51chiguawang319/202609/main/20260927/XoTOH_TpOacX.md
xOVjq_GlRlfd.md,主域名3000份,财经商业,300,https://github.com/51chiguawang319/202609/blob/main/20260927/xOVjq_GlRlfd.md,https://raw.githubusercontent.com/51chiguawang319/202609/main/20260927/xOVjq_GlRlfd.md
XOWgn_oqOsNY.md,主域名3000份,天气环境,300,https://github.com/51chiguawang319/202609/blob/main/20260927/XOWgn_oqOsNY.md,https://raw.githubusercontent.com/51chiguawang319/202609/main/20260927/XOWgn_oqOsNY.md
xPCck_OqtLJv.md,主域名3000份,体育赛事,300,https://github.com/51chiguawang319/202609/blob/main/20260927/xPCck_OqtLJv.md,https://raw.githubusercontent.com/51chiguawang319/202609/main/20260927/xPCck_OqtLJv.md
xPQus_grqehW.md,主域名3000份,健康医疗,300,https://github.com/51chiguawang319/202609/blob/main/20260927/xPQus_grqehW.md,https://raw.githubusercontent.com/51chiguawang319/202609/main/20260927/xPQus_grqehW.md
xprpW_TVnoes.md,主域名3000份,天气环境,300,https://github.com/51chiguawang319/202609/blob/main/20260927/xprpW_TVnoes.md,https://raw.githubusercontent.com/51chiguawang319/202609/main/20260927/xprpW_TVnoes.md
XPTyu_jwJIOE.md,泛二级1000份,体育赛事,300,https://github.com/51chiguawang319/202609/blob/main/20260927/XPTyu_jwJIOE.md,https://raw.githubusercontent.com/51chiguawang319/202609/main/20260927/XPTyu_jwJIOE.md
XPvHH_ireWvk.md,主域名3000份,体育赛事,300,https://github.com/51chiguawang319/202609/blob/main/20260927/XPvHH_ireWvk.md,https://raw.githubusercontent.com/51chiguawang319/202609/main/20260927/XPvHH_ireWvk.md
XQhSj_QiITPs.md,主域名3000份,健康医疗,300,https://github.com/51chiguawang319/202609/blob/main/20260927/XQhSj_QiITPs.md,https://raw.githubusercontent.com/51chiguawang319/202609/main/20260927/XQhSj_QiITPs.md
xQhts_IYgOJY.md,主域名3000份,文化娱乐,300,https://github.com/51chiguawang319/202609/blob/main/20260927/xQhts_IYgOJY.md,https://raw.githubusercontent.com/51chiguawang319/202609/main/20260927/xQhts_IYgOJY.md
xQpJl_LAnhlE.md,主域名3000份,科技数码,300,https://github.com/51chiguawang319/202609/blob/main/20260927/xQpJl_LAnhlE.md,https://raw.githubusercontent.com/51chiguawang319/202609/main/20260927/xQpJl_LAnhlE.md
XQVvH_YlKrek.md,主域名3000份,体育赛事,300,https://github.com/51chiguawang319/202609/blob/main/20260927/XQVvH_YlKrek.md,https://raw.githubusercontent.com/51chiguawang319/202609/main/20260927/XQVvH_YlKrek.md
xQzBu_AEpAwa.md,主域名3000份,文化娱乐,300,https://github.com/51chiguawang319/202609/blob/main/20260927/xQzBu_AEpAwa.md,https://raw.githubusercontent.com/51chiguawang319/202609/main/20260927/xQzBu_AEpAwa.md
XredT_wInotn.md,主域名3000份,科技数码,300,https://github.com/51chiguawang319/202609/blob/main/20260927/XredT_wInotn.md,https://raw.githubusercontent.com/51chiguawang319/202609/main/20260927/XredT_wInotn.md
xRhpr_dmrZTg.md,主域名3000份,财经商业,300,https://github.com/51chiguawang319/202609/blob/main/20260927/xRhpr_dmrZTg.md,https://raw.githubusercontent.com/51chiguawang319/202609/main/20260927/xRhpr_dmrZTg.md
xRlZh_bTXdEj.md,泛二级1000份,财经商业,300,https://github.com/51chiguawang319/202609/blob/main/20260927/xRlZh_bTXdEj.md,https://raw.githubusercontent.com/51chiguawang319/202609/main/20260927/xRlZh_bTXdEj.md
xrpbB_IyNtcY.md,主域名3000份,文化娱乐,300,https://github.com/51chiguawang319/202609/blob/main/20260927/xrpbB_IyNtcY.md,https://raw.githubusercontent.com/51chiguawang319/202609/main/20260927/xrpbB_IyNtcY.md
xRuuF_skiceD.md,主域名3000份,财经商业,300,https://github.com/51chiguawang319/202609/blob/main/20260927/xRuuF_skiceD.md,https://raw.githubusercontent.com/51chiguawang319/202609/main/20260927/xRuuF_skiceD.md
XScLn_NTrAYg.md,主域名3000份,文化娱乐,300,https://github.com/51chiguawang319/202609/blob/main/20260927/XScLn_NTrAYg.md,https://raw.githubusercontent.com/51chiguawang319/202609/main/20260927/XScLn_NTrAYg.md
Xseva_ziAaPO.md,主域名3000份,财经商业,300,https://github.com/51chiguawang319/202609/blob/main/20260927/Xseva_ziAaPO.md,https://raw.githubusercontent.com/51chiguawang319/202609/main/20260927/Xseva_ziAaPO.md
xSfpp_iIyDDO.md,主域名3000份,天气环境,300,https://github.com/51chiguawang319/202609/blob/main/20260927/xSfpp_iIyDDO.md,https://raw.githubusercontent.com/51chiguawang319/202609/main/20260927/xSfpp_iIyDDO.md
xsGfV_rcHHEQ.md,主域名3000份,天气环境,300,https://github.com/51chiguawang319/202609/blob/main/20260927/xsGfV_rcHHEQ.md,https://raw.githubusercontent.com/51chiguawang319/202609/main/20260927/xsGfV_rcHHEQ.md
XsNtF_lYxIlA.md,主域名3000份,体育赛事,300,https://github.com/51chiguawang319/202609/blob/main/20260927/XsNtF_lYxIlA.md,https://raw.githubusercontent.com/51chiguawang319/202609/main/20260927/XsNtF_lYxIlA.md
XSPUq_fdHVRA.md,主域名3000份,健康医疗,300,https://github.com/51chiguawang319/202609/blob/main/20260927/XSPUq_fdHVRA.md,https://raw.githubusercontent.com/51chiguawang319/202609/main/20260927/XSPUq_fdHVRA.md
xSzAo_VIxOuo.md,主域名3000份,科技数码,300,https://github.com/51chiguawang319/202609/blob/main/20260927/xSzAo_VIxOuo.md,https://raw.githubusercontent.com/51chiguawang319/202609/main/20260927/xSzAo_VIxOuo.md
xTNRc_QCGuTy.md,泛二级1000份,文化娱乐,300,https://github.com/51chiguawang319/202609/blob/main/20260927/xTNRc_QCGuTy.md,https://raw.githubusercontent.com/51chiguawang319/202609/main/20260927/xTNRc_QCGuTy.md
xTuAf_GSdgaX.md,主域名3000份,体育赛事,300,https://github.com/51chiguawang319/202609/blob/main/20260927/xTuAf_GSdgaX.md,https://raw.githubusercontent.com/51chiguawang319/202609/main/20260927/xTuAf_GSdgaX.md
xtWPs_gZNscC.md,主域名3000份,体育赛事,300,https://github.com/51chiguawang319/202609/blob/main/20260927/xtWPs_gZNscC.md,https://raw.githubusercontent.com/51chiguawang319/202609/main/20260927/xtWPs_gZNscC.md
Xuajk_GSdBqg.md,主域名3000份,天气环境,300,https://github.com/51chiguawang319/202609/blob/main/20260927/Xuajk_GSdBqg.md,https://raw.githubusercontent.com/51chiguawang319/202609/main/20260927/Xuajk_GSdBqg.md
xUdJG_pcXKGu.md,主域名3000份,天气环境,300,https://github.com/51chiguawang319/202609/blob/main/20260927/xUdJG_pcXKGu.md,https://raw.githubusercontent.com/51chiguawang319/202609/main/20260927/xUdJG_pcXKGu.md
xuFKb_tWXJAI.md,主域名3000份,文化娱乐,300,https://github.com/51chiguawang319/202609/blob/main/20260927/xuFKb_tWXJAI.md,https://raw.githubusercontent.com/51chiguawang319/202609/main/20260927/xuFKb_tWXJAI.md
XuvHZ_JJdpPp.md,泛二级1000份,文化娱乐,300,https://github.com/51chiguawang319/202609/blob/main/20260927/XuvHZ_JJdpPp.md,https://raw.githubusercontent.com/51chiguawang319/202609/main/20260927/XuvHZ_JJdpPp.md
xuXQp_Tpceij.md,主域名3000份,体育赛事,300,https://github.com/51chiguawang319/202609/blob/main/20260927/xuXQp_Tpceij.md,https://raw.githubusercontent.com/51chiguawang319/202609/main/20260927/xuXQp_Tpceij.md
XUYcp_SKupVD.md,主域名3000份,科技数码,300,https://github.com/51chiguawang319/202609/blob/main/20260927/XUYcp_SKupVD.md,https://raw.githubusercontent.com/51chiguawang319/202609/main/20260927/XUYcp_SKupVD.md
xvAJd_ZRmaCd.md,主域名3000份,文化娱乐,300,https://github.com/51chiguawang319/202609/blob/main/20260927/xvAJd_ZRmaCd.md,https://raw.githubusercontent.com/51chiguawang319/202609/main/20260927/xvAJd_ZRmaCd.md
XVFSi_OYDgPw.md,泛二级1000份,科技数码,300,https://github.com/51chiguawang319/202609/blob/main/20260927/XVFSi_OYDgPw.md,https://raw.githubusercontent.com/51chiguawang319/202609/main/20260927/XVFSi_OYDgPw.md
XvQOR_glHeye.md,主域名3000份,文化娱乐,300,https://github.com/51chiguawang319/202609/blob/main/20260927/XvQOR_glHeye.md,https://raw.githubusercontent.com/51chiguawang319/202609/main/20260927/XvQOR_glHeye.md
xVruU_hdVzjp.md,主域名3000份,体育赛事,300,https://github.com/51chiguawang319/202609/blob/main/20260927/xVruU_hdVzjp.md,https://raw.githubusercontent.com/51chiguawang319/202609/main/20260927/xVruU_hdVzjp.md
xvsXd_jrrpTh.md,主域名3000份,天气环境,300,https://github.com/51chiguawang319/202609/blob/main/20260927/xvsXd_jrrpTh.md,https://raw.githubusercontent.com/51chiguawang319/202609/main/20260927/xvsXd_jrrpTh.md
XvwAP_HPtrDF.md,主域名3000份,健康医疗,300,https://github.com/51chiguawang319/202609/blob/main/20260927/XvwAP_HPtrDF.md,https://raw.githubusercontent.com/51chiguawang319/202609/main/20260927/XvwAP_HPtrDF.md
xWAdr_pzKoeX.md,泛二级1000份,科技数码,300,https://github.com/51chiguawang319/202609/blob/main/20260927/xWAdr_pzKoeX.md,https://raw.githubusercontent.com/51chiguawang319/202609/main/20260927/xWAdr_pzKoeX.md
xwbfZ_cIMMdj.md,主域名3000份,健康医疗,300,https://github.com/51chiguawang319/202609/blob/main/20260927/xwbfZ_cIMMdj.md,https://raw.githubusercontent.com/51chiguawang319/202609/main/20260927/xwbfZ_cIMMdj.md
XwBTH_BqroNC.md,主域名3000份,文化娱乐,300,https://github.com/51chiguawang319/202609/blob/main/20260927/XwBTH_BqroNC.md,https://raw.githubusercontent.com/51chiguawang319/202609/main/20260927/XwBTH_BqroNC.md
XWIjJ_aJQVHe.md,主域名3000份,文化娱乐,300,https://github.com/51chiguawang319/202609/blob/main/20260927/XWIjJ_aJQVHe.md,https://raw.githubusercontent.com/51chiguawang319/202609/main/20260927/XWIjJ_aJQVHe.md
xwRBJ_AFECrJ.md,主域名3000份,文化娱乐,300,https://github.com/51chiguawang319/202609/blob/main/20260927/xwRBJ_AFECrJ.md,https://raw.githubusercontent.com/51chiguawang319/202609/main/20260927/xwRBJ_AFECrJ.md
XxBDf_fmTDQV.md,主域名3000份,体育赛事,300,https://github.com/51chiguawang319/202609/blob/main/20260927/XxBDf_fmTDQV.md,https://raw.githubusercontent.com/51chiguawang319/202609/main/20260927/XxBDf_fmTDQV.md
XxBfW_eCOizx.md,主域名3000份,健康医疗,300,https://github.com/51chiguawang319/202609/blob/main/20260927/XxBfW_eCOizx.md,https://raw.githubusercontent.com/51chiguawang319/202609/main/20260927/XxBfW_eCOizx.md
xXByy_qvBWZp.md,泛二级1000份,科技数码,300,https://github.com/51chiguawang319/202609/blob/main/20260927/xXByy_qvBWZp.md,https://raw.githubusercontent.com/51chiguawang319/202609/main/20260927/xXByy_qvBWZp.md
xXdoJ_stCEey.md,主域名3000份,财经商业,300,https://github.com/51chiguawang319/202609/blob/main/20260927/xXdoJ_stCEey.md,https://raw.githubusercontent.com/51chiguawang319/202609/main/20260927/xXdoJ_stCEey.md
xxgTp_xeqBPc.md,主域名3000份,天气环境,300,https://github.com/51chiguawang319/202609/blob/main/20260927/xxgTp_xeqBPc.md,https://raw.githubusercontent.com/51chiguawang319/202609/main/20260927/xxgTp_xeqBPc.md
xxGyG_hjRYAv.md,主域名3000份,体育赛事,300,https://github.com/51chiguawang319/202609/blob/main/20260927/xxGyG_hjRYAv.md,https://raw.githubusercontent.com/51chiguawang319/202609/main/20260927/xxGyG_hjRYAv.md
xxHTp_uSRaIL.md,泛二级1000份,财经商业,300,https://github.com/51chiguawang319/202609/blob/main/20260927/xxHTp_uSRaIL.md,https://raw.githubusercontent.com/51chiguawang319/202609/main/20260927/xxHTp_uSRaIL.md
xXLKY_AVUSuE.md,主域名3000份,文化娱乐,300,https://github.com/51chiguawang319/202609/blob/main/20260927/xXLKY_AVUSuE.md,https://raw.githubusercontent.com/51chiguawang319/202609/main/20260927/xXLKY_AVUSuE.md
XxwvJ_ftDpdt.md,泛二级1000份,健康医疗,300,https://github.com/51chiguawang319/202609/blob/main/20260927/XxwvJ_ftDpdt.md,https://raw.githubusercontent.com/51chiguawang319/202609/main/20260927/XxwvJ_ftDpdt.md
xYHhr_XgAZvO.md,主域名3000份,健康医疗,300,https://github.com/51chiguawang319/202609/blob/main/20260927/xYHhr_XgAZvO.md,https://raw.githubusercontent.com/51chiguawang319/202609/main/20260927/xYHhr_XgAZvO.md
xyjKh_zqyTFL.md,主域名3000份,科技数码,300,https://github.com/51chiguawang319/202609/blob/main/20260927/xyjKh_zqyTFL.md,https://raw.githubusercontent.com/51chiguawang319/202609/main/20260927/xyjKh_zqyTFL.md
XyJOF_TrwFRp.md,主域名3000份,体育赛事,300,https://github.com/51chiguawang319/202609/blob/main/20260927/XyJOF_TrwFRp.md,https://raw.githubusercontent.com/51chiguawang319/202609/main/20260927/XyJOF_TrwFRp.md
xyoiN_VpLfHN.md,主域名3000份,体育赛事,300,https://github.com/51chiguawang319/202609/blob/main/20260927/xyoiN_VpLfHN.md,https://raw.githubusercontent.com/51chiguawang319/202609/main/20260927/xyoiN_VpLfHN.md
xYPCj_fLnNjP.md,泛二级1000份,天气环境,300,https://github.com/51chiguawang319/202609/blob/main/20260927/xYPCj_fLnNjP.md,https://raw.githubusercontent.com/51chiguawang319/202609/main/20260927/xYPCj_fLnNjP.md
xyRgO_dIaFgc.md,主域名3000份,文化娱乐,300,https://github.com/51chiguawang319/202609/blob/main/20260927/xyRgO_dIaFgc.md,https://raw.githubusercontent.com/51chiguawang319/202609/main/20260927/xyRgO_dIaFgc.md
xzbYp_KCywtn.md,泛二级1000份,体育赛事,300,https://github.com/51chiguawang319/202609/blob/main/20260927/xzbYp_KCywtn.md,https://raw.githubusercontent.com/51chiguawang319/202609/main/20260927/xzbYp_KCywtn.md
xzihC_ZKnMIh.md,主域名3000份,健康医疗,300,https://github.com/51chiguawang319/202609/blob/main/20260927/xzihC_ZKnMIh.md,https://raw.githubusercontent.com/51chiguawang319/202609/main/20260927/xzihC_ZKnMIh.md
xzrXa_lTqlhh.md,主域名3000份,体育赛事,300,https://github.com/51chiguawang319/202609/blob/main/20260927/xzrXa_lTqlhh.md,https://raw.githubusercontent.com/51chiguawang319/202609/main/20260927/xzrXa_lTqlhh.md
xZsxf_tjzDwT.md,主域名3000份,健康医疗,300,https://github.com/51chiguawang319/202609/blob/main/20260927/xZsxf_tjzDwT.md,https://raw.githubusercontent.com/51chiguawang319/202609/main/20260927/xZsxf_tjzDwT.md
XZZkC_PMxjTQ.md,泛二级1000份,文化娱乐,300,https://github.com/51chiguawang319/202609/blob/main/20260927/XZZkC_PMxjTQ.md,https://raw.githubusercontent.com/51chiguawang319/202609/main/20260927/XZZkC_PMxjTQ.md
yAobQ_kGeeJq.md,主域名3000份,健康医疗,300,https://github.com/51chiguawang319/202609/blob/main/20260927/yAobQ_kGeeJq.md,https://raw.githubusercontent.com/51chiguawang319/202609/main/20260927/yAobQ_kGeeJq.md
YAojJ_CgBCgW.md,主域名3000份,科技数码,300,https://github.com/51chiguawang319/202609/blob/main/20260927/YAojJ_CgBCgW.md,https://raw.githubusercontent.com/51chiguawang319/202609/main/20260927/YAojJ_CgBCgW.md
YAPxG_QnLfye.md,主域名3000份,天气环境,300,https://github.com/51chiguawang319/202609/blob/main/20260927/YAPxG_QnLfye.md,https://raw.githubusercontent.com/51chiguawang319/202609/main/20260927/YAPxG_QnLfye.md
YAqBJ_gtPnFB.md,主域名3000份,文化娱乐,300,https://github.com/51chiguawang319/202609/blob/main/20260927/YAqBJ_gtPnFB.md,https://raw.githubusercontent.com/51chiguawang319/202609/main/20260927/YAqBJ_gtPnFB.md
ybepG_lZLbUB.md,主域名3000份,健康医疗,300,https://github.com/51chiguawang319/202609/blob/main/20260927/ybepG_lZLbUB.md,https://raw.githubusercontent.com/51chiguawang319/202609/main/20260927/ybepG_lZLbUB.md
Ybhst_UShvgd.md,主域名3000份,财经商业,300,https://github.com/51chiguawang319/202609/blob/main/20260927/Ybhst_UShvgd.md,https://raw.githubusercontent.com/51chiguawang319/202609/main/20260927/Ybhst_UShvgd.md
YBmhy_tLCIJe.md,主域名3000份,科技数码,300,https://github.com/51chiguawang319/202609/blob/main/20260927/YBmhy_tLCIJe.md,https://raw.githubusercontent.com/51chiguawang319/202609/main/20260927/YBmhy_tLCIJe.md
YBpaF_ptlRvb.md,主域名3000份,财经商业,300,https://github.com/51chiguawang319/202609/blob/main/20260927/YBpaF_ptlRvb.md,https://raw.githubusercontent.com/51chiguawang319/202609/main/20260927/YBpaF_ptlRvb.md
YbQoi_FuUgmI.md,主域名3000份,健康医疗,300,https://github.com/51chiguawang319/202609/blob/main/20260927/YbQoi_FuUgmI.md,https://raw.githubusercontent.com/51chiguawang319/202609/main/20260927/YbQoi_FuUgmI.md
YChNH_WXafzy.md,主域名3000份,文化娱乐,300,https://github.com/51chiguawang319/202609/blob/main/20260927/YChNH_WXafzy.md,https://raw.githubusercontent.com/51chiguawang319/202609/main/20260927/YChNH_WXafzy.md
yckpP_FlpcCe.md,主域名3000份,健康医疗,300,https://github.com/51chiguawang319/202609/blob/main/20260927/yckpP_FlpcCe.md,https://raw.githubusercontent.com/51chiguawang319/202609/main/20260927/yckpP_FlpcCe.md
yCOCk_lnoRLw.md,主域名3000份,体育赛事,300,https://github.com/51chiguawang319/202609/blob/main/20260927/yCOCk_lnoRLw.md,https://raw.githubusercontent.com/51chiguawang319/202609/main/20260927/yCOCk_lnoRLw.md
yCWcc_LDhDlI.md,主域名3000份,科技数码,300,https://github.com/51chiguawang319/202609/blob/main/20260927/yCWcc_LDhDlI.md,https://raw.githubusercontent.com/51chiguawang319/202609/main/20260927/yCWcc_LDhDlI.md
yCWFa_NNqOKA.md,主域名3000份,科技数码,300,https://github.com/51chiguawang319/202609/blob/main/20260927/yCWFa_NNqOKA.md,https://raw.githubusercontent.com/51chiguawang319/202609/main/20260927/yCWFa_NNqOKA.md
yczAd_DxWMst.md,主域名3000份,科技数码,300,https://github.com/51chiguawang319/202609/blob/main/20260927/yczAd_DxWMst.md,https://raw.githubusercontent.com/51chiguawang319/202609/main/20260927/yczAd_DxWMst.md
YdDPB_rWutpF.md,主域名3000份,科技数码,300,https://github.com/51chiguawang319/202609/blob/main/20260927/YdDPB_rWutpF.md,https://raw.githubusercontent.com/51chiguawang319/202609/main/20260927/YdDPB_rWutpF.md
YDoEk_KreDSR.md,泛二级1000份,体育赛事,300,https://github.com/51chiguawang319/202609/blob/main/20260927/YDoEk_KreDSR.md,https://raw.githubusercontent.com/51chiguawang319/202609/main/20260927/YDoEk_KreDSR.md
YDPbi_XoAhna.md,主域名3000份,财经商业,300,https://github.com/51chiguawang319/202609/blob/main/20260927/YDPbi_XoAhna.md,https://raw.githubusercontent.com/51chiguawang319/202609/main/20260927/YDPbi_XoAhna.md
YDzSh_YfcWFN.md,泛二级1000份,体育赛事,300,https://github.com/51chiguawang319/202609/blob/main/20260927/YDzSh_YfcWFN.md,https://raw.githubusercontent.com/51chiguawang319/202609/main/20260927/YDzSh_YfcWFN.md
yedED_GhZKbJ.md,主域名3000份,文化娱乐,300,https://github.com/51chiguawang319/202609/blob/main/20260927/yedED_GhZKbJ.md,https://raw.githubusercontent.com/51chiguawang319/202609/main/20260927/yedED_GhZKbJ.md
YeeDN_yGmpZT.md,主域名3000份,健康医疗,300,https://github.com/51chiguawang319/202609/blob/main/20260927/YeeDN_yGmpZT.md,https://raw.githubusercontent.com/51chiguawang319/202609/main/20260927/YeeDN_yGmpZT.md
YeGKu_tASgrP.md,泛二级1000份,健康医疗,300,https://github.com/51chiguawang319/202609/blob/main/20260927/YeGKu_tASgrP.md,https://raw.githubusercontent.com/51chiguawang319/202609/main/20260927/YeGKu_tASgrP.md
yekGt_Aefvlf.md,主域名3000份,财经商业,300,https://github.com/51chiguawang319/202609/blob/main/20260927/yekGt_Aefvlf.md,https://raw.githubusercontent.com/51chiguawang319/202609/main/20260927/yekGt_Aefvlf.md
YeoJq_NdemXn.md,主域名3000份,文化娱乐,300,https://github.com/51chiguawang319/202609/blob/main/20260927/YeoJq_NdemXn.md,https://raw.githubusercontent.com/51chiguawang319/202609/main/20260927/YeoJq_NdemXn.md
YFgCT_aSHLDY.md,主域名3000份,体育赛事,300,https://github.com/51chiguawang319/202609/blob/main/20260927/YFgCT_aSHLDY.md,https://raw.githubusercontent.com/51chiguawang319/202609/main/20260927/YFgCT_aSHLDY.md
yFgyI_bMmZPp.md,主域名3000份,财经商业,300,https://github.com/51chiguawang319/202609/blob/main/20260927/yFgyI_bMmZPp.md,https://raw.githubusercontent.com/51chiguawang319/202609/main/20260927/yFgyI_bMmZPp.md
YFQym_egNbki.md,泛二级1000份,科技数码,300,https://github.com/51chiguawang319/202609/blob/main/20260927/YFQym_egNbki.md,https://raw.githubusercontent.com/51chiguawang319/202609/main/20260927/YFQym_egNbki.md
yFtDK_WkmLsE.md,主域名3000份,文化娱乐,300,https://github.com/51chiguawang319/202609/blob/main/20260927/yFtDK_WkmLsE.md,https://raw.githubusercontent.com/51chiguawang319/202609/main/20260927/yFtDK_WkmLsE.md
YFuPP_lsfUTf.md,主域名3000份,科技数码,300,https://github.com/51chiguawang319/202609/blob/main/20260927/YFuPP_lsfUTf.md,https://raw.githubusercontent.com/51chiguawang319/202609/main/20260927/YFuPP_lsfUTf.md
YFYeN_hdAPor.md,主域名3000份,健康医疗,300,https://github.com/51chiguawang319/202609/blob/main/20260927/YFYeN_hdAPor.md,https://raw.githubusercontent.com/51chiguawang319/202609/main/20260927/YFYeN_hdAPor.md
yGDcu_qcjBrU.md,主域名3000份,财经商业,300,https://github.com/51chiguawang319/202609/blob/main/20260927/yGDcu_qcjBrU.md,https://raw.githubusercontent.com/51chiguawang319/202609/main/20260927/yGDcu_qcjBrU.md
ygnqV_ISNgdh.md,泛二级1000份,体育赛事,300,https://github.com/51chiguawang319/202609/blob/main/20260927/ygnqV_ISNgdh.md,https://raw.githubusercontent.com/51chiguawang319/202609/main/20260927/ygnqV_ISNgdh.md
YgrAr_SkhXzo.md,主域名3000份,科技数码,300,https://github.com/51chiguawang319/202609/blob/main/20260927/YgrAr_SkhXzo.md,https://raw.githubusercontent.com/51chiguawang319/202609/main/20260927/YgrAr_SkhXzo.md
ygUwz_mhrHiW.md,主域名3000份,体育赛事,300,https://github.com/51chiguawang319/202609/blob/main/20260927/ygUwz_mhrHiW.md,https://raw.githubusercontent.com/51chiguawang319/202609/main/20260927/ygUwz_mhrHiW.md
yHDxY_Vnlgwo.md,泛二级1000份,天气环境,300,https://github.com/51chiguawang319/202609/blob/main/20260927/yHDxY_Vnlgwo.md,https://raw.githubusercontent.com/51chiguawang319/202609/main/20260927/yHDxY_Vnlgwo.md
YHKRn_VZQJns.md,主域名3000份,科技数码,300,https://github.com/51chiguawang319/202609/blob/main/20260927/YHKRn_VZQJns.md,https://raw.githubusercontent.com/51chiguawang319/202609/main/20260927/YHKRn_VZQJns.md
YHmPU_eSmjHn.md,主域名3000份,体育赛事,300,https://github.com/51chiguawang319/202609/blob/main/20260927/YHmPU_eSmjHn.md,https://raw.githubusercontent.com/51chiguawang319/202609/main/20260927/YHmPU_eSmjHn.md
yHOGr_hllQaQ.md,主域名3000份,财经商业,300,https://github.com/51chiguawang319/202609/blob/main/20260927/yHOGr_hllQaQ.md,https://raw.githubusercontent.com/51chiguawang319/202609/main/20260927/yHOGr_hllQaQ.md
YHwHh_qvGBHP.md,主域名3000份,体育赛事,300,https://github.com/51chiguawang319/202609/blob/main/20260927/YHwHh_qvGBHP.md,https://raw.githubusercontent.com/51chiguawang319/202609/main/20260927/YHwHh_qvGBHP.md
YHwXN_aqgMYO.md,主域名3000份,科技数码,300,https://github.com/51chiguawang319/202609/blob/main/20260927/YHwXN_aqgMYO.md,https://raw.githubusercontent.com/51chiguawang319/202609/main/20260927/YHwXN_aqgMYO.md
yiAIV_ZSuNbB.md,主域名3000份,天气环境,300,https://github.com/51chiguawang319/202609/blob/main/20260927/yiAIV_ZSuNbB.md,https://raw.githubusercontent.com/51chiguawang319/202609/main/20260927/yiAIV_ZSuNbB.md
YiQro_idjbXo.md,主域名3000份,科技数码,300,https://github.com/51chiguawang319/202609/blob/main/20260927/YiQro_idjbXo.md,https://raw.githubusercontent.com/51chiguawang319/202609/main/20260927/YiQro_idjbXo.md
yIzgO_NvZsBU.md,主域名3000份,财经商业,300,https://github.com/51chiguawang319/202609/blob/main/20260927/yIzgO_NvZsBU.md,https://raw.githubusercontent.com/51chiguawang319/202609/main/20260927/yIzgO_NvZsBU.md
YJAvd_kTTxfg.md,泛二级1000份,财经商业,300,https://github.com/51chiguawang319/202609/blob/main/20260927/YJAvd_kTTxfg.md,https://raw.githubusercontent.com/51chiguawang319/202609/main/20260927/YJAvd_kTTxfg.md
yjAXE_MpDayx.md,泛二级1000份,天气环境,300,https://github.com/51chiguawang319/202609/blob/main/20260927/yjAXE_MpDayx.md,https://raw.githubusercontent.com/51chiguawang319/202609/main/20260927/yjAXE_MpDayx.md
yjBfb_pdVNdL.md,主域名3000份,天气环境,300,https://github.com/51chiguawang319/202609/blob/main/20260927/yjBfb_pdVNdL.md,https://raw.githubusercontent.com/51chiguawang319/202609/main/20260927/yjBfb_pdVNdL.md
YJjTg_huEMgA.md,主域名3000份,科技数码,300,https://github.com/51chiguawang319/202609/blob/main/20260927/YJjTg_huEMgA.md,https://raw.githubusercontent.com/51chiguawang319/202609/main/20260927/YJjTg_huEMgA.md
YJnFX_npSfwB.md,主域名3000份,体育赛事,300,https://github.com/51chiguawang319/202609/blob/main/20260927/YJnFX_npSfwB.md,https://raw.githubusercontent.com/51chiguawang319/202609/main/20260927/YJnFX_npSfwB.md
yJoyc_kEpmqW.md,主域名3000份,科技数码,300,https://github.com/51chiguawang319/202609/blob/main/20260927/yJoyc_kEpmqW.md,https://raw.githubusercontent.com/51chiguawang319/202609/main/20260927/yJoyc_kEpmqW.md
YJpdo_buyMwr.md,主域名3000份,文化娱乐,300,https://github.com/51chiguawang319/202609/blob/main/20260927/YJpdo_buyMwr.md,https://raw.githubusercontent.com/51chiguawang319/202609/main/20260927/YJpdo_buyMwr.md
YjxBT_hQpJmt.md,主域名3000份,体育赛事,300,https://github.com/51chiguawang319/202609/blob/main/20260927/YjxBT_hQpJmt.md,https://raw.githubusercontent.com/51chiguawang319/202609/main/20260927/YjxBT_hQpJmt.md
ykMkB_apVcrs.md,主域名3000份,天气环境,300,https://github.com/51chiguawang319/202609/blob/main/20260927/ykMkB_apVcrs.md,https://raw.githubusercontent.com/51chiguawang319/202609/main/20260927/ykMkB_apVcrs.md
yKPfY_ZfTnXu.md,主域名3000份,文化娱乐,300,https://github.com/51chiguawang319/202609/blob/main/20260927/yKPfY_ZfTnXu.md,https://raw.githubusercontent.com/51chiguawang319/202609/main/20260927/yKPfY_ZfTnXu.md
YKPvG_dqFMul.md,主域名3000份,健康医疗,300,https://github.com/51chiguawang319/202609/blob/main/20260927/YKPvG_dqFMul.md,https://raw.githubusercontent.com/51chiguawang319/202609/main/20260927/YKPvG_dqFMul.md
YkQwN_ZFlwaR.md,主域名3000份,财经商业,300,https://github.com/51chiguawang319/202609/blob/main/20260927/YkQwN_ZFlwaR.md,https://raw.githubusercontent.com/51chiguawang319/202609/main/20260927/YkQwN_ZFlwaR.md
Ylqfx_Foueck.md,主域名3000份,体育赛事,300,https://github.com/51chiguawang319/202609/blob/main/20260927/Ylqfx_Foueck.md,https://raw.githubusercontent.com/51chiguawang319/202609/main/20260927/Ylqfx_Foueck.md
ymBsl_DsvMGH.md,主域名3000份,体育赛事,300,https://github.com/51chiguawang319/202609/blob/main/20260927/ymBsl_DsvMGH.md,https://raw.githubusercontent.com/51chiguawang319/202609/main/20260927/ymBsl_DsvMGH.md
ymEId_FDKawE.md,主域名3000份,科技数码,300,https://github.com/51chiguawang319/202609/blob/main/20260927/ymEId_FDKawE.md,https://raw.githubusercontent.com/51chiguawang319/202609/main/20260927/ymEId_FDKawE.md
YMfgq_LiMrYd.md,主域名3000份,科技数码,300,https://github.com/51chiguawang319/202609/blob/main/20260927/YMfgq_LiMrYd.md,https://raw.githubusercontent.com/51chiguawang319/202609/main/20260927/YMfgq_LiMrYd.md
YmIMM_zBYIBy.md,主域名3000份,科技数码,300,https://github.com/51chiguawang319/202609/blob/main/20260927/YmIMM_zBYIBy.md,https://raw.githubusercontent.com/51chiguawang319/202609/main/20260927/YmIMM_zBYIBy.md
Ymjlv_OxGXXx.md,主域名3000份,体育赛事,300,https://github.com/51chiguawang319/202609/blob/main/20260927/Ymjlv_OxGXXx.md,https://raw.githubusercontent.com/51chiguawang319/202609/main/20260927/Ymjlv_OxGXXx.md
YMtkj_GXWBCj.md,主域名3000份,健康医疗,300,https://github.com/51chiguawang319/202609/blob/main/20260927/YMtkj_GXWBCj.md,https://raw.githubusercontent.com/51chiguawang319/202609/main/20260927/YMtkj_GXWBCj.md
YMtra_FXNjcn.md,泛二级1000份,文化娱乐,300,https://github.com/51chiguawang319/202609/blob/main/20260927/YMtra_FXNjcn.md,https://raw.githubusercontent.com/51chiguawang319/202609/main/20260927/YMtra_FXNjcn.md
yMtUI_hkHMbW.md,主域名3000份,天气环境,300,https://github.com/51chiguawang319/202609/blob/main/20260927/yMtUI_hkHMbW.md,https://raw.githubusercontent.com/51chiguawang319/202609/main/20260927/yMtUI_hkHMbW.md
YMuHP_FwTkqq.md,主域名3000份,科技数码,300,https://github.com/51chiguawang319/202609/blob/main/20260927/YMuHP_FwTkqq.md,https://raw.githubusercontent.com/51chiguawang319/202609/main/20260927/YMuHP_FwTkqq.md
YMWiV_kCnLrI.md,主域名3000份,财经商业,300,https://github.com/51chiguawang319/202609/blob/main/20260927/YMWiV_kCnLrI.md,https://raw.githubusercontent.com/51chiguawang319/202609/main/20260927/YMWiV_kCnLrI.md
yMYOM_YdCMOV.md,主域名3000份,健康医疗,300,https://github.com/51chiguawang319/202609/blob/main/20260927/yMYOM_YdCMOV.md,https://raw.githubusercontent.com/51chiguawang319/202609/main/20260927/yMYOM_YdCMOV.md
yNAOd_YFafyn.md,主域名3000份,体育赛事,300,https://github.com/51chiguawang319/202609/blob/main/20260927/yNAOd_YFafyn.md,https://raw.githubusercontent.com/51chiguawang319/202609/main/20260927/yNAOd_YFafyn.md
YnCHC_gngpHS.md,泛二级1000份,体育赛事,300,https://github.com/51chiguawang319/202609/blob/main/20260927/YnCHC_gngpHS.md,https://raw.githubusercontent.com/51chiguawang319/202609/main/20260927/YnCHC_gngpHS.md
YNdFw_DdBqEl.md,主域名3000份,科技数码,300,https://github.com/51chiguawang319/202609/blob/main/20260927/YNdFw_DdBqEl.md,https://raw.githubusercontent.com/51chiguawang319/202609/main/20260927/YNdFw_DdBqEl.md
YndGS_DUTfPo.md,主域名3000份,体育赛事,300,https://github.com/51chiguawang319/202609/blob/main/20260927/YndGS_DUTfPo.md,https://raw.githubusercontent.com/51chiguawang319/202609/main/20260927/YndGS_DUTfPo.md
YNgks_JpPqoD.md,主域名3000份,文化娱乐,300,https://github.com/51chiguawang319/202609/blob/main/20260927/YNgks_JpPqoD.md,https://raw.githubusercontent.com/51chiguawang319/202609/main/20260927/YNgks_JpPqoD.md
YnMcs_lrcXAe.md,主域名3000份,天气环境,300,https://github.com/51chiguawang319/202609/blob/main/20260927/YnMcs_lrcXAe.md,https://raw.githubusercontent.com/51chiguawang319/202609/main/20260927/YnMcs_lrcXAe.md
ynnTm_NNkszk.md,主域名3000份,天气环境,300,https://github.com/51chiguawang319/202609/blob/main/20260927/ynnTm_NNkszk.md,https://raw.githubusercontent.com/51chiguawang319/202609/main/20260927/ynnTm_NNkszk.md
ynpQj_OewSKR.md,主域名3000份,财经商业,300,https://github.com/51chiguawang319/202609/blob/main/20260927/ynpQj_OewSKR.md,https://raw.githubusercontent.com/51chiguawang319/202609/main/20260927/ynpQj_OewSKR.md
yntFV_QrEQRF.md,主域名3000份,文化娱乐,300,https://github.com/51chiguawang319/202609/blob/main/20260927/yntFV_QrEQRF.md,https://raw.githubusercontent.com/51chiguawang319/202609/main/20260927/yntFV_QrEQRF.md
YNXdO_nNvBQd.md,主域名3000份,天气环境,300,https://github.com/51chiguawang319/202609/blob/main/20260927/YNXdO_nNvBQd.md,https://raw.githubusercontent.com/51chiguawang319/202609/main/20260927/YNXdO_nNvBQd.md
YOAJt_fviLUQ.md,主域名3000份,体育赛事,300,https://github.com/51chiguawang319/202609/blob/main/20260927/YOAJt_fviLUQ.md,https://raw.githubusercontent.com/51chiguawang319/202609/main/20260927/YOAJt_fviLUQ.md
YOCTb_IokIjs.md,主域名3000份,文化娱乐,300,https://github.com/51chiguawang319/202609/blob/main/20260927/YOCTb_IokIjs.md,https://raw.githubusercontent.com/51chiguawang319/202609/main/20260927/YOCTb_IokIjs.md
YOMir_BibGFL.md,泛二级1000份,文化娱乐,300,https://github.com/51chiguawang319/202609/blob/main/20260927/YOMir_BibGFL.md,https://raw.githubusercontent.com/51chiguawang319/202609/main/20260927/YOMir_BibGFL.md
YoqIw_WxYLpc.md,泛二级1000份,文化娱乐,300,https://github.com/51chiguawang319/202609/blob/main/20260927/YoqIw_WxYLpc.md,https://raw.githubusercontent.com/51chiguawang319/202609/main/20260927/YoqIw_WxYLpc.md
YoTNn_pCbOCu.md,主域名3000份,科技数码,300,https://github.com/51chiguawang319/202609/blob/main/20260927/YoTNn_pCbOCu.md,https://raw.githubusercontent.com/51chiguawang319/202609/main/20260927/YoTNn_pCbOCu.md
YoUdm_VQUnFA.md,泛二级1000份,体育赛事,300,https://github.com/51chiguawang319/202609/blob/main/20260927/YoUdm_VQUnFA.md,https://raw.githubusercontent.com/51chiguawang319/202609/main/20260927/YoUdm_VQUnFA.md
ypIKQ_PKjReD.md,主域名3000份,财经商业,300,https://github.com/51chiguawang319/202609/blob/main/20260927/ypIKQ_PKjReD.md,https://raw.githubusercontent.com/51chiguawang319/202609/main/20260927/ypIKQ_PKjReD.md
ypkZw_JmisJF.md,主域名3000份,健康医疗,300,https://github.com/51chiguawang319/202609/blob/main/20260927/ypkZw_JmisJF.md,https://raw.githubusercontent.com/51chiguawang319/202609/main/20260927/ypkZw_JmisJF.md
YPNEa_FtrCCW.md,主域名3000份,科技数码,300,https://github.com/51chiguawang319/202609/blob/main/20260927/YPNEa_FtrCCW.md,https://raw.githubusercontent.com/51chiguawang319/202609/main/20260927/YPNEa_FtrCCW.md
YPnIb_weKvcS.md,主域名3000份,科技数码,300,https://github.com/51chiguawang319/202609/blob/main/20260927/YPnIb_weKvcS.md,https://raw.githubusercontent.com/51chiguawang319/202609/main/20260927/YPnIb_weKvcS.md
yPpgS_qlBbIZ.md,主域名3000份,科技数码,300,https://github.com/51chiguawang319/202609/blob/main/20260927/yPpgS_qlBbIZ.md,https://raw.githubusercontent.com/51chiguawang319/202609/main/20260927/yPpgS_qlBbIZ.md
yPPyl_eLifcj.md,主域名3000份,体育赛事,300,https://github.com/51chiguawang319/202609/blob/main/20260927/yPPyl_eLifcj.md,https://raw.githubusercontent.com/51chiguawang319/202609/main/20260927/yPPyl_eLifcj.md
YpUZL_LbBVvn.md,主域名3000份,体育赛事,300,https://github.com/51chiguawang319/202609/blob/main/20260927/YpUZL_LbBVvn.md,https://raw.githubusercontent.com/51chiguawang319/202609/main/20260927/YpUZL_LbBVvn.md
YQBui_TZPPTi.md,主域名3000份,文化娱乐,300,https://github.com/51chiguawang319/202609/blob/main/20260927/YQBui_TZPPTi.md,https://raw.githubusercontent.com/51chiguawang319/202609/main/20260927/YQBui_TZPPTi.md
yQEZM_MxcySF.md,主域名3000份,财经商业,300,https://github.com/51chiguawang319/202609/blob/main/20260927/yQEZM_MxcySF.md,https://raw.githubusercontent.com/51chiguawang319/202609/main/20260927/yQEZM_MxcySF.md
yQfRi_XmUKje.md,主域名3000份,天气环境,300,https://github.com/51chiguawang319/202609/blob/main/20260927/yQfRi_XmUKje.md,https://raw.githubusercontent.com/51chiguawang319/202609/main/20260927/yQfRi_XmUKje.md
yQhsI_fIwjVB.md,泛二级1000份,健康医疗,300,https://github.com/51chiguawang319/202609/blob/main/20260927/yQhsI_fIwjVB.md,https://raw.githubusercontent.com/51chiguawang319/202609/main/20260927/yQhsI_fIwjVB.md
YQkfo_epXZvT.md,主域名3000份,财经商业,300,https://github.com/51chiguawang319/202609/blob/main/20260927/YQkfo_epXZvT.md,https://raw.githubusercontent.com/51chiguawang319/202609/main/20260927/YQkfo_epXZvT.md
yQpPN_mIAfQw.md,主域名3000份,天气环境,300,https://github.com/51chiguawang319/202609/blob/main/20260927/yQpPN_mIAfQw.md,https://raw.githubusercontent.com/51chiguawang319/202609/main/20260927/yQpPN_mIAfQw.md
yQrEp_ZwTdAa.md,泛二级1000份,财经商业,300,https://github.com/51chiguawang319/202609/blob/main/20260927/yQrEp_ZwTdAa.md,https://raw.githubusercontent.com/51chiguawang319/202609/main/20260927/yQrEp_ZwTdAa.md
yQuaP_NhNFiu.md,主域名3000份,科技数码,300,https://github.com/51chiguawang319/202609/blob/main/20260927/yQuaP_NhNFiu.md,https://raw.githubusercontent.com/51chiguawang319/202609/main/20260927/yQuaP_NhNFiu.md
YrHFA_eiMCKC.md,主域名3000份,财经商业,300,https://github.com/51chiguawang319/202609/blob/main/20260927/YrHFA_eiMCKC.md,https://raw.githubusercontent.com/51chiguawang319/202609/main/20260927/YrHFA_eiMCKC.md
yrhRJ_QADmbe.md,主域名3000份,健康医疗,300,https://github.com/51chiguawang319/202609/blob/main/20260927/yrhRJ_QADmbe.md,https://raw.githubusercontent.com/51chiguawang319/202609/main/20260927/yrhRJ_QADmbe.md
YrJET_GPaQhw.md,泛二级1000份,天气环境,300,https://github.com/51chiguawang319/202609/blob/main/20260927/YrJET_GPaQhw.md,https://raw.githubusercontent.com/51chiguawang319/202609/main/20260927/YrJET_GPaQhw.md
yrKNC_kJUOJu.md,主域名3000份,体育赛事,300,https://github.com/51chiguawang319/202609/blob/main/20260927/yrKNC_kJUOJu.md,https://raw.githubusercontent.com/51chiguawang319/202609/main/20260927/yrKNC_kJUOJu.md
yrmTy_mlBgrL.md,主域名3000份,健康医疗,300,https://github.com/51chiguawang319/202609/blob/main/20260927/yrmTy_mlBgrL.md,https://raw.githubusercontent.com/51chiguawang319/202609/main/20260927/yrmTy_mlBgrL.md
YRNdF_mvvdWL.md,泛二级1000份,科技数码,300,https://github.com/51chiguawang319/202609/blob/main/20260927/YRNdF_mvvdWL.md,https://raw.githubusercontent.com/51chiguawang319/202609/main/20260927/YRNdF_mvvdWL.md
yRNiC_Tmnqjy.md,泛二级1000份,文化娱乐,300,https://github.com/51chiguawang319/202609/blob/main/20260927/yRNiC_Tmnqjy.md,https://raw.githubusercontent.com/51chiguawang319/202609/main/20260927/yRNiC_Tmnqjy.md
YRZIy_xcOgBF.md,主域名3000份,科技数码,300,https://github.com/51chiguawang319/202609/blob/main/20260927/YRZIy_xcOgBF.md,https://raw.githubusercontent.com/51chiguawang319/202609/main/20260927/YRZIy_xcOgBF.md
ysbDL_wcBOVM.md,主域名3000份,文化娱乐,300,https://github.com/51chiguawang319/202609/blob/main/20260927/ysbDL_wcBOVM.md,https://raw.githubusercontent.com/51chiguawang319/202609/main/20260927/ysbDL_wcBOVM.md
ysCAw_bZELDW.md,泛二级1000份,健康医疗,300,https://github.com/51chiguawang319/202609/blob/main/20260927/ysCAw_bZELDW.md,https://raw.githubusercontent.com/51chiguawang319/202609/main/20260927/ysCAw_bZELDW.md
YSFgm_yXzOXi.md,主域名3000份,健康医疗,300,https://github.com/51chiguawang319/202609/blob/main/20260927/YSFgm_yXzOXi.md,https://raw.githubusercontent.com/51chiguawang319/202609/main/20260927/YSFgm_yXzOXi.md
yteqH_wKZJZo.md,主域名3000份,文化娱乐,300,https://github.com/51chiguawang319/202609/blob/main/20260927/yteqH_wKZJZo.md,https://raw.githubusercontent.com/51chiguawang319/202609/main/20260927/yteqH_wKZJZo.md
yTKhn_aFGeyM.md,泛二级1000份,财经商业,300,https://github.com/51chiguawang319/202609/blob/main/20260927/yTKhn_aFGeyM.md,https://raw.githubusercontent.com/51chiguawang319/202609/main/20260927/yTKhn_aFGeyM.md
YtmSQ_fsElPN.md,泛二级1000份,健康医疗,300,https://github.com/51chiguawang319/202609/blob/main/20260927/YtmSQ_fsElPN.md,https://raw.githubusercontent.com/51chiguawang319/202609/main/20260927/YtmSQ_fsElPN.md
YTqDn_jglAZU.md,主域名3000份,科技数码,300,https://github.com/51chiguawang319/202609/blob/main/20260927/YTqDn_jglAZU.md,https://raw.githubusercontent.com/51chiguawang319/202609/main/20260927/YTqDn_jglAZU.md
yTqvK_egzZIi.md,主域名3000份,文化娱乐,300,https://github.com/51chiguawang319/202609/blob/main/20260927/yTqvK_egzZIi.md,https://raw.githubusercontent.com/51chiguawang319/202609/main/20260927/yTqvK_egzZIi.md
ytRQw_fsCOCV.md,泛二级1000份,健康医疗,300,https://github.com/51chiguawang319/202609/blob/main/20260927/ytRQw_fsCOCV.md,https://raw.githubusercontent.com/51chiguawang319/202609/main/20260927/ytRQw_fsCOCV.md
YtuEs_iSBgkF.md,泛二级1000份,文化娱乐,300,https://github.com/51chiguawang319/202609/blob/main/20260927/YtuEs_iSBgkF.md,https://raw.githubusercontent.com/51chiguawang319/202609/main/20260927/YtuEs_iSBgkF.md
YTWfe_NsXQfy.md,主域名3000份,文化娱乐,300,https://github.com/51chiguawang319/202609/blob/main/20260927/YTWfe_NsXQfy.md,https://raw.githubusercontent.com/51chiguawang319/202609/main/20260927/YTWfe_NsXQfy.md
YtZqd_onsuNy.md,泛二级1000份,体育赛事,300,https://github.com/51chiguawang319/202609/blob/main/20260927/YtZqd_onsuNy.md,https://raw.githubusercontent.com/51chiguawang319/202609/main/20260927/YtZqd_onsuNy.md
yUjCt_vaPYDH.md,主域名3000份,体育赛事,300,https://github.com/51chiguawang319/202609/blob/main/20260927/yUjCt_vaPYDH.md,https://raw.githubusercontent.com/51chiguawang319/202609/main/20260927/yUjCt_vaPYDH.md
yusEz_SZFsaO.md,主域名3000份,健康医疗,300,https://github.com/51chiguawang319/202609/blob/main/20260927/yusEz_SZFsaO.md,https://raw.githubusercontent.com/51chiguawang319/202609/main/20260927/yusEz_SZFsaO.md
yUsqI_MRPmON.md,泛二级1000份,体育赛事,300,https://github.com/51chiguawang319/202609/blob/main/20260927/yUsqI_MRPmON.md,https://raw.githubusercontent.com/51chiguawang319/202609/main/20260927/yUsqI_MRPmON.md
YUtRD_ObrKnv.md,主域名3000份,科技数码,300,https://github.com/51chiguawang319/202609/blob/main/20260927/YUtRD_ObrKnv.md,https://raw.githubusercontent.com/51chiguawang319/202609/main/20260927/YUtRD_ObrKnv.md
YUVId_PqFquI.md,泛二级1000份,科技数码,300,https://github.com/51chiguawang319/202609/blob/main/20260927/YUVId_PqFquI.md,https://raw.githubusercontent.com/51chiguawang319/202609/main/20260927/YUVId_PqFquI.md
YUziD_VYlMwX.md,泛二级1000份,科技数码,300,https://github.com/51chiguawang319/202609/blob/main/20260927/YUziD_VYlMwX.md,https://raw.githubusercontent.com/51chiguawang319/202609/main/20260927/YUziD_VYlMwX.md
yvEAe_xLFTrc.md,泛二级1000份,体育赛事,300,https://github.com/51chiguawang319/202609/blob/main/20260927/yvEAe_xLFTrc.md,https://raw.githubusercontent.com/51chiguawang319/202609/main/20260927/yvEAe_xLFTrc.md
yvGYz_bhgnEp.md,泛二级1000份,天气环境,300,https://github.com/51chiguawang319/202609/blob/main/20260927/yvGYz_bhgnEp.md,https://raw.githubusercontent.com/51chiguawang319/202609/main/20260927/yvGYz_bhgnEp.md
YVkeC_GPAbof.md,主域名3000份,健康医疗,300,https://github.com/51chiguawang319/202609/blob/main/20260927/YVkeC_GPAbof.md,https://raw.githubusercontent.com/51chiguawang319/202609/main/20260927/YVkeC_GPAbof.md
YVlJO_mTKGHq.md,泛二级1000份,健康医疗,300,https://github.com/51chiguawang319/202609/blob/main/20260927/YVlJO_mTKGHq.md,https://raw.githubusercontent.com/51chiguawang319/202609/main/20260927/YVlJO_mTKGHq.md
YVpMq_VhfEjs.md,主域名3000份,健康医疗,300,https://github.com/51chiguawang319/202609/blob/main/20260927/YVpMq_VhfEjs.md,https://raw.githubusercontent.com/51chiguawang319/202609/main/20260927/YVpMq_VhfEjs.md
yxhPk_PabSJU.md,主域名3000份,财经商业,300,https://github.com/51chiguawang319/202609/blob/main/20260927/yxhPk_PabSJU.md,https://raw.githubusercontent.com/51chiguawang319/202609/main/20260927/yxhPk_PabSJU.md
yXjzy_NLhfbY.md,主域名3000份,财经商业,300,https://github.com/51chiguawang319/202609/blob/main/20260927/yXjzy_NLhfbY.md,https://raw.githubusercontent.com/51chiguawang319/202609/main/20260927/yXjzy_NLhfbY.md
yXmkw_aWMYvk.md,主域名3000份,财经商业,300,https://github.com/51chiguawang319/202609/blob/main/20260927/yXmkw_aWMYvk.md,https://raw.githubusercontent.com/51chiguawang319/202609/main/20260927/yXmkw_aWMYvk.md
Yxqeo_PrhmyB.md,主域名3000份,财经商业,300,https://github.com/51chiguawang319/202609/blob/main/20260927/Yxqeo_PrhmyB.md,https://raw.githubusercontent.com/51chiguawang319/202609/main/20260927/Yxqeo_PrhmyB.md
yxqUA_AOKQzP.md,主域名3000份,文化娱乐,300,https://github.com/51chiguawang319/202609/blob/main/20260927/yxqUA_AOKQzP.md,https://raw.githubusercontent.com/51chiguawang319/202609/main/20260927/yxqUA_AOKQzP.md
yxsgG_uzBPYT.md,主域名3000份,天气环境,300,https://github.com/51chiguawang319/202609/blob/main/20260927/yxsgG_uzBPYT.md,https://raw.githubusercontent.com/51chiguawang319/202609/main/20260927/yxsgG_uzBPYT.md
YXvhk_fnmPgF.md,泛二级1000份,天气环境,300,https://github.com/51chiguawang319/202609/blob/main/20260927/YXvhk_fnmPgF.md,https://raw.githubusercontent.com/51chiguawang319/202609/main/20260927/YXvhk_fnmPgF.md
Yynng_FISjdX.md,主域名3000份,科技数码,300,https://github.com/51chiguawang319/202609/blob/main/20260927/Yynng_FISjdX.md,https://raw.githubusercontent.com/51chiguawang319/202609/main/20260927/Yynng_FISjdX.md
YYWmI_RzegJc.md,主域名3000份,天气环境,300,https://github.com/51chiguawang319/202609/blob/main/20260927/YYWmI_RzegJc.md,https://raw.githubusercontent.com/51chiguawang319/202609/main/20260927/YYWmI_RzegJc.md
YYxrV_RqoHym.md,主域名3000份,科技数码,300,https://github.com/51chiguawang319/202609/blob/main/20260927/YYxrV_RqoHym.md,https://raw.githubusercontent.com/51chiguawang319/202609/main/20260927/YYxrV_RqoHym.md
yYyrv_iZMGmm.md,主域名3000份,科技数码,300,https://github.com/51chiguawang319/202609/blob/main/20260927/yYyrv_iZMGmm.md,https://raw.githubusercontent.com/51chiguawang319/202609/main/20260927/yYyrv_iZMGmm.md
YZacP_tiShwx.md,主域名3000份,科技数码,300,https://github.com/51chiguawang319/202609/blob/main/20260927/YZacP_tiShwx.md,https://raw.githubusercontent.com/51chiguawang319/202609/main/20260927/YZacP_tiShwx.md
YZItq_WQbunX.md,主域名3000份,科技数码,300,https://github.com/51chiguawang319/202609/blob/main/20260927/YZItq_WQbunX.md,https://raw.githubusercontent.com/51chiguawang319/202609/main/20260927/YZItq_WQbunX.md
YZLwu_igCMwS.md,主域名3000份,健康医疗,300,https://github.com/51chiguawang319/202609/blob/main/20260927/YZLwu_igCMwS.md,https://raw.githubusercontent.com/51chiguawang319/202609/main/20260927/YZLwu_igCMwS.md
YZxLG_xNPSjJ.md,主域名3000份,科技数码,300,https://github.com/51chiguawang319/202609/blob/main/20260927/YZxLG_xNPSjJ.md,https://raw.githubusercontent.com/51chiguawang319/202609/main/20260927/YZxLG_xNPSjJ.md
YZZDz_mGcPjP.md,主域名3000份,天气环境,300,https://github.com/51chiguawang319/202609/blob/main/20260927/YZZDz_mGcPjP.md,https://raw.githubusercontent.com/51chiguawang319/202609/main/20260927/YZZDz_mGcPjP.md
YzZou_DusLaS.md,主域名3000份,体育赛事,300,https://github.com/51chiguawang319/202609/blob/main/20260927/YzZou_DusLaS.md,https://raw.githubusercontent.com/51chiguawang319/202609/main/20260927/YzZou_DusLaS.md
zAgvT_ngfidA.md,主域名3000份,文化娱乐,300,https://github.com/51chiguawang319/202609/blob/main/20260927/zAgvT_ngfidA.md,https://raw.githubusercontent.com/51chiguawang319/202609/main/20260927/zAgvT_ngfidA.md
zaKCz_EuCcAF.md,泛二级1000份,健康医疗,300,https://github.com/51chiguawang319/202609/blob/main/20260927/zaKCz_EuCcAF.md,https://raw.githubusercontent.com/51chiguawang319/202609/main/20260927/zaKCz_EuCcAF.md
zAXIp_sUPwNI.md,主域名3000份,财经商业,300,https://github.com/51chiguawang319/202609/blob/main/20260927/zAXIp_sUPwNI.md,https://raw.githubusercontent.com/51chiguawang319/202609/main/20260927/zAXIp_sUPwNI.md
Zbbdt_GuwxXf.md,泛二级1000份,天气环境,300,https://github.com/51chiguawang319/202609/blob/main/20260927/Zbbdt_GuwxXf.md,https://raw.githubusercontent.com/51chiguawang319/202609/main/20260927/Zbbdt_GuwxXf.md
zbCIB_cKhPal.md,泛二级1000份,科技数码,300,https://github.com/51chiguawang319/202609/blob/main/20260927/zbCIB_cKhPal.md,https://raw.githubusercontent.com/51chiguawang319/202609/main/20260927/zbCIB_cKhPal.md
ZbEDu_QsiUnK.md,主域名3000份,天气环境,300,https://github.com/51chiguawang319/202609/blob/main/20260927/ZbEDu_QsiUnK.md,https://raw.githubusercontent.com/51chiguawang319/202609/main/20260927/ZbEDu_QsiUnK.md
ZbpOI_ZqbIto.md,主域名3000份,财经商业,300,https://github.com/51chiguawang319/202609/blob/main/20260927/ZbpOI_ZqbIto.md,https://raw.githubusercontent.com/51chiguawang319/202609/main/20260927/ZbpOI_ZqbIto.md
ZBYuy_ausLVI.md,主域名3000份,健康医疗,300,https://github.com/51chiguawang319/202609/blob/main/20260927/ZBYuy_ausLVI.md,https://raw.githubusercontent.com/51chiguawang319/202609/main/20260927/ZBYuy_ausLVI.md
ZcKdC_JnuIjM.md,泛二级1000份,体育赛事,300,https://github.com/51chiguawang319/202609/blob/main/20260927/ZcKdC_JnuIjM.md,https://raw.githubusercontent.com/51chiguawang319/202609/main/20260927/ZcKdC_JnuIjM.md
zCLUL_EzmVvD.md,主域名3000份,体育赛事,300,https://github.com/51chiguawang319/202609/blob/main/20260927/zCLUL_EzmVvD.md,https://raw.githubusercontent.com/51chiguawang319/202609/main/20260927/zCLUL_EzmVvD.md
zcPUC_XyacpG.md,主域名3000份,天气环境,300,https://github.com/51chiguawang319/202609/blob/main/20260927/zcPUC_XyacpG.md,https://raw.githubusercontent.com/51chiguawang319/202609/main/20260927/zcPUC_XyacpG.md
zcREO_DyZtQp.md,泛二级1000份,财经商业,300,https://github.com/51chiguawang319/202609/blob/main/20260927/zcREO_DyZtQp.md,https://raw.githubusercontent.com/51chiguawang319/202609/main/20260927/zcREO_DyZtQp.md
zCWmM_uOXLac.md,主域名3000份,健康医疗,300,https://github.com/51chiguawang319/202609/blob/main/20260927/zCWmM_uOXLac.md,https://raw.githubusercontent.com/51chiguawang319/202609/main/20260927/zCWmM_uOXLac.md
zdgUB_Cacxyn.md,泛二级1000份,天气环境,300,https://github.com/51chiguawang319/202609/blob/main/20260927/zdgUB_Cacxyn.md,https://raw.githubusercontent.com/51chiguawang319/202609/main/20260927/zdgUB_Cacxyn.md
ZDLPr_zEOKAM.md,主域名3000份,财经商业,300,https://github.com/51chiguawang319/202609/blob/main/20260927/ZDLPr_zEOKAM.md,https://raw.githubusercontent.com/51chiguawang319/202609/main/20260927/ZDLPr_zEOKAM.md
zdMoA_dtZVBb.md,主域名3000份,体育赛事,300,https://github.com/51chiguawang319/202609/blob/main/20260927/zdMoA_dtZVBb.md,https://raw.githubusercontent.com/51chiguawang319/202609/main/20260927/zdMoA_dtZVBb.md
Zdxil_hkbUUB.md,主域名3000份,科技数码,300,https://github.com/51chiguawang319/202609/blob/main/20260927/Zdxil_hkbUUB.md,https://raw.githubusercontent.com/51chiguawang319/202609/main/20260927/Zdxil_hkbUUB.md
ZDXmv_QClLea.md,主域名3000份,健康医疗,300,https://github.com/51chiguawang319/202609/blob/main/20260927/ZDXmv_QClLea.md,https://raw.githubusercontent.com/51chiguawang319/202609/main/20260927/ZDXmv_QClLea.md
zedRf_ohLMoG.md,主域名3000份,财经商业,300,https://github.com/51chiguawang319/202609/blob/main/20260927/zedRf_ohLMoG.md,https://raw.githubusercontent.com/51chiguawang319/202609/main/20260927/zedRf_ohLMoG.md
ZEIcM_pQniCb.md,主域名3000份,体育赛事,300,https://github.com/51chiguawang319/202609/blob/main/20260927/ZEIcM_pQniCb.md,https://raw.githubusercontent.com/51chiguawang319/202609/main/20260927/ZEIcM_pQniCb.md
ZEliC_hKvWcp.md,主域名3000份,财经商业,300,https://github.com/51chiguawang319/202609/blob/main/20260927/ZEliC_hKvWcp.md,https://raw.githubusercontent.com/51chiguawang319/202609/main/20260927/ZEliC_hKvWcp.md
zesOs_yNoPUE.md,主域名3000份,体育赛事,300,https://github.com/51chiguawang319/202609/blob/main/20260927/zesOs_yNoPUE.md,https://raw.githubusercontent.com/51chiguawang319/202609/main/20260927/zesOs_yNoPUE.md
ZetPc_CgyrWR.md,泛二级1000份,体育赛事,300,https://github.com/51chiguawang319/202609/blob/main/20260927/ZetPc_CgyrWR.md,https://raw.githubusercontent.com/51chiguawang319/202609/main/20260927/ZetPc_CgyrWR.md
ZFaWo_hfNNVA.md,主域名3000份,财经商业,300,https://github.com/51chiguawang319/202609/blob/main/20260927/ZFaWo_hfNNVA.md,https://raw.githubusercontent.com/51chiguawang319/202609/main/20260927/ZFaWo_hfNNVA.md
zfeRC_nqWuxN.md,主域名3000份,健康医疗,300,https://github.com/51chiguawang319/202609/blob/main/20260927/zfeRC_nqWuxN.md,https://raw.githubusercontent.com/51chiguawang319/202609/main/20260927/zfeRC_nqWuxN.md
zFUPI_wzAfuL.md,泛二级1000份,文化娱乐,300,https://github.com/51chiguawang319/202609/blob/main/20260927/zFUPI_wzAfuL.md,https://raw.githubusercontent.com/51chiguawang319/202609/main/20260927/zFUPI_wzAfuL.md
ZfvCE_ekkCHd.md,主域名3000份,文化娱乐,300,https://github.com/51chiguawang319/202609/blob/main/20260927/ZfvCE_ekkCHd.md,https://raw.githubusercontent.com/51chiguawang319/202609/main/20260927/ZfvCE_ekkCHd.md
ZFxEJ_beMUkd.md,主域名3000份,健康医疗,300,https://github.com/51chiguawang319/202609/blob/main/20260927/ZFxEJ_beMUkd.md,https://raw.githubusercontent.com/51chiguawang319/202609/main/20260927/ZFxEJ_beMUkd.md
zgAvs_KioebW.md,主域名3000份,健康医疗,300,https://github.com/51chiguawang319/202609/blob/main/20260927/zgAvs_KioebW.md,https://raw.githubusercontent.com/51chiguawang319/202609/main/20260927/zgAvs_KioebW.md
ZGaVT_wLhTXp.md,主域名3000份,财经商业,300,https://github.com/51chiguawang319/202609/blob/main/20260927/ZGaVT_wLhTXp.md,https://raw.githubusercontent.com/51chiguawang319/202609/main/20260927/ZGaVT_wLhTXp.md
zgDGC_lxNykm.md,泛二级1000份,文化娱乐,300,https://github.com/51chiguawang319/202609/blob/main/20260927/zgDGC_lxNykm.md,https://raw.githubusercontent.com/51chiguawang319/202609/main/20260927/zgDGC_lxNykm.md
zgihN_rNACdV.md,主域名3000份,天气环境,300,https://github.com/51chiguawang319/202609/blob/main/20260927/zgihN_rNACdV.md,https://raw.githubusercontent.com/51chiguawang319/202609/main/20260927/zgihN_rNACdV.md
ZGmoS_qXnRkL.md,泛二级1000份,科技数码,300,https://github.com/51chiguawang319/202609/blob/main/20260927/ZGmoS_qXnRkL.md,https://raw.githubusercontent.com/51chiguawang319/202609/main/20260927/ZGmoS_qXnRkL.md
zgTpi_iqvLTs.md,主域名3000份,财经商业,300,https://github.com/51chiguawang319/202609/blob/main/20260927/zgTpi_iqvLTs.md,https://raw.githubusercontent.com/51chiguawang319/202609/main/20260927/zgTpi_iqvLTs.md
zhCSe_YuGrKG.md,主域名3000份,体育赛事,300,https://github.com/51chiguawang319/202609/blob/main/20260927/zhCSe_YuGrKG.md,https://raw.githubusercontent.com/51chiguawang319/202609/main/20260927/zhCSe_YuGrKG.md
ZhlJR_ZVCkRF.md,泛二级1000份,健康医疗,300,https://github.com/51chiguawang319/202609/blob/main/20260927/ZhlJR_ZVCkRF.md,https://raw.githubusercontent.com/51chiguawang319/202609/main/20260927/ZhlJR_ZVCkRF.md
zhrOl_CXrLDK.md,主域名3000份,财经商业,300,https://github.com/51chiguawang319/202609/blob/main/20260927/zhrOl_CXrLDK.md,https://raw.githubusercontent.com/51chiguawang319/202609/main/20260927/zhrOl_CXrLDK.md
zHrvO_bYxiER.md,泛二级1000份,体育赛事,300,https://github.com/51chiguawang319/202609/blob/main/20260927/zHrvO_bYxiER.md,https://raw.githubusercontent.com/51chiguawang319/202609/main/20260927/zHrvO_bYxiER.md
ZhTWq_SMkMhs.md,泛二级1000份,文化娱乐,300,https://github.com/51chiguawang319/202609/blob/main/20260927/ZhTWq_SMkMhs.md,https://raw.githubusercontent.com/51chiguawang319/202609/main/20260927/ZhTWq_SMkMhs.md
zhWJd_iSBjft.md,泛二级1000份,财经商业,300,https://github.com/51chiguawang319/202609/blob/main/20260927/zhWJd_iSBjft.md,https://raw.githubusercontent.com/51chiguawang319/202609/main/20260927/zhWJd_iSBjft.md
ZiBGe_UJxHLI.md,主域名3000份,天气环境,300,https://github.com/51chiguawang319/202609/blob/main/20260927/ZiBGe_UJxHLI.md,https://raw.githubusercontent.com/51chiguawang319/202609/main/20260927/ZiBGe_UJxHLI.md
ZIBhk_HjpdRm.md,泛二级1000份,体育赛事,300,https://github.com/51chiguawang319/202609/blob/main/20260927/ZIBhk_HjpdRm.md,https://raw.githubusercontent.com/51chiguawang319/202609/main/20260927/ZIBhk_HjpdRm.md
ZiEne_BmCJag.md,泛二级1000份,文化娱乐,300,https://github.com/51chiguawang319/202609/blob/main/20260927/ZiEne_BmCJag.md,https://raw.githubusercontent.com/51chiguawang319/202609/main/20260927/ZiEne_BmCJag.md
zIGLh_itblKY.md,泛二级1000份,科技数码,300,https://github.com/51chiguawang319/202609/blob/main/20260927/zIGLh_itblKY.md,https://raw.githubusercontent.com/51chiguawang319/202609/main/20260927/zIGLh_itblKY.md
zIoOB_HTJxWa.md,泛二级1000份,财经商业,300,https://github.com/51chiguawang319/202609/blob/main/20260927/zIoOB_HTJxWa.md,https://raw.githubusercontent.com/51chiguawang319/202609/main/20260927/zIoOB_HTJxWa.md
zIRtl_jhDwJC.md,主域名3000份,健康医疗,300,https://github.com/51chiguawang319/202609/blob/main/20260927/zIRtl_jhDwJC.md,https://raw.githubusercontent.com/51chiguawang319/202609/main/20260927/zIRtl_jhDwJC.md
zIZcg_oQoImb.md,主域名3000份,科技数码,300,https://github.com/51chiguawang319/202609/blob/main/20260927/zIZcg_oQoImb.md,https://raw.githubusercontent.com/51chiguawang319/202609/main/20260927/zIZcg_oQoImb.md
ZjgFu_MTsoYM.md,主域名3000份,科技数码,300,https://github.com/51chiguawang319/202609/blob/main/20260927/ZjgFu_MTsoYM.md,https://raw.githubusercontent.com/51chiguawang319/202609/main/20260927/ZjgFu_MTsoYM.md
ZjGLg_bbEwNB.md,主域名3000份,科技数码,300,https://github.com/51chiguawang319/202609/blob/main/20260927/ZjGLg_bbEwNB.md,https://raw.githubusercontent.com/51chiguawang319/202609/main/20260927/ZjGLg_bbEwNB.md
ZJJuO_MfnyVd.md,主域名3000份,文化娱乐,300,https://github.com/51chiguawang319/202609/blob/main/20260927/ZJJuO_MfnyVd.md,https://raw.githubusercontent.com/51chiguawang319/202609/main/20260927/ZJJuO_MfnyVd.md
ZJkjD_tVOlii.md,泛二级1000份,健康医疗,300,https://github.com/51chiguawang319/202609/blob/main/20260927/ZJkjD_tVOlii.md,https://raw.githubusercontent.com/51chiguawang319/202609/main/20260927/ZJkjD_tVOlii.md
zJkKb_SxuspD.md,主域名3000份,健康医疗,300,https://github.com/51chiguawang319/202609/blob/main/20260927/zJkKb_SxuspD.md,https://raw.githubusercontent.com/51chiguawang319/202609/main/20260927/zJkKb_SxuspD.md
ZJrqq_YsPGVM.md,主域名3000份,财经商业,300,https://github.com/51chiguawang319/202609/blob/main/20260927/ZJrqq_YsPGVM.md,https://raw.githubusercontent.com/51chiguawang319/202609/main/20260927/ZJrqq_YsPGVM.md
zkABg_MERBgM.md,主域名3000份,体育赛事,300,https://github.com/51chiguawang319/202609/blob/main/20260927/zkABg_MERBgM.md,https://raw.githubusercontent.com/51chiguawang319/202609/main/20260927/zkABg_MERBgM.md
zkHBd_MebRwm.md,泛二级1000份,体育赛事,300,https://github.com/51chiguawang319/202609/blob/main/20260927/zkHBd_MebRwm.md,https://raw.githubusercontent.com/51chiguawang319/202609/main/20260927/zkHBd_MebRwm.md
zkOjw_Jbilcl.md,主域名3000份,天气环境,300,https://github.com/51chiguawang319/202609/blob/main/20260927/zkOjw_Jbilcl.md,https://raw.githubusercontent.com/51chiguawang319/202609/main/20260927/zkOjw_Jbilcl.md
ZkqTs_GwopMT.md,泛二级1000份,科技数码,300,https://github.com/51chiguawang319/202609/blob/main/20260927/ZkqTs_GwopMT.md,https://raw.githubusercontent.com/51chiguawang319/202609/main/20260927/ZkqTs_GwopMT.md
Zlcfh_nyQRKA.md,泛二级1000份,文化娱乐,300,https://github.com/51chiguawang319/202609/blob/main/20260927/Zlcfh_nyQRKA.md,https://raw.githubusercontent.com/51chiguawang319/202609/main/20260927/Zlcfh_nyQRKA.md
zlDul_lbtIMh.md,泛二级1000份,科技数码,300,https://github.com/51chiguawang319/202609/blob/main/20260927/zlDul_lbtIMh.md,https://raw.githubusercontent.com/51chiguawang319/202609/main/20260927/zlDul_lbtIMh.md
zLLJj_vlDjAO.md,主域名3000份,文化娱乐,300,https://github.com/51chiguawang319/202609/blob/main/20260927/zLLJj_vlDjAO.md,https://raw.githubusercontent.com/51chiguawang319/202609/main/20260927/zLLJj_vlDjAO.md
ZlOwB_gtalKw.md,主域名3000份,健康医疗,300,https://github.com/51chiguawang319/202609/blob/main/20260927/ZlOwB_gtalKw.md,https://raw.githubusercontent.com/51chiguawang319/202609/main/20260927/ZlOwB_gtalKw.md
ZMBqs_xKpLFq.md,主域名3000份,财经商业,300,https://github.com/51chiguawang319/202609/blob/main/20260927/ZMBqs_xKpLFq.md,https://raw.githubusercontent.com/51chiguawang319/202609/main/20260927/ZMBqs_xKpLFq.md
zMexN_jPNzZS.md,主域名3000份,健康医疗,300,https://github.com/51chiguawang319/202609/blob/main/20260927/zMexN_jPNzZS.md,https://raw.githubusercontent.com/51chiguawang319/202609/main/20260927/zMexN_jPNzZS.md
zMGaf_ctxsCR.md,主域名3000份,体育赛事,300,https://github.com/51chiguawang319/202609/blob/main/20260927/zMGaf_ctxsCR.md,https://raw.githubusercontent.com/51chiguawang319/202609/main/20260927/zMGaf_ctxsCR.md
ZMHFp_RVRoSq.md,泛二级1000份,天气环境,300,https://github.com/51chiguawang319/202609/blob/main/20260927/ZMHFp_RVRoSq.md,https://raw.githubusercontent.com/51chiguawang319/202609/main/20260927/ZMHFp_RVRoSq.md
zMiKd_yHKhDH.md,主域名3000份,财经商业,300,https://github.com/51chiguawang319/202609/blob/main/20260927/zMiKd_yHKhDH.md,https://raw.githubusercontent.com/51chiguawang319/202609/main/20260927/zMiKd_yHKhDH.md
ZmiPM_YyUjDL.md,主域名3000份,天气环境,300,https://github.com/51chiguawang319/202609/blob/main/20260927/ZmiPM_YyUjDL.md,https://raw.githubusercontent.com/51chiguawang319/202609/main/20260927/ZmiPM_YyUjDL.md
Zmjqn_jxtygW.md,主域名3000份,健康医疗,300,https://github.com/51chiguawang319/202609/blob/main/20260927/Zmjqn_jxtygW.md,https://raw.githubusercontent.com/51chiguawang319/202609/main/20260927/Zmjqn_jxtygW.md
ZMogM_lcdDUy.md,泛二级1000份,科技数码,300,https://github.com/51chiguawang319/202609/blob/main/20260927/ZMogM_lcdDUy.md,https://raw.githubusercontent.com/51chiguawang319/202609/main/20260927/ZMogM_lcdDUy.md
zMqlS_UomfXk.md,主域名3000份,体育赛事,300,https://github.com/51chiguawang319/202609/blob/main/20260927/zMqlS_UomfXk.md,https://raw.githubusercontent.com/51chiguawang319/202609/main/20260927/zMqlS_UomfXk.md
zmRbz_yiHnfE.md,泛二级1000份,财经商业,300,https://github.com/51chiguawang319/202609/blob/main/20260927/zmRbz_yiHnfE.md,https://raw.githubusercontent.com/51chiguawang319/202609/main/20260927/zmRbz_yiHnfE.md
ZMTTl_OmqKRe.md,泛二级1000份,文化娱乐,300,https://github.com/51chiguawang319/202609/blob/main/20260927/ZMTTl_OmqKRe.md,https://raw.githubusercontent.com/51chiguawang319/202609/main/20260927/ZMTTl_OmqKRe.md
zMXNC_GARiHK.md,主域名3000份,天气环境,300,https://github.com/51chiguawang319/202609/blob/main/20260927/zMXNC_GARiHK.md,https://raw.githubusercontent.com/51chiguawang319/202609/main/20260927/zMXNC_GARiHK.md
zNCfo_GLEIfI.md,主域名3000份,文化娱乐,300,https://github.com/51chiguawang319/202609/blob/main/20260927/zNCfo_GLEIfI.md,https://raw.githubusercontent.com/51chiguawang319/202609/main/20260927/zNCfo_GLEIfI.md
ZnEXf_dfWJag.md,主域名3000份,天气环境,300,https://github.com/51chiguawang319/202609/blob/main/20260927/ZnEXf_dfWJag.md,https://raw.githubusercontent.com/51chiguawang319/202609/main/20260927/ZnEXf_dfWJag.md
ZnfgE_uCUIyq.md,泛二级1000份,健康医疗,300,https://github.com/51chiguawang319/202609/blob/main/20260927/ZnfgE_uCUIyq.md,https://raw.githubusercontent.com/51chiguawang319/202609/main/20260927/ZnfgE_uCUIyq.md
zNjCZ_ZFHPVd.md,泛二级1000份,财经商业,300,https://github.com/51chiguawang319/202609/blob/main/20260927/zNjCZ_ZFHPVd.md,https://raw.githubusercontent.com/51chiguawang319/202609/main/20260927/zNjCZ_ZFHPVd.md
zNKgd_iHJbaV.md,泛二级1000份,文化娱乐,300,https://github.com/51chiguawang319/202609/blob/main/20260927/zNKgd_iHJbaV.md,https://raw.githubusercontent.com/51chiguawang319/202609/main/20260927/zNKgd_iHJbaV.md
znPpk_xtaBMy.md,主域名3000份,健康医疗,300,https://github.com/51chiguawang319/202609/blob/main/20260927/znPpk_xtaBMy.md,https://raw.githubusercontent.com/51chiguawang319/202609/main/20260927/znPpk_xtaBMy.md
ZnUup_bUzuEx.md,泛二级1000份,天气环境,300,https://github.com/51chiguawang319/202609/blob/main/20260927/ZnUup_bUzuEx.md,https://raw.githubusercontent.com/51chiguawang319/202609/main/20260927/ZnUup_bUzuEx.md
znVTn_IGMeDW.md,泛二级1000份,文化娱乐,300,https://github.com/51chiguawang319/202609/blob/main/20260927/znVTn_IGMeDW.md,https://raw.githubusercontent.com/51chiguawang319/202609/main/20260927/znVTn_IGMeDW.md
ZoOYW_IvZRPS.md,泛二级1000份,天气环境,300,https://github.com/51chiguawang319/202609/blob/main/20260927/ZoOYW_IvZRPS.md,https://raw.githubusercontent.com/51chiguawang319/202609/main/20260927/ZoOYW_IvZRPS.md
ZoRyv_dJPFTb.md,主域名3000份,科技数码,300,https://github.com/51chiguawang319/202609/blob/main/20260927/ZoRyv_dJPFTb.md,https://raw.githubusercontent.com/51chiguawang319/202609/main/20260927/ZoRyv_dJPFTb.md
ZpeHr_ujPzWU.md,泛二级1000份,健康医疗,300,https://github.com/51chiguawang319/202609/blob/main/20260927/ZpeHr_ujPzWU.md,https://raw.githubusercontent.com/51chiguawang319/202609/main/20260927/ZpeHr_ujPzWU.md
zpKZC_FUyecI.md,主域名3000份,健康医疗,300,https://github.com/51chiguawang319/202609/blob/main/20260927/zpKZC_FUyecI.md,https://raw.githubusercontent.com/51chiguawang319/202609/main/20260927/zpKZC_FUyecI.md
ZpQXD_TtsOPm.md,泛二级1000份,体育赛事,300,https://github.com/51chiguawang319/202609/blob/main/20260927/ZpQXD_TtsOPm.md,https://raw.githubusercontent.com/51chiguawang319/202609/main/20260927/ZpQXD_TtsOPm.md
zPrhZ_QtMNQi.md,主域名3000份,文化娱乐,300,https://github.com/51chiguawang319/202609/blob/main/20260927/zPrhZ_QtMNQi.md,https://raw.githubusercontent.com/51chiguawang319/202609/main/20260927/zPrhZ_QtMNQi.md
ZpRJG_GVnORN.md,主域名3000份,健康医疗,300,https://github.com/51chiguawang319/202609/blob/main/20260927/ZpRJG_GVnORN.md,https://raw.githubusercontent.com/51chiguawang319/202609/main/20260927/ZpRJG_GVnORN.md
ZPTGg_IibYRX.md,主域名3000份,科技数码,300,https://github.com/51chiguawang319/202609/blob/main/20260927/ZPTGg_IibYRX.md,https://raw.githubusercontent.com/51chiguawang319/202609/main/20260927/ZPTGg_IibYRX.md
zpuCe_lIiLNG.md,主域名3000份,文化娱乐,300,https://github.com/51chiguawang319/202609/blob/main/20260927/zpuCe_lIiLNG.md,https://raw.githubusercontent.com/51chiguawang319/202609/main/20260927/zpuCe_lIiLNG.md
zpWDj_CYlOPL.md,主域名3000份,天气环境,300,https://github.com/51chiguawang319/202609/blob/main/20260927/zpWDj_CYlOPL.md,https://raw.githubusercontent.com/51chiguawang319/202609/main/20260927/zpWDj_CYlOPL.md
ZPYeD_LJvrsI.md,主域名3000份,科技数码,300,https://github.com/51chiguawang319/202609/blob/main/20260927/ZPYeD_LJvrsI.md,https://raw.githubusercontent.com/51chiguawang319/202609/main/20260927/ZPYeD_LJvrsI.md
zQEBv_CCNiaR.md,主域名3000份,天气环境,300,https://github.com/51chiguawang319/202609/blob/main/20260927/zQEBv_CCNiaR.md,https://raw.githubusercontent.com/51chiguawang319/202609/main/20260927/zQEBv_CCNiaR.md
ZqFvx_XhNSGk.md,泛二级1000份,健康医疗,300,https://github.com/51chiguawang319/202609/blob/main/20260927/ZqFvx_XhNSGk.md,https://raw.githubusercontent.com/51chiguawang319/202609/main/20260927/ZqFvx_XhNSGk.md
ZQhlw_EJXgLk.md,主域名3000份,天气环境,300,https://github.com/51chiguawang319/202609/blob/main/20260927/ZQhlw_EJXgLk.md,https://raw.githubusercontent.com/51chiguawang319/202609/main/20260927/ZQhlw_EJXgLk.md
ZqIwN_sGlwiq.md,主域名3000份,天气环境,300,https://github.com/51chiguawang319/202609/blob/main/20260927/ZqIwN_sGlwiq.md,https://raw.githubusercontent.com/51chiguawang319/202609/main/20260927/ZqIwN_sGlwiq.md
ZQlxZ_MCsXnV.md,主域名3000份,财经商业,300,https://github.com/51chiguawang319/202609/blob/main/20260927/ZQlxZ_MCsXnV.md,https://raw.githubusercontent.com/51chiguawang319/202609/main/20260927/ZQlxZ_MCsXnV.md
ZQRqo_irnjNt.md,主域名3000份,体育赛事,300,https://github.com/51chiguawang319/202609/blob/main/20260927/ZQRqo_irnjNt.md,https://raw.githubusercontent.com/51chiguawang319/202609/main/20260927/ZQRqo_irnjNt.md
ZQtvu_uOCHSv.md,主域名3000份,财经商业,300,https://github.com/51chiguawang319/202609/blob/main/20260927/ZQtvu_uOCHSv.md,https://raw.githubusercontent.com/51chiguawang319/202609/main/20260927/ZQtvu_uOCHSv.md
ZrIQE_wgmAEk.md,主域名3000份,文化娱乐,300,https://github.com/51chiguawang319/202609/blob/main/20260927/ZrIQE_wgmAEk.md,https://raw.githubusercontent.com/51chiguawang319/202609/main/20260927/ZrIQE_wgmAEk.md
ZrKOR_FoifgR.md,主域名3000份,科技数码,300,https://github.com/51chiguawang319/202609/blob/main/20260927/ZrKOR_FoifgR.md,https://raw.githubusercontent.com/51chiguawang319/202609/main/20260927/ZrKOR_FoifgR.md
zrMca_IwTnJt.md,主域名3000份,财经商业,300,https://github.com/51chiguawang319/202609/blob/main/20260927/zrMca_IwTnJt.md,https://raw.githubusercontent.com/51chiguawang319/202609/main/20260927/zrMca_IwTnJt.md
zruOW_lqKcpd.md,泛二级1000份,体育赛事,300,https://github.com/51chiguawang319/202609/blob/main/20260927/zruOW_lqKcpd.md,https://raw.githubusercontent.com/51chiguawang319/202609/main/20260927/zruOW_lqKcpd.md
ZrzUw_cBdRnd.md,主域名3000份,财经商业,300,https://github.com/51chiguawang319/202609/blob/main/20260927/ZrzUw_cBdRnd.md,https://raw.githubusercontent.com/51chiguawang319/202609/main/20260927/ZrzUw_cBdRnd.md
Zsejp_taBdnR.md,主域名3000份,健康医疗,300,https://github.com/51chiguawang319/202609/blob/main/20260927/Zsejp_taBdnR.md,https://raw.githubusercontent.com/51chiguawang319/202609/main/20260927/Zsejp_taBdnR.md
zSFZj_GfrsRE.md,泛二级1000份,健康医疗,300,https://github.com/51chiguawang319/202609/blob/main/20260927/zSFZj_GfrsRE.md,https://raw.githubusercontent.com/51chiguawang319/202609/main/20260927/zSFZj_GfrsRE.md
zshnB_nPCTUr.md,主域名3000份,天气环境,300,https://github.com/51chiguawang319/202609/blob/main/20260927/zshnB_nPCTUr.md,https://raw.githubusercontent.com/51chiguawang319/202609/main/20260927/zshnB_nPCTUr.md
Zsiuu_itkCtE.md,主域名3000份,天气环境,300,https://github.com/51chiguawang319/202609/blob/main/20260927/Zsiuu_itkCtE.md,https://raw.githubusercontent.com/51chiguawang319/202609/main/20260927/Zsiuu_itkCtE.md
zSnck_xTZiID.md,泛二级1000份,体育赛事,300,https://github.com/51chiguawang319/202609/blob/main/20260927/zSnck_xTZiID.md,https://raw.githubusercontent.com/51chiguawang319/202609/main/20260927/zSnck_xTZiID.md
ZsSZy_pMFrNH.md,主域名3000份,天气环境,300,https://github.com/51chiguawang319/202609/blob/main/20260927/ZsSZy_pMFrNH.md,https://raw.githubusercontent.com/51chiguawang319/202609/main/20260927/ZsSZy_pMFrNH.md
zsWUn_kylYYF.md,主域名3000份,体育赛事,300,https://github.com/51chiguawang319/202609/blob/main/20260927/zsWUn_kylYYF.md,https://raw.githubusercontent.com/51chiguawang319/202609/main/20260927/zsWUn_kylYYF.md
ZTBae_DNCjxk.md,泛二级1000份,健康医疗,300,https://github.com/51chiguawang319/202609/blob/main/20260927/ZTBae_DNCjxk.md,https://raw.githubusercontent.com/51chiguawang319/202609/main/20260927/ZTBae_DNCjxk.md
ztMAw_UmVmHO.md,主域名3000份,体育赛事,300,https://github.com/51chiguawang319/202609/blob/main/20260927/ztMAw_UmVmHO.md,https://raw.githubusercontent.com/51chiguawang319/202609/main/20260927/ztMAw_UmVmHO.md
ZTmOK_oPOiYN.md,主域名3000份,科技数码,300,https://github.com/51chiguawang319/202609/blob/main/20260927/ZTmOK_oPOiYN.md,https://raw.githubusercontent.com/51chiguawang319/202609/main/20260927/ZTmOK_oPOiYN.md
ztPeF_OOoOhd.md,主域名3000份,文化娱乐,300,https://github.com/51chiguawang319/202609/blob/main/20260927/ztPeF_OOoOhd.md,https://raw.githubusercontent.com/51chiguawang319/202609/main/20260927/ztPeF_OOoOhd.md
ztRUP_xetnYI.md,主域名3000份,科技数码,300,https://github.com/51chiguawang319/202609/blob/main/20260927/ztRUP_xetnYI.md,https://raw.githubusercontent.com/51chiguawang319/202609/main/20260927/ztRUP_xetnYI.md
zTxLy_cvMAMU.md,主域名3000份,体育赛事,300,https://github.com/51chiguawang319/202609/blob/main/20260927/zTxLy_cvMAMU.md,https://raw.githubusercontent.com/51chiguawang319/202609/main/20260927/zTxLy_cvMAMU.md
ZTxpJ_EGXlxH.md,主域名3000份,体育赛事,300,https://github.com/51chiguawang319/202609/blob/main/20260927/ZTxpJ_EGXlxH.md,https://raw.githubusercontent.com/51chiguawang319/202609/main/20260927/ZTxpJ_EGXlxH.md
ztYep_oLVzjn.md,主域名3000份,科技数码,300,https://github.com/51chiguawang319/202609/blob/main/20260927/ztYep_oLVzjn.md,https://raw.githubusercontent.com/51chiguawang319/202609/main/20260927/ztYep_oLVzjn.md
ZtySX_fyOhoc.md,泛二级1000份,健康医疗,300,https://github.com/51chiguawang319/202609/blob/main/20260927/ZtySX_fyOhoc.md,https://raw.githubusercontent.com/51chiguawang319/202609/main/20260927/ZtySX_fyOhoc.md
ZuGaQ_yeRImC.md,主域名3000份,健康医疗,300,https://github.com/51chiguawang319/202609/blob/main/20260927/ZuGaQ_yeRImC.md,https://raw.githubusercontent.com/51chiguawang319/202609/main/20260927/ZuGaQ_yeRImC.md
zVzin_JbdyOI.md,主域名3000份,体育赛事,300,https://github.com/51chiguawang319/202609/blob/main/20260927/zVzin_JbdyOI.md,https://raw.githubusercontent.com/51chiguawang319/202609/main/20260927/zVzin_JbdyOI.md
zWDvW_KjWCUy.md,主域名3000份,天气环境,300,https://github.com/51chiguawang319/202609/blob/main/20260927/zWDvW_KjWCUy.md,https://raw.githubusercontent.com/51chiguawang319/202609/main/20260927/zWDvW_KjWCUy.md
ZWHyL_HcPeNc.md,主域名3000份,文化娱乐,300,https://github.com/51chiguawang319/202609/blob/main/20260927/ZWHyL_HcPeNc.md,https://raw.githubusercontent.com/51chiguawang319/202609/main/20260927/ZWHyL_HcPeNc.md
ZWNir_IMcaWh.md,主域名3000份,天气环境,300,https://github.com/51chiguawang319/202609/blob/main/20260927/ZWNir_IMcaWh.md,https://raw.githubusercontent.com/51chiguawang319/202609/main/20260927/ZWNir_IMcaWh.md
zWqfx_RzwLpw.md,主域名3000份,天气环境,300,https://github.com/51chiguawang319/202609/blob/main/20260927/zWqfx_RzwLpw.md,https://raw.githubusercontent.com/51chiguawang319/202609/main/20260927/zWqfx_RzwLpw.md
ZwWIz_ObszMk.md,主域名3000份,财经商业,300,https://github.com/51chiguawang319/202609/blob/main/20260927/ZwWIz_ObszMk.md,https://raw.githubusercontent.com/51chiguawang319/202609/main/20260927/ZwWIz_ObszMk.md
Zwwrw_QaxbaT.md,主域名3000份,健康医疗,300,https://github.com/51chiguawang319/202609/blob/main/20260927/Zwwrw_QaxbaT.md,https://raw.githubusercontent.com/51chiguawang319/202609/main/20260927/Zwwrw_QaxbaT.md
zXbHx_kFgbNH.md,主域名3000份,科技数码,300,https://github.com/51chiguawang319/202609/blob/main/20260927/zXbHx_kFgbNH.md,https://raw.githubusercontent.com/51chiguawang319/202609/main/20260927/zXbHx_kFgbNH.md
zxOSW_AgngHT.md,泛二级1000份,财经商业,300,https://github.com/51chiguawang319/202609/blob/main/20260927/zxOSW_AgngHT.md,https://raw.githubusercontent.com/51chiguawang319/202609/main/20260927/zxOSW_AgngHT.md
ZXuXu_UCsOMr.md,主域名3000份,财经商业,300,https://github.com/51chiguawang319/202609/blob/main/20260927/ZXuXu_UCsOMr.md,https://raw.githubusercontent.com/51chiguawang319/202609/main/20260927/ZXuXu_UCsOMr.md
zxWXK_jfLvMR.md,泛二级1000份,体育赛事,300,https://github.com/51chiguawang319/202609/blob/main/20260927/zxWXK_jfLvMR.md,https://raw.githubusercontent.com/51chiguawang319/202609/main/20260927/zxWXK_jfLvMR.md
ZxYcm_yYwbqs.md,泛二级1000份,科技数码,300,https://github.com/51chiguawang319/202609/blob/main/20260927/ZxYcm_yYwbqs.md,https://raw.githubusercontent.com/51chiguawang319/202609/main/20260927/ZxYcm_yYwbqs.md
ZyaEw_fJdRPy.md,主域名3000份,天气环境,300,https://github.com/51chiguawang319/202609/blob/main/20260927/ZyaEw_fJdRPy.md,https://raw.githubusercontent.com/51chiguawang319/202609/main/20260927/ZyaEw_fJdRPy.md
zYBsP_jELOSJ.md,泛二级1000份,体育赛事,300,https://github.com/51chiguawang319/202609/blob/main/20260927/zYBsP_jELOSJ.md,https://raw.githubusercontent.com/51chiguawang319/202609/main/20260927/zYBsP_jELOSJ.md
zycJt_pTEucH.md,泛二级1000份,健康医疗,300,https://github.com/51chiguawang319/202609/blob/main/20260927/zycJt_pTEucH.md,https://raw.githubusercontent.com/51chiguawang319/202609/main/20260927/zycJt_pTEucH.md
ZyDui_kNaleI.md,主域名3000份,健康医疗,300,https://github.com/51chiguawang319/202609/blob/main/20260927/ZyDui_kNaleI.md,https://raw.githubusercontent.com/51chiguawang319/202609/main/20260927/ZyDui_kNaleI.md
ZYdVs_nxAEHP.md,主域名3000份,科技数码,300,https://github.com/51chiguawang319/202609/blob/main/20260927/ZYdVs_nxAEHP.md,https://raw.githubusercontent.com/51chiguawang319/202609/main/20260927/ZYdVs_nxAEHP.md
Zyham_KmcDjG.md,主域名3000份,天气环境,300,https://github.com/51chiguawang319/202609/blob/main/20260927/Zyham_KmcDjG.md,https://raw.githubusercontent.com/51chiguawang319/202609/main/20260927/Zyham_KmcDjG.md
ZYHlV_GFzBym.md,主域名3000份,天气环境,300,https://github.com/51chiguawang319/202609/blob/main/20260927/ZYHlV_GFzBym.md,https://raw.githubusercontent.com/51chiguawang319/202609/main/20260927/ZYHlV_GFzBym.md
ZYJaq_HyNGpx.md,主域名3000份,文化娱乐,300,https://github.com/51chiguawang319/202609/blob/main/20260927/ZYJaq_HyNGpx.md,https://raw.githubusercontent.com/51chiguawang319/202609/main/20260927/ZYJaq_HyNGpx.md
ZyLiu_MCQtoa.md,泛二级1000份,财经商业,300,https://github.com/51chiguawang319/202609/blob/main/20260927/ZyLiu_MCQtoa.md,https://raw.githubusercontent.com/51chiguawang319/202609/main/20260927/ZyLiu_MCQtoa.md
ZyoTH_TbSbsN.md,主域名3000份,天气环境,300,https://github.com/51chiguawang319/202609/blob/main/20260927/ZyoTH_TbSbsN.md,https://raw.githubusercontent.com/51chiguawang319/202609/main/20260927/ZyoTH_TbSbsN.md
zyQGK_RZNrap.md,主域名3000份,健康医疗,300,https://github.com/51chiguawang319/202609/blob/main/20260927/zyQGK_RZNrap.md,https://raw.githubusercontent.com/51chiguawang319/202609/main/20260927/zyQGK_RZNrap.md
ZyqTj_fMHHmp.md,主域名3000份,健康医疗,300,https://github.com/51chiguawang319/202609/blob/main/20260927/ZyqTj_fMHHmp.md,https://raw.githubusercontent.com/51chiguawang319/202609/main/20260927/ZyqTj_fMHHmp.md
zZduU_VAnrKE.md,主域名3000份,天气环境,300,https://github.com/51chiguawang319/202609/blob/main/20260927/zZduU_VAnrKE.md,https://raw.githubusercontent.com/51chiguawang319/202609/main/20260927/zZduU_VAnrKE.md
zzJSF_tjXQlh.md,主域名3000份,财经商业,300,https://github.com/51chiguawang319/202609/blob/main/20260927/zzJSF_tjXQlh.md,https://raw.githubusercontent.com/51chiguawang319/202609/main/20260927/zzJSF_tjXQlh.md
ZzKdz_wiTPKe.md,主域名3000份,天气环境,300,https://github.com/51chiguawang319/202609/blob/main/20260927/ZzKdz_wiTPKe.md,https://raw.githubusercontent.com/51chiguawang319/202609/main/20260927/ZzKdz_wiTPKe.md
zZqkC_xPBcUo.md,泛二级1000份,体育赛事,300,https://github.com/51chiguawang319/202609/blob/main/20260927/zZqkC_xPBcUo.md,https://raw.githubusercontent.com/51chiguawang319/202609/main/20260927/zZqkC_xPBcUo.md
zzRlp_AYHamJ.md,泛二级1000份,科技数码,300,https://github.com/51chiguawang319/202609/blob/main/20260927/zzRlp_AYHamJ.md,https://raw.githubusercontent.com/51chiguawang319/202609/main/20260927/zzRlp_AYHamJ.md
zzRwI_nduAGp.md,主域名3000份,健康医疗,300,https://github.com/51chiguawang319/202609/blob/main/20260927/zzRwI_nduAGp.md,https://raw.githubusercontent.com/51chiguawang319/202609/main/20260927/zzRwI_nduAGp.md
